-- phpMyAdmin SQL Dump
-- version 4.2.12deb2+deb8u1
-- http://www.phpmyadmin.net
--
-- Host: localhost
-- Generation Time: May 28, 2016 at 04:42 PM
-- Server version: 5.5.49-0+deb8u1
-- PHP Version: 5.6.20-0+deb8u1

SET SQL_MODE = "NO_AUTO_VALUE_ON_ZERO";
SET time_zone = "+00:00";


/*!40101 SET @OLD_CHARACTER_SET_CLIENT=@@CHARACTER_SET_CLIENT */;
/*!40101 SET @OLD_CHARACTER_SET_RESULTS=@@CHARACTER_SET_RESULTS */;
/*!40101 SET @OLD_COLLATION_CONNECTION=@@COLLATION_CONNECTION */;
/*!40101 SET NAMES utf8 */;

--
-- Database: `jrpl_prod`
--
CREATE DATABASE IF NOT EXISTS `jrpl_prod` DEFAULT CHARACTER SET latin1 COLLATE latin1_swedish_ci;
USE `jrpl_prod`;

DELIMITER $$
--
-- Procedures
--
DROP PROCEDURE IF EXISTS `ViewPredictions`$$
CREATE DEFINER=`root`@`localhost` PROCEDURE `ViewPredictions`()
    NO SQL
SELECT
	IFNULL(u.`DisplayName`,CONCAT(u.`FirstName`, ' ', u.`LastName`)) AS Name
    ,COUNT(p.`PredictionID`) AS Predictions
FROM `Prediction` AS p
	RIGHT JOIN `User` AS u ON
    	u.`UserID` = p.`UserID`
    LEFT JOIN `UserRole` AS ur ON
    	ur.`UserID` = u.`UserID`
    LEFT JOIN `Role` AS r ON
    	r.`RoleID` = ur.`RoleID`
WHERE
	r.`Role` IS NULL OR
    r.`Role` NOT IN ('Mr Mean', 'Mr Median', 'Mr Mode')
GROUP BY u.`UserID`
ORDER BY COUNT(p.`PredictionID`) DESC$$

DELIMITER ;

-- --------------------------------------------------------

--
-- Table structure for table `Broadcaster`
--

DROP TABLE IF EXISTS `Broadcaster`;
CREATE TABLE IF NOT EXISTS `Broadcaster` (
`BroadcasterID` int(11) NOT NULL,
  `Name` varchar(10) NOT NULL
) ENGINE=InnoDB AUTO_INCREMENT=4 DEFAULT CHARSET=latin1;

--
-- Dumping data for table `Broadcaster`
--

INSERT INTO `Broadcaster` (`BroadcasterID`, `Name`) VALUES
(1, 'BBC'),
(2, 'ITV'),
(3, 'ITV4');

-- --------------------------------------------------------

--
-- Table structure for table `Emails`
--

DROP TABLE IF EXISTS `Emails`;
CREATE TABLE IF NOT EXISTS `Emails` (
`EmailsID` int(11) NOT NULL,
  `MatchID` int(11) NOT NULL,
  `PredictionsSent` tinyint(1) NOT NULL,
  `ResultsSent` tinyint(1) NOT NULL
) ENGINE=InnoDB AUTO_INCREMENT=49 DEFAULT CHARSET=latin1;

--
-- RELATIONS FOR TABLE `Emails`:
--   `MatchID`
--       `Match` -> `MatchID`
--

--
-- Dumping data for table `Emails`
--

INSERT INTO `Emails` (`EmailsID`, `MatchID`, `PredictionsSent`, `ResultsSent`) VALUES
(1, 1, 1, 1),
(2, 2, 1, 1),
(3, 3, 1, 1),
(4, 4, 1, 1),
(5, 5, 1, 1),
(6, 6, 1, 1),
(7, 7, 1, 1),
(8, 8, 1, 1),
(9, 9, 1, 1),
(10, 10, 1, 1),
(11, 11, 1, 1),
(12, 12, 1, 1),
(13, 13, 1, 1),
(14, 14, 1, 1),
(15, 15, 1, 1),
(16, 16, 1, 1),
(17, 17, 1, 1),
(18, 18, 1, 1),
(19, 19, 1, 1),
(20, 20, 1, 1),
(21, 21, 1, 1),
(22, 22, 1, 1),
(23, 23, 1, 1),
(24, 24, 1, 1),
(25, 25, 1, 1),
(26, 26, 1, 1),
(27, 27, 1, 1),
(28, 28, 1, 1),
(29, 29, 1, 1),
(30, 30, 1, 1),
(31, 31, 1, 1),
(32, 32, 1, 1),
(33, 33, 1, 1),
(34, 34, 1, 1),
(35, 35, 1, 1),
(36, 36, 1, 1),
(37, 37, 1, 1),
(38, 38, 1, 1),
(39, 39, 1, 1),
(40, 40, 1, 1),
(41, 41, 1, 1),
(42, 42, 1, 1),
(43, 43, 1, 1),
(44, 44, 1, 1),
(45, 45, 1, 1),
(46, 46, 1, 1),
(47, 47, 1, 1),
(48, 48, 1, 1);

-- --------------------------------------------------------

--
-- Table structure for table `Group`
--

DROP TABLE IF EXISTS `Group`;
CREATE TABLE IF NOT EXISTS `Group` (
`GroupID` int(11) NOT NULL,
  `Name` varchar(10) NOT NULL
) ENGINE=InnoDB AUTO_INCREMENT=5 DEFAULT CHARSET=latin1;

--
-- Dumping data for table `Group`
--

INSERT INTO `Group` (`GroupID`, `Name`) VALUES
(1, 'A'),
(2, 'B'),
(3, 'C'),
(4, 'D');

-- --------------------------------------------------------

--
-- Table structure for table `Match`
--

DROP TABLE IF EXISTS `Match`;
CREATE TABLE IF NOT EXISTS `Match` (
`MatchID` int(11) NOT NULL,
  `Date` date NOT NULL,
  `KickOff` time NOT NULL,
  `VenueID` int(11) NOT NULL,
  `HomeTeamID` int(11) NOT NULL,
  `AwayTeamID` int(11) NOT NULL,
  `HomeTeamPoints` int(11) DEFAULT NULL,
  `AwayTeamPoints` int(11) DEFAULT NULL,
  `ResultPostedBy` int(11) DEFAULT NULL,
  `ResultPostedOn` datetime DEFAULT NULL,
  `StageID` int(11) NOT NULL DEFAULT '1',
  `BroadcasterID` int(11) NOT NULL
) ENGINE=InnoDB AUTO_INCREMENT=49 DEFAULT CHARSET=latin1;

--
-- RELATIONS FOR TABLE `Match`:
--   `AwayTeamID`
--       `TournamentRole` -> `TournamentRoleID`
--   `BroadcasterID`
--       `Broadcaster` -> `BroadcasterID`
--   `HomeTeamID`
--       `TournamentRole` -> `TournamentRoleID`
--   `StageID`
--       `Stage` -> `StageID`
--   `ResultPostedBy`
--       `User` -> `UserID`
--   `VenueID`
--       `Venue` -> `VenueID`
--

--
-- Dumping data for table `Match`
--

INSERT INTO `Match` (`MatchID`, `Date`, `KickOff`, `VenueID`, `HomeTeamID`, `AwayTeamID`, `HomeTeamPoints`, `AwayTeamPoints`, `ResultPostedBy`, `ResultPostedOn`, `StageID`, `BroadcasterID`) VALUES
(1, '2015-09-18', '20:00:00', 11, 2, 4, 35, 11, 1, '2015-09-18 21:57:33', 1, 2),
(2, '2015-09-19', '12:00:00', 3, 13, 14, 10, 17, 1, '2015-09-19 14:07:14', 1, 2),
(3, '2015-09-19', '14:30:00', 6, 17, 19, 50, 7, 1, '2015-09-19 16:20:40', 1, 2),
(4, '2015-09-19', '16:45:00', 1, 6, 8, 32, 34, 1, '2015-09-19 18:44:57', 1, 2),
(5, '2015-09-19', '20:00:00', 11, 16, 18, 32, 10, 1, '2015-09-19 21:52:35', 1, 3),
(6, '2015-09-20', '12:00:00', 1, 7, 10, 25, 16, 1, '2015-09-20 13:51:35', 1, 2),
(7, '2015-09-20', '14:30:00', 6, 3, 5, 54, 9, 1, '2015-09-20 16:24:33', 1, 2),
(8, '2015-09-20', '16:45:00', 13, 11, 12, 26, 16, 1, '2015-09-20 18:39:56', 1, 2),
(9, '2015-09-23', '14:30:00', 3, 9, 8, 45, 10, 1, '2015-09-23 16:22:38', 1, 2),
(10, '2015-09-23', '16:45:00', 6, 1, 4, 28, 13, 1, '2015-09-23 18:46:13', 1, 2),
(11, '2015-09-23', '20:00:00', 7, 16, 20, 38, 11, 1, '2015-09-23 21:49:32', 1, 3),
(12, '2015-09-24', '20:00:00', 7, 11, 15, 58, 14, 1, '2015-09-24 21:57:42', 1, 2),
(13, '2015-09-25', '16:45:00', 3, 12, 14, 54, 9, 1, '2015-09-25 19:22:55', 1, 3),
(14, '2015-09-26', '14:30:00', 2, 18, 19, 23, 18, 1, '2015-09-26 16:24:07', 1, 2),
(15, '2015-09-26', '16:45:00', 12, 6, 7, 46, 6, 1, '2015-09-26 18:50:48', 1, 2),
(16, '2015-09-26', '20:00:00', 11, 2, 3, 25, 28, 1, '2015-09-26 21:53:57', 1, 2),
(17, '2015-09-27', '12:00:00', 12, 1, 5, 65, 3, 1, '2015-09-27 13:51:35', 1, 2),
(18, '2015-09-27', '14:30:00', 2, 9, 10, 39, 16, 1, '2015-09-27 16:19:55', 1, 2),
(19, '2015-09-27', '16:45:00', 13, 17, 20, 44, 10, 1, '2015-09-27 18:33:25', 1, 2),
(20, '2015-09-29', '16:45:00', 8, 13, 15, 35, 21, 1, '2015-09-29 18:39:33', 1, 3),
(21, '2015-10-01', '16:45:00', 6, 3, 4, 23, 13, 1, '2015-10-01 18:42:01', 1, 2),
(22, '2015-10-01', '20:00:00', 10, 16, 19, 41, 18, 1, '2015-10-01 22:03:17', 1, 3),
(23, '2015-10-02', '20:00:00', 6, 11, 14, 43, 10, 1, '2015-10-02 21:49:53', 1, 2),
(24, '2015-10-03', '14:30:00', 10, 7, 8, 5, 26, 1, '2015-10-03 16:26:17', 1, 2),
(25, '2015-10-03', '16:45:00', 9, 6, 9, 34, 16, 1, '2015-10-03 18:39:01', 1, 2),
(26, '2015-10-03', '20:00:00', 11, 2, 1, 13, 33, 1, '2015-10-03 21:51:03', 1, 2),
(27, '2015-10-04', '14:30:00', 4, 12, 13, 45, 16, 1, '2015-10-04 16:21:37', 1, 2),
(28, '2015-10-04', '16:45:00', 7, 17, 18, 16, 9, 1, '2015-10-04 18:39:03', 1, 2),
(29, '2015-10-06', '16:45:00', 4, 19, 20, 15, 17, 1, '2015-10-06 18:44:57', 1, 3),
(30, '2015-10-06', '20:00:00', 10, 4, 5, 47, 15, 1, '2015-10-06 21:49:38', 1, 3),
(31, '2015-10-07', '16:45:00', 7, 6, 10, 64, 0, 1, '2015-10-07 18:41:09', 1, 2),
(32, '2015-10-07', '20:00:00', 8, 15, 14, 16, 17, 1, '2015-10-07 22:11:43', 1, 3),
(33, '2015-10-09', '20:00:00', 9, 11, 13, 47, 9, 1, '2015-10-09 21:56:56', 1, 3),
(34, '2015-10-10', '14:30:00', 9, 7, 9, 33, 36, 1, '2015-10-10 16:26:13', 1, 2),
(35, '2015-10-10', '16:45:00', 11, 1, 3, 15, 6, 1, '2015-10-10 18:40:45', 1, 2),
(36, '2015-10-10', '20:00:00', 5, 2, 5, 60, 3, 1, '2015-10-10 21:53:56', 1, 2),
(37, '2015-10-11', '12:00:00', 4, 12, 15, 64, 19, 1, '2015-10-11 15:27:29', 1, 2),
(38, '2015-10-11', '14:30:00', 8, 18, 20, 32, 22, 1, '2015-10-11 16:29:30', 1, 2),
(39, '2015-10-11', '16:45:00', 6, 16, 17, 9, 24, 1, '2015-10-11 18:39:16', 1, 2),
(40, '2015-10-11', '20:00:00', 3, 10, 8, 18, 28, 1, '2015-10-11 21:43:19', 1, 3),
(41, '2015-10-17', '16:00:00', 11, 23, 22, 23, 19, 1, '2015-10-17 17:52:39', 2, 2),
(42, '2015-10-17', '20:00:00', 6, 25, 28, 62, 13, 1, '2015-10-17 21:46:49', 2, 2),
(43, '2015-10-18', '13:00:00', 6, 27, 26, 20, 43, 1, '2015-10-18 15:19:48', 2, 2),
(44, '2015-10-18', '16:00:00', 11, 21, 24, 35, 34, 1, '2015-10-18 18:34:02', 2, 2),
(45, '2015-10-24', '16:00:00', 11, 29, 30, 18, 20, 1, '2015-10-24 17:50:26', 3, 2),
(46, '2015-10-25', '16:00:00', 11, 31, 32, 15, 29, 1, '2015-10-25 17:53:12', 3, 2),
(47, '2015-10-30', '20:00:00', 7, 33, 34, 24, 13, 1, '2015-10-30 21:57:52', 4, 2),
(48, '2015-10-31', '16:00:00', 11, 35, 36, 34, 17, 1, '2015-10-31 17:54:07', 5, 2);

-- --------------------------------------------------------

--
-- Table structure for table `Points`
--

DROP TABLE IF EXISTS `Points`;
CREATE TABLE IF NOT EXISTS `Points` (
`PointsID` int(11) NOT NULL,
  `ScoringSystemID` int(11) NOT NULL DEFAULT '1',
  `UserID` int(11) NOT NULL,
  `MatchID` int(11) NOT NULL,
  `ResultPoints` decimal(6,2) NOT NULL,
  `ScorePoints` decimal(6,2) NOT NULL,
  `MarginPoints` decimal(6,2) NOT NULL,
  `TotalPoints` decimal(6,2) NOT NULL
) ENGINE=InnoDB AUTO_INCREMENT=2761 DEFAULT CHARSET=latin1;

--
-- RELATIONS FOR TABLE `Points`:
--   `MatchID`
--       `Match` -> `MatchID`
--   `ScoringSystemID`
--       `ScoringSystem` -> `ScoringSystemID`
--   `UserID`
--       `User` -> `UserID`
--

--
-- Dumping data for table `Points`
--

INSERT INTO `Points` (`PointsID`, `ScoringSystemID`, `UserID`, `MatchID`, `ResultPoints`, `ScorePoints`, `MarginPoints`, `TotalPoints`) VALUES
(1, 1, 1, 1, 3.00, 4.00, 1.00, 8.00),
(2, 1, 2, 1, 3.00, 4.00, 2.00, 9.00),
(3, 1, 3, 1, 3.00, 4.00, 2.00, 9.00),
(4, 1, 4, 1, 3.00, 4.00, 2.00, 9.00),
(5, 1, 5, 1, 3.00, 4.00, 3.00, 10.00),
(6, 1, 6, 1, 3.00, 3.00, 1.00, 7.00),
(7, 1, 7, 1, 3.00, 3.00, 1.00, 7.00),
(8, 1, 8, 1, 3.00, 3.00, 2.00, 8.00),
(9, 1, 9, 1, 3.00, 5.00, 2.00, 10.00),
(10, 1, 10, 1, 3.00, 2.00, -1.00, 4.00),
(11, 1, 11, 1, 3.00, 4.00, 2.00, 9.00),
(12, 1, 12, 1, 3.00, 2.00, 1.00, 6.00),
(13, 1, 13, 1, 3.00, 4.00, 2.00, 9.00),
(14, 1, 14, 1, 3.00, 2.00, 1.00, 6.00),
(15, 1, 15, 1, 3.00, 5.00, 2.00, 10.00),
(16, 1, 17, 1, 3.00, 3.00, 1.00, 7.00),
(17, 1, 18, 1, 3.00, 5.00, 2.00, 10.00),
(18, 1, 19, 1, 3.00, 4.00, 2.00, 9.00),
(19, 1, 20, 1, 3.00, 3.00, 1.00, 7.00),
(20, 1, 21, 1, 3.00, 4.00, 2.00, 9.00),
(21, 1, 22, 1, 3.00, 3.00, 1.00, 7.00),
(22, 1, 23, 1, 3.00, 0.00, 1.00, 4.00),
(23, 1, 25, 1, 3.00, 1.00, 0.00, 4.00),
(24, 1, 26, 1, 3.00, 4.00, 2.00, 9.00),
(25, 1, 27, 1, 3.00, 4.00, 2.00, 9.00),
(26, 1, 28, 1, 3.00, 4.00, 2.00, 9.00),
(27, 1, 30, 1, 3.00, 4.00, 2.00, 9.00),
(28, 1, 31, 1, 3.00, 3.00, 1.00, 7.00),
(29, 1, 32, 1, 3.00, 4.00, 2.00, 9.00),
(30, 2, 4, 1, 0.00, 0.00, 0.00, 10.91),
(31, 2, 25, 1, 0.00, 0.00, 0.00, 1.24),
(32, 2, 27, 1, 0.00, 0.00, 0.00, 10.91),
(33, 2, 7, 1, 0.00, 0.00, 0.00, 7.11),
(34, 2, 13, 1, 0.00, 0.00, 0.00, 12.72),
(35, 2, 23, 1, 0.00, 0.00, 0.00, 0.00),
(36, 2, 5, 1, 0.00, 0.00, 0.00, 12.99),
(37, 2, 10, 1, 0.00, 0.00, 0.00, 5.00),
(38, 2, 15, 1, 0.00, 0.00, 0.00, 14.48),
(39, 2, 14, 1, 0.00, 0.00, 0.00, 6.01),
(40, 2, 8, 1, 0.00, 0.00, 0.00, 8.29),
(41, 2, 21, 1, 0.00, 0.00, 0.00, 12.36),
(42, 2, 11, 1, 0.00, 0.00, 0.00, 11.93),
(43, 2, 1, 1, 0.00, 0.00, 0.00, 10.91),
(44, 2, 9, 1, 0.00, 0.00, 0.00, 12.03),
(45, 2, 20, 1, 0.00, 0.00, 0.00, 8.73),
(46, 2, 18, 1, 0.00, 0.00, 0.00, 14.48),
(47, 2, 26, 1, 0.00, 0.00, 0.00, 13.47),
(48, 2, 6, 1, 0.00, 0.00, 0.00, 8.58),
(49, 2, 30, 1, 0.00, 0.00, 0.00, 12.36),
(50, 2, 22, 1, 0.00, 0.00, 0.00, 9.54),
(51, 2, 12, 1, 0.00, 0.00, 0.00, 5.00),
(52, 2, 31, 1, 0.00, 0.00, 0.00, 7.92),
(53, 2, 17, 1, 0.00, 0.00, 0.00, 9.37),
(54, 2, 32, 1, 0.00, 0.00, 0.00, 12.72),
(55, 2, 28, 1, 0.00, 0.00, 0.00, 11.14),
(56, 2, 2, 1, 0.00, 0.00, 0.00, 12.72),
(57, 2, 3, 1, 0.00, 0.00, 0.00, 14.14),
(58, 2, 19, 1, 0.00, 0.00, 0.00, 12.99),
(59, 1, 1, 2, 0.00, 2.00, -1.00, 1.00),
(60, 1, 2, 2, 0.00, 1.00, -2.00, -1.00),
(61, 1, 3, 2, 0.00, 1.00, -2.00, -1.00),
(62, 1, 4, 2, 0.00, 1.00, -1.00, 0.00),
(63, 1, 5, 2, 0.00, 2.00, -1.00, 1.00),
(64, 1, 6, 2, 0.00, 1.00, -1.00, 0.00),
(65, 1, 7, 2, 0.00, 0.00, -3.00, -3.00),
(66, 1, 8, 2, 0.00, 0.00, -3.00, -3.00),
(67, 1, 9, 2, 0.00, 0.00, -2.00, -2.00),
(68, 1, 10, 2, 0.00, 3.00, 0.00, 3.00),
(69, 1, 11, 2, 0.00, 3.00, 0.00, 3.00),
(70, 1, 12, 2, 0.00, 0.00, -2.00, -2.00),
(71, 1, 13, 2, 0.00, 2.00, 0.00, 2.00),
(72, 1, 14, 2, 0.00, -1.00, -3.00, -4.00),
(73, 1, 15, 2, 0.00, 1.00, -2.00, -1.00),
(74, 1, 17, 2, 0.00, -1.00, -3.00, -4.00),
(75, 1, 18, 2, 0.00, 1.00, -1.00, 0.00),
(76, 1, 19, 2, 0.00, 2.00, -1.00, 1.00),
(77, 1, 20, 2, 0.00, -1.00, 0.00, -1.00),
(78, 1, 21, 2, 0.00, -2.00, -5.00, -7.00),
(79, 1, 22, 2, 0.00, 1.00, -2.00, -1.00),
(80, 1, 23, 2, 0.00, 2.00, 0.00, 2.00),
(81, 1, 25, 2, 0.00, 1.00, -1.00, 0.00),
(82, 1, 26, 2, 0.00, 1.00, -2.00, -1.00),
(83, 1, 27, 2, 0.00, 2.00, -1.00, 1.00),
(84, 1, 28, 2, 0.00, 2.00, 0.00, 2.00),
(85, 1, 30, 2, 0.00, 1.00, -2.00, -1.00),
(86, 1, 31, 2, 0.00, 2.00, -1.00, 1.00),
(87, 1, 32, 2, 0.00, 2.00, -1.00, 1.00),
(88, 2, 4, 2, 0.00, 0.00, 0.00, 11.96),
(89, 2, 25, 2, 0.00, 0.00, 0.00, 11.85),
(90, 2, 27, 2, 0.00, 0.00, 0.00, 12.76),
(91, 2, 7, 2, 0.00, 0.00, 0.00, 7.40),
(92, 2, 13, 2, 0.00, 0.00, 0.00, 12.71),
(93, 2, 23, 2, 0.00, 0.00, 0.00, 11.42),
(94, 2, 5, 2, 0.00, 0.00, 0.00, 12.42),
(95, 2, 10, 2, 0.00, 0.00, 0.00, 11.01),
(96, 2, 15, 2, 0.00, 0.00, 0.00, 10.08),
(97, 2, 14, 2, 0.00, 0.00, 0.00, 7.36),
(98, 2, 8, 2, 0.00, 0.00, 0.00, 7.09),
(99, 2, 11, 2, 0.00, 0.00, 0.00, 13.83),
(100, 2, 9, 2, 0.00, 0.00, 0.00, 8.43),
(101, 2, 1, 2, 0.00, 0.00, 0.00, 10.84),
(102, 2, 18, 2, 0.00, 0.00, 0.00, 9.75),
(103, 2, 26, 2, 0.00, 0.00, 0.00, 8.81),
(104, 2, 6, 2, 0.00, 0.00, 0.00, 12.19),
(105, 2, 30, 2, 0.00, 0.00, 0.00, 8.37),
(106, 2, 22, 2, 0.00, 0.00, 0.00, 9.52),
(107, 2, 31, 2, 0.00, 0.00, 0.00, 12.21),
(108, 2, 17, 2, 0.00, 0.00, 0.00, 6.34),
(109, 2, 12, 2, 0.00, 0.00, 0.00, 8.43),
(110, 2, 32, 2, 0.00, 0.00, 0.00, 10.84),
(111, 2, 21, 2, 0.00, 0.00, 0.00, 0.00),
(112, 2, 28, 2, 0.00, 0.00, 0.00, 13.17),
(113, 2, 2, 2, 0.00, 0.00, 0.00, 10.32),
(114, 2, 3, 2, 0.00, 0.00, 0.00, 10.32),
(115, 2, 19, 2, 0.00, 0.00, 0.00, 10.53),
(116, 1, 1, 3, 3.00, 4.00, 3.00, 10.00),
(117, 1, 2, 3, 3.00, 3.00, 1.00, 7.00),
(118, 1, 3, 3, 3.00, 4.00, 1.00, 8.00),
(119, 1, 4, 3, 3.00, 3.00, 1.00, 7.00),
(120, 1, 5, 3, 3.00, 4.00, 2.00, 9.00),
(121, 1, 6, 3, 3.00, 4.00, 1.00, 8.00),
(122, 1, 7, 3, 3.00, 4.00, 3.00, 10.00),
(123, 1, 8, 3, 3.00, 4.00, 1.00, 8.00),
(124, 1, 9, 3, 3.00, 5.00, 2.00, 10.00),
(125, 1, 10, 3, 3.00, 5.00, 2.00, 10.00),
(126, 1, 11, 3, 3.00, 4.00, 2.00, 9.00),
(127, 1, 12, 3, 3.00, 0.00, -3.00, 0.00),
(128, 1, 13, 3, 3.00, 3.00, 1.00, 7.00),
(129, 1, 14, 3, 3.00, -1.00, -2.00, 0.00),
(130, 1, 15, 3, 3.00, 5.00, 2.00, 10.00),
(131, 1, 17, 3, 3.00, 3.00, 0.00, 6.00),
(132, 1, 18, 3, 3.00, 4.00, 1.00, 8.00),
(133, 1, 19, 3, 3.00, 4.00, 3.00, 10.00),
(134, 1, 20, 3, 3.00, 4.00, 1.00, 8.00),
(135, 1, 21, 3, 3.00, 4.00, 2.00, 9.00),
(136, 1, 22, 3, 3.00, 3.00, 0.00, 6.00),
(137, 1, 23, 3, 3.00, 0.00, -2.00, 1.00),
(138, 1, 25, 3, 3.00, 0.00, -2.00, 1.00),
(139, 1, 26, 3, 3.00, 4.00, 1.00, 8.00),
(140, 1, 27, 3, 3.00, -1.00, -2.00, 0.00),
(141, 1, 28, 3, 3.00, 1.00, -2.00, 2.00),
(142, 1, 30, 3, 3.00, 0.00, -2.00, 1.00),
(143, 1, 31, 3, 3.00, 4.00, 2.00, 9.00),
(144, 1, 32, 3, 3.00, 0.00, -1.00, 2.00),
(145, 2, 4, 3, 0.00, 0.00, 0.00, 11.08),
(146, 2, 25, 3, 0.00, 0.00, 0.00, 1.85),
(147, 2, 27, 3, 0.00, 0.00, 0.00, 0.00),
(148, 2, 7, 3, 0.00, 0.00, 0.00, 15.18),
(149, 2, 13, 3, 0.00, 0.00, 0.00, 11.69),
(150, 2, 23, 3, 0.00, 0.00, 0.00, 4.14),
(151, 2, 5, 3, 0.00, 0.00, 0.00, 14.10),
(152, 2, 10, 3, 0.00, 0.00, 0.00, 14.20),
(153, 2, 15, 3, 0.00, 0.00, 0.00, 12.97),
(154, 2, 14, 3, 0.00, 0.00, 0.00, 0.00),
(155, 2, 8, 3, 0.00, 0.00, 0.00, 12.91),
(156, 2, 11, 3, 0.00, 0.00, 0.00, 12.97),
(157, 2, 9, 3, 0.00, 0.00, 0.00, 14.82),
(158, 2, 1, 3, 0.00, 0.00, 0.00, 13.44),
(159, 2, 18, 3, 0.00, 0.00, 0.00, 12.10),
(160, 2, 26, 3, 0.00, 0.00, 0.00, 12.46),
(161, 2, 6, 3, 0.00, 0.00, 0.00, 11.74),
(162, 2, 30, 3, 0.00, 0.00, 0.00, 3.08),
(163, 2, 22, 3, 0.00, 0.00, 0.00, 9.61),
(164, 2, 31, 3, 0.00, 0.00, 0.00, 15.18),
(165, 2, 17, 3, 0.00, 0.00, 0.00, 11.08),
(166, 2, 12, 3, 0.00, 0.00, 0.00, 3.81),
(167, 2, 32, 3, 0.00, 0.00, 0.00, 1.04),
(168, 2, 21, 3, 0.00, 0.00, 0.00, 14.68),
(169, 2, 28, 3, 0.00, 0.00, 0.00, 4.79),
(170, 2, 20, 3, 0.00, 0.00, 0.00, 12.46),
(171, 2, 2, 3, 0.00, 0.00, 0.00, 11.08),
(172, 2, 3, 3, 0.00, 0.00, 0.00, 12.35),
(173, 2, 19, 3, 0.00, 0.00, 0.00, 15.18),
(174, 1, 1, 4, 0.00, -1.00, -3.00, -4.00),
(175, 1, 2, 4, 0.00, -4.00, -6.00, -10.00),
(176, 1, 3, 4, 0.00, -3.00, -6.00, -9.00),
(177, 1, 4, 4, 0.00, -4.00, -7.00, -11.00),
(178, 1, 5, 4, 0.00, -4.00, -7.00, -11.00),
(179, 1, 6, 4, 0.00, -4.00, -7.00, -11.00),
(180, 1, 7, 4, 0.00, -7.00, -10.00, -17.00),
(181, 1, 8, 4, 0.00, -2.00, -4.00, -6.00),
(182, 1, 9, 4, 0.00, -10.00, -12.00, -22.00),
(183, 1, 10, 4, 0.00, -1.00, -4.00, -5.00),
(184, 1, 11, 4, 0.00, -2.00, -2.00, -4.00),
(185, 1, 12, 4, 0.00, 0.00, -2.00, -2.00),
(186, 1, 13, 4, 0.00, -3.00, -6.00, -9.00),
(187, 1, 14, 4, 0.00, -3.00, -2.00, -5.00),
(188, 1, 15, 4, 0.00, -7.00, -9.00, -16.00),
(189, 1, 17, 4, 0.00, -6.00, -8.00, -14.00),
(190, 1, 18, 4, 0.00, -5.00, -7.00, -12.00),
(191, 1, 19, 4, 0.00, -2.00, -4.00, -6.00),
(192, 1, 20, 4, 0.00, -3.00, -6.00, -9.00),
(193, 1, 21, 4, 0.00, -6.00, -9.00, -15.00),
(194, 1, 22, 4, 0.00, -1.00, -4.00, -5.00),
(195, 1, 23, 4, 0.00, 1.00, -2.00, -1.00),
(196, 1, 25, 4, 0.00, -4.00, -7.00, -11.00),
(197, 1, 26, 4, 0.00, -5.00, -8.00, -13.00),
(198, 1, 27, 4, 0.00, -2.00, -4.00, -6.00),
(199, 1, 28, 4, 0.00, -6.00, -8.00, -14.00),
(200, 1, 30, 4, 0.00, -2.00, -5.00, -7.00),
(201, 1, 31, 4, 0.00, -3.00, -6.00, -9.00),
(202, 1, 32, 4, 0.00, 0.00, -3.00, -3.00),
(203, 2, 4, 4, 0.00, 0.00, 0.00, 8.93),
(204, 2, 25, 4, 0.00, 0.00, 0.00, 9.04),
(205, 2, 27, 4, 0.00, 0.00, 0.00, 13.06),
(206, 2, 7, 4, 0.00, 0.00, 0.00, 4.10),
(207, 2, 13, 4, 0.00, 0.00, 0.00, 10.25),
(208, 2, 23, 4, 0.00, 0.00, 0.00, 15.54),
(209, 2, 5, 4, 0.00, 0.00, 0.00, 9.26),
(210, 2, 10, 4, 0.00, 0.00, 0.00, 11.88),
(211, 2, 15, 4, 0.00, 0.00, 0.00, 4.97),
(212, 2, 14, 4, 0.00, 0.00, 0.00, 9.45),
(213, 2, 8, 4, 0.00, 0.00, 0.00, 13.29),
(214, 2, 11, 4, 0.00, 0.00, 0.00, 12.11),
(215, 2, 9, 4, 0.00, 0.00, 0.00, 0.00),
(216, 2, 1, 4, 0.00, 0.00, 0.00, 14.04),
(217, 2, 18, 4, 0.00, 0.00, 0.00, 8.84),
(218, 2, 26, 4, 0.00, 0.00, 0.00, 6.95),
(219, 2, 6, 4, 0.00, 0.00, 0.00, 9.04),
(220, 2, 22, 4, 0.00, 0.00, 0.00, 11.43),
(221, 2, 31, 4, 0.00, 0.00, 0.00, 10.68),
(222, 2, 30, 4, 0.00, 0.00, 0.00, 12.27),
(223, 2, 17, 4, 0.00, 0.00, 0.00, 7.33),
(224, 2, 12, 4, 0.00, 0.00, 0.00, 15.03),
(225, 2, 32, 4, 0.00, 0.00, 0.00, 14.88),
(226, 2, 21, 4, 0.00, 0.00, 0.00, 5.15),
(227, 2, 28, 4, 0.00, 0.00, 0.00, 7.33),
(228, 2, 20, 4, 0.00, 0.00, 0.00, 11.13),
(229, 2, 2, 4, 0.00, 0.00, 0.00, 10.81),
(230, 2, 3, 4, 0.00, 0.00, 0.00, 11.04),
(231, 2, 19, 4, 0.00, 0.00, 0.00, 12.18),
(232, 1, 1, 5, 3.00, 4.00, 2.00, 9.00),
(233, 1, 2, 5, 3.00, 3.00, 0.00, 6.00),
(234, 1, 3, 5, 3.00, 3.00, 0.00, 6.00),
(235, 1, 4, 5, 3.00, 3.00, 1.00, 7.00),
(236, 1, 5, 5, 3.00, 2.00, 1.00, 6.00),
(237, 1, 6, 5, 0.00, 1.00, -2.00, -1.00),
(238, 1, 7, 5, 3.00, 2.00, -1.00, 4.00),
(239, 1, 8, 5, 3.00, 2.00, 0.00, 5.00),
(240, 1, 9, 5, 3.00, 5.00, 2.00, 10.00),
(241, 1, 10, 5, 3.00, 2.00, -1.00, 4.00),
(242, 1, 11, 5, 0.00, 0.00, -2.00, -2.00),
(243, 1, 12, 5, 3.00, 3.00, 0.00, 6.00),
(244, 1, 13, 5, 3.00, 2.00, -1.00, 4.00),
(245, 1, 14, 5, 3.00, 2.00, -1.00, 4.00),
(246, 1, 15, 5, 3.00, 5.00, 2.00, 10.00),
(247, 1, 17, 5, 3.00, 2.00, -1.00, 4.00),
(248, 1, 18, 5, 3.00, 4.00, 2.00, 9.00),
(249, 1, 19, 5, 3.00, 3.00, 0.00, 6.00),
(250, 1, 20, 5, 3.00, 2.00, 2.00, 7.00),
(251, 1, 21, 5, 3.00, 4.00, 1.00, 8.00),
(252, 1, 22, 5, 3.00, 4.00, 1.00, 8.00),
(253, 1, 23, 5, 3.00, 2.00, 0.00, 5.00),
(254, 1, 25, 5, 3.00, 3.00, 0.00, 6.00),
(255, 1, 26, 5, 3.00, 3.00, 0.00, 6.00),
(256, 1, 27, 5, 3.00, 3.00, 1.00, 7.00),
(257, 1, 28, 5, 3.00, 2.00, 0.00, 5.00),
(258, 1, 30, 5, 3.00, 1.00, -1.00, 3.00),
(259, 1, 31, 5, 3.00, 3.00, 0.00, 6.00),
(260, 1, 32, 5, 3.00, 4.00, 1.00, 8.00),
(261, 2, 4, 5, 0.00, 0.00, 0.00, 13.09),
(262, 2, 25, 5, 0.00, 0.00, 0.00, 9.46),
(263, 2, 27, 5, 0.00, 0.00, 0.00, 12.72),
(264, 2, 7, 5, 0.00, 0.00, 0.00, 7.65),
(265, 2, 13, 5, 0.00, 0.00, 0.00, 7.69),
(266, 2, 23, 5, 0.00, 0.00, 0.00, 9.12),
(267, 2, 5, 5, 0.00, 0.00, 0.00, 8.70),
(268, 2, 10, 5, 0.00, 0.00, 0.00, 6.72),
(269, 2, 15, 5, 0.00, 0.00, 0.00, 15.83),
(270, 2, 14, 5, 0.00, 0.00, 0.00, 8.43),
(271, 2, 8, 5, 0.00, 0.00, 0.00, 9.76),
(272, 2, 11, 5, 0.00, 0.00, 0.00, 2.59),
(273, 2, 9, 5, 0.00, 0.00, 0.00, 17.85),
(274, 2, 1, 5, 0.00, 0.00, 0.00, 16.23),
(275, 2, 18, 5, 0.00, 0.00, 0.00, 16.23),
(276, 2, 26, 5, 0.00, 0.00, 0.00, 10.33),
(277, 2, 6, 5, 0.00, 0.00, 0.00, 0.00),
(278, 2, 22, 5, 0.00, 0.00, 0.00, 9.76),
(279, 2, 31, 5, 0.00, 0.00, 0.00, 8.56),
(280, 2, 30, 5, 0.00, 0.00, 0.00, 0.55),
(281, 2, 17, 5, 0.00, 0.00, 0.00, 7.69),
(282, 2, 12, 5, 0.00, 0.00, 0.00, 10.83),
(283, 2, 32, 5, 0.00, 0.00, 0.00, 14.43),
(284, 2, 21, 5, 0.00, 0.00, 0.00, 13.80),
(285, 2, 28, 5, 0.00, 0.00, 0.00, 8.56),
(286, 2, 20, 5, 0.00, 0.00, 0.00, 9.12),
(287, 2, 2, 5, 0.00, 0.00, 0.00, 11.97),
(288, 2, 3, 5, 0.00, 0.00, 0.00, 11.17),
(289, 2, 19, 5, 0.00, 0.00, 0.00, 11.17),
(290, 1, 1, 6, 3.00, 4.00, 2.00, 9.00),
(291, 1, 2, 6, 3.00, 4.00, 2.00, 9.00),
(292, 1, 3, 6, 3.00, 4.00, 3.00, 10.00),
(293, 1, 4, 6, 3.00, 2.00, 1.00, 6.00),
(294, 1, 5, 6, 3.00, 4.00, 1.00, 8.00),
(295, 1, 6, 6, 3.00, 0.00, 2.00, 5.00),
(296, 1, 7, 6, 3.00, 3.00, 1.00, 7.00),
(297, 1, 8, 6, 3.00, 4.00, 1.00, 8.00),
(298, 1, 9, 6, 0.00, 3.00, 0.00, 3.00),
(299, 1, 10, 6, 3.00, 4.00, 3.00, 10.00),
(300, 1, 11, 6, 3.00, 4.00, 3.00, 10.00),
(301, 1, 12, 6, 3.00, 2.00, -1.00, 4.00),
(302, 1, 13, 6, 3.00, 5.00, 2.00, 10.00),
(303, 1, 14, 6, 3.00, 3.00, 2.00, 8.00),
(304, 1, 15, 6, 3.00, 2.00, -1.00, 4.00),
(305, 1, 17, 6, 3.00, 3.00, 1.00, 7.00),
(306, 1, 18, 6, 3.00, 3.00, 0.00, 6.00),
(307, 1, 19, 6, 3.00, 4.00, 2.00, 9.00),
(308, 1, 20, 6, 3.00, 3.00, 2.00, 8.00),
(309, 1, 21, 6, 3.00, 3.00, 2.00, 8.00),
(310, 1, 22, 6, 3.00, 3.00, 1.00, 7.00),
(311, 1, 23, 6, 3.00, 1.00, 2.00, 6.00),
(312, 1, 25, 6, 3.00, 3.00, 1.00, 7.00),
(313, 1, 26, 6, 3.00, 3.00, 0.00, 6.00),
(314, 1, 27, 6, 3.00, 4.00, 3.00, 10.00),
(315, 1, 28, 6, 3.00, 3.00, 0.00, 6.00),
(316, 1, 30, 6, 3.00, 4.00, 1.00, 8.00),
(317, 1, 31, 6, 3.00, 5.00, 2.00, 10.00),
(318, 1, 32, 6, 3.00, 4.00, 3.00, 10.00),
(319, 2, 4, 6, 0.00, 0.00, 0.00, 6.20),
(320, 2, 25, 6, 0.00, 0.00, 0.00, 7.25),
(321, 2, 27, 6, 0.00, 0.00, 0.00, 14.73),
(322, 2, 7, 6, 0.00, 0.00, 0.00, 10.80),
(323, 2, 23, 6, 0.00, 0.00, 0.00, 4.34),
(324, 2, 5, 6, 0.00, 0.00, 0.00, 12.47),
(325, 2, 10, 6, 0.00, 0.00, 0.00, 13.60),
(326, 2, 15, 6, 0.00, 0.00, 0.00, 6.54),
(327, 2, 14, 6, 0.00, 0.00, 0.00, 10.04),
(328, 2, 8, 6, 0.00, 0.00, 0.00, 11.86),
(329, 2, 9, 6, 0.00, 0.00, 0.00, 7.25),
(330, 2, 1, 6, 0.00, 0.00, 0.00, 12.98),
(331, 2, 18, 6, 0.00, 0.00, 0.00, 9.62),
(332, 2, 26, 6, 0.00, 0.00, 0.00, 7.99),
(333, 2, 6, 6, 0.00, 0.00, 0.00, 0.00),
(334, 2, 22, 6, 0.00, 0.00, 0.00, 9.42),
(335, 2, 31, 6, 0.00, 0.00, 0.00, 11.86),
(336, 2, 30, 6, 0.00, 0.00, 0.00, 11.34),
(337, 2, 11, 6, 0.00, 0.00, 0.00, 13.60),
(338, 2, 17, 6, 0.00, 0.00, 0.00, 10.21),
(339, 2, 12, 6, 0.00, 0.00, 0.00, 3.85),
(340, 2, 32, 6, 0.00, 0.00, 0.00, 11.34),
(341, 2, 21, 6, 0.00, 0.00, 0.00, 9.62),
(342, 2, 20, 6, 0.00, 0.00, 0.00, 11.00),
(343, 2, 13, 6, 0.00, 0.00, 0.00, 13.46),
(344, 2, 28, 6, 0.00, 0.00, 0.00, 6.92),
(345, 2, 2, 6, 0.00, 0.00, 0.00, 14.07),
(346, 2, 3, 6, 0.00, 0.00, 0.00, 13.60),
(347, 2, 19, 6, 0.00, 0.00, 0.00, 14.07),
(348, 1, 1, 7, 3.00, 5.00, 2.00, 10.00),
(349, 1, 2, 7, 3.00, 4.00, 3.00, 10.00),
(350, 1, 3, 7, 3.00, 4.00, 2.00, 9.00),
(351, 1, 4, 7, 3.00, -1.00, -3.00, -1.00),
(352, 1, 5, 7, 3.00, 1.00, -2.00, 2.00),
(353, 1, 6, 7, 3.00, 4.00, 2.00, 9.00),
(354, 1, 7, 7, 3.00, 2.00, 0.00, 5.00),
(355, 1, 8, 7, 3.00, -2.00, -4.00, -3.00),
(356, 1, 9, 7, 3.00, 0.00, -2.00, 1.00),
(357, 1, 10, 7, 3.00, -2.00, -4.00, -3.00),
(358, 1, 11, 7, 3.00, 0.00, -2.00, 1.00),
(359, 1, 12, 7, 3.00, -1.00, -1.00, 1.00),
(360, 1, 13, 7, 3.00, 1.00, -2.00, 2.00),
(361, 1, 14, 7, 3.00, 3.00, 2.00, 8.00),
(362, 1, 15, 7, 3.00, -1.00, -3.00, -1.00),
(363, 1, 17, 7, 3.00, 2.00, -1.00, 4.00),
(364, 1, 18, 7, 3.00, 0.00, -2.00, 1.00),
(365, 1, 19, 7, 3.00, 4.00, 2.00, 9.00),
(366, 1, 20, 7, 3.00, 2.00, 0.00, 5.00),
(367, 1, 21, 7, 3.00, 4.00, 2.00, 9.00),
(368, 1, 22, 7, 3.00, 3.00, 0.00, 6.00),
(369, 1, 23, 7, 3.00, -1.00, -2.00, 0.00),
(370, 1, 25, 7, 3.00, -2.00, -5.00, -4.00),
(371, 1, 26, 7, 3.00, 4.00, 2.00, 9.00),
(372, 1, 27, 7, 3.00, -2.00, -5.00, -4.00),
(373, 1, 28, 7, 3.00, 1.00, -2.00, 2.00),
(374, 1, 30, 7, 3.00, 4.00, 1.00, 8.00),
(375, 1, 31, 7, 3.00, 5.00, 2.00, 10.00),
(376, 1, 32, 7, 3.00, 1.00, -2.00, 2.00),
(377, 2, 4, 7, 0.00, 0.00, 0.00, 4.60),
(378, 2, 25, 7, 0.00, 0.00, 0.00, 0.00),
(379, 2, 27, 7, 0.00, 0.00, 0.00, 2.26),
(380, 2, 7, 7, 0.00, 0.00, 0.00, 11.93),
(381, 2, 23, 7, 0.00, 0.00, 0.00, 4.60),
(382, 2, 5, 7, 0.00, 0.00, 0.00, 7.57),
(383, 2, 10, 7, 0.00, 0.00, 0.00, 3.27),
(384, 2, 15, 7, 0.00, 0.00, 0.00, 4.06),
(385, 2, 14, 7, 0.00, 0.00, 0.00, 14.49),
(386, 2, 8, 7, 0.00, 0.00, 0.00, 4.26),
(387, 2, 9, 7, 0.00, 0.00, 0.00, 9.18),
(388, 2, 1, 7, 0.00, 0.00, 0.00, 15.36),
(389, 2, 18, 7, 0.00, 0.00, 0.00, 9.18),
(390, 2, 26, 7, 0.00, 0.00, 0.00, 16.31),
(391, 2, 6, 7, 0.00, 0.00, 0.00, 16.08),
(392, 2, 22, 7, 0.00, 0.00, 0.00, 12.29),
(393, 2, 31, 7, 0.00, 0.00, 0.00, 15.88),
(394, 2, 30, 7, 0.00, 0.00, 0.00, 14.34),
(395, 2, 11, 7, 0.00, 0.00, 0.00, 7.72),
(396, 2, 17, 7, 0.00, 0.00, 0.00, 9.98),
(397, 2, 12, 7, 0.00, 0.00, 0.00, 5.26),
(398, 2, 32, 7, 0.00, 0.00, 0.00, 8.49),
(399, 2, 21, 7, 0.00, 0.00, 0.00, 16.08),
(400, 2, 20, 7, 0.00, 0.00, 0.00, 12.39),
(401, 2, 13, 7, 0.00, 0.00, 0.00, 8.49),
(402, 2, 28, 7, 0.00, 0.00, 0.00, 5.64),
(403, 2, 2, 7, 0.00, 0.00, 0.00, 17.20),
(404, 2, 3, 7, 0.00, 0.00, 0.00, 16.78),
(405, 2, 19, 7, 0.00, 0.00, 0.00, 16.31),
(406, 1, 1, 8, 3.00, 1.00, -2.00, 2.00),
(407, 1, 2, 8, 3.00, 3.00, 0.00, 6.00),
(408, 1, 3, 8, 3.00, 3.00, 0.00, 6.00),
(409, 1, 4, 8, 3.00, 3.00, 1.00, 7.00),
(410, 1, 5, 8, 3.00, 3.00, 1.00, 7.00),
(411, 1, 6, 8, 3.00, 3.00, 0.00, 6.00),
(412, 1, 7, 8, 3.00, 1.00, -2.00, 2.00),
(413, 1, 8, 8, 3.00, -4.00, -7.00, -8.00),
(414, 1, 9, 8, 3.00, 1.00, -1.00, 3.00),
(415, 1, 10, 8, 3.00, 3.00, 0.00, 6.00),
(416, 1, 11, 8, 3.00, 1.00, 2.00, 6.00),
(417, 1, 12, 8, 3.00, 3.00, 1.00, 7.00),
(418, 1, 13, 8, 3.00, 3.00, 1.00, 7.00),
(419, 1, 14, 8, 3.00, 4.00, 1.00, 8.00),
(420, 1, 15, 8, 3.00, 1.00, -1.00, 3.00),
(421, 1, 17, 8, 3.00, 0.00, -2.00, 1.00),
(422, 1, 18, 8, 3.00, 2.00, -1.00, 4.00),
(423, 1, 19, 8, 3.00, 3.00, 0.00, 6.00),
(424, 1, 20, 8, 3.00, 3.00, 2.00, 8.00),
(425, 1, 21, 8, 3.00, 1.00, -2.00, 2.00),
(426, 1, 22, 8, 3.00, 1.00, -2.00, 2.00),
(427, 1, 23, 8, 3.00, 4.00, 3.00, 10.00),
(428, 1, 25, 8, 3.00, 4.00, 1.00, 8.00),
(429, 1, 26, 8, 3.00, 3.00, 0.00, 6.00),
(430, 1, 27, 8, 3.00, 2.00, 2.00, 7.00),
(431, 1, 28, 8, 3.00, 2.00, -1.00, 4.00),
(432, 1, 30, 8, 3.00, 2.00, 1.00, 6.00),
(433, 1, 31, 8, 3.00, -1.00, -3.00, -1.00),
(434, 1, 32, 8, 3.00, 4.00, 2.00, 9.00),
(435, 2, 4, 8, 0.00, 0.00, 0.00, 11.55),
(436, 2, 25, 8, 0.00, 0.00, 0.00, 10.99),
(437, 2, 27, 8, 0.00, 0.00, 0.00, 10.09),
(438, 2, 7, 8, 0.00, 0.00, 0.00, 8.93),
(439, 2, 23, 8, 0.00, 0.00, 0.00, 13.29),
(440, 2, 5, 8, 0.00, 0.00, 0.00, 12.17),
(441, 2, 10, 8, 0.00, 0.00, 0.00, 11.04),
(442, 2, 15, 8, 0.00, 0.00, 0.00, 10.18),
(443, 2, 14, 8, 0.00, 0.00, 0.00, 11.63),
(444, 2, 8, 8, 0.00, 0.00, 0.00, 0.00),
(445, 2, 9, 8, 0.00, 0.00, 0.00, 9.89),
(446, 2, 1, 8, 0.00, 0.00, 0.00, 8.20),
(447, 2, 18, 8, 0.00, 0.00, 0.00, 10.54),
(448, 2, 26, 8, 0.00, 0.00, 0.00, 10.89),
(449, 2, 6, 8, 0.00, 0.00, 0.00, 11.17),
(450, 2, 22, 8, 0.00, 0.00, 0.00, 7.96),
(451, 2, 31, 8, 0.00, 0.00, 0.00, 7.09),
(452, 2, 30, 8, 0.00, 0.00, 0.00, 9.12),
(453, 2, 11, 8, 0.00, 0.00, 0.00, 9.57),
(454, 2, 17, 8, 0.00, 0.00, 0.00, 7.12),
(455, 2, 12, 8, 0.00, 0.00, 0.00, 11.29),
(456, 2, 32, 8, 0.00, 0.00, 0.00, 13.29),
(457, 2, 21, 8, 0.00, 0.00, 0.00, 7.13),
(458, 2, 20, 8, 0.00, 0.00, 0.00, 12.25),
(459, 2, 13, 8, 0.00, 0.00, 0.00, 11.55),
(460, 2, 28, 8, 0.00, 0.00, 0.00, 10.14),
(461, 2, 2, 8, 0.00, 0.00, 0.00, 10.85),
(462, 2, 3, 8, 0.00, 0.00, 0.00, 11.04),
(463, 2, 19, 8, 0.00, 0.00, 0.00, 11.04),
(464, 1, 1, 9, 3.00, 0.00, -3.00, 0.00),
(465, 1, 2, 9, 3.00, 0.00, -3.00, 0.00),
(466, 1, 3, 9, 3.00, 1.00, -2.00, 2.00),
(467, 1, 4, 9, 3.00, 2.00, 0.00, 5.00),
(468, 1, 5, 9, 3.00, 0.00, -2.00, 1.00),
(469, 1, 6, 9, 3.00, -2.00, -1.00, 0.00),
(470, 1, 7, 9, 3.00, -1.00, -3.00, -1.00),
(471, 1, 8, 9, 3.00, -1.00, -4.00, -2.00),
(472, 1, 9, 9, 3.00, 3.00, 0.00, 6.00),
(473, 1, 10, 9, 3.00, 0.00, -3.00, 0.00),
(474, 1, 11, 9, 3.00, 0.00, -2.00, 1.00),
(475, 1, 12, 9, 0.00, -3.00, -5.00, -8.00),
(476, 1, 13, 9, 3.00, 0.00, -3.00, 0.00),
(477, 1, 14, 9, 3.00, -1.00, -3.00, -1.00),
(478, 1, 15, 9, 3.00, 3.00, 0.00, 6.00),
(479, 1, 17, 9, 0.00, -6.00, -4.00, -10.00),
(480, 1, 18, 9, 3.00, 0.00, -3.00, 0.00),
(481, 1, 19, 9, 3.00, -1.00, -3.00, -1.00),
(482, 1, 20, 9, 3.00, 1.00, -2.00, 2.00),
(483, 1, 21, 9, 0.00, -3.00, -6.00, -9.00),
(484, 1, 22, 9, 3.00, 0.00, -3.00, 0.00),
(485, 1, 23, 9, 0.00, -6.00, -4.00, -10.00),
(486, 1, 25, 9, 3.00, -1.00, -3.00, -1.00),
(487, 1, 26, 9, 3.00, 1.00, -1.00, 3.00),
(488, 1, 27, 9, 3.00, 0.00, -2.00, 1.00),
(489, 1, 28, 9, 3.00, 1.00, -2.00, 2.00),
(490, 1, 30, 9, 3.00, 1.00, -1.00, 3.00),
(491, 1, 31, 9, 3.00, 0.00, -3.00, 0.00),
(492, 1, 32, 9, 3.00, 0.00, -2.00, 1.00),
(493, 2, 25, 9, 0.00, 0.00, 0.00, 1.84),
(494, 2, 27, 9, 0.00, 0.00, 0.00, 11.15),
(495, 2, 7, 9, 0.00, 0.00, 0.00, 1.58),
(496, 2, 5, 9, 0.00, 0.00, 0.00, 13.01),
(497, 2, 10, 9, 0.00, 0.00, 0.00, 6.89),
(498, 2, 15, 9, 0.00, 0.00, 0.00, 21.92),
(499, 2, 8, 9, 0.00, 0.00, 0.00, 2.61),
(500, 2, 9, 9, 0.00, 0.00, 0.00, 17.51),
(501, 2, 1, 9, 0.00, 0.00, 0.00, 6.74),
(502, 2, 26, 9, 0.00, 0.00, 0.00, 14.26),
(503, 2, 6, 9, 0.00, 0.00, 0.00, 4.06),
(504, 2, 30, 9, 0.00, 0.00, 0.00, 16.17),
(505, 2, 11, 9, 0.00, 0.00, 0.00, 14.70),
(506, 2, 12, 9, 0.00, 0.00, 0.00, 1.89),
(507, 2, 32, 9, 0.00, 0.00, 0.00, 15.39),
(508, 2, 20, 9, 0.00, 0.00, 0.00, 14.94),
(509, 2, 13, 9, 0.00, 0.00, 0.00, 8.03),
(510, 2, 28, 9, 0.00, 0.00, 0.00, 11.88),
(511, 2, 14, 9, 0.00, 0.00, 0.00, 4.91),
(512, 2, 21, 9, 0.00, 0.00, 0.00, 0.00),
(513, 2, 4, 9, 0.00, 0.00, 0.00, 22.72),
(514, 2, 22, 9, 0.00, 0.00, 0.00, 8.03),
(515, 2, 18, 9, 0.00, 0.00, 0.00, 10.68),
(516, 2, 31, 9, 0.00, 0.00, 0.00, 11.75),
(517, 2, 2, 9, 0.00, 0.00, 0.00, 10.64),
(518, 2, 3, 9, 0.00, 0.00, 0.00, 11.88),
(519, 2, 19, 9, 0.00, 0.00, 0.00, 4.81),
(520, 1, 1, 10, 3.00, 5.00, 2.00, 10.00),
(521, 1, 2, 10, 3.00, 3.00, 1.00, 7.00),
(522, 1, 3, 10, 3.00, 4.00, 1.00, 8.00),
(523, 1, 4, 10, 0.00, -3.00, 0.00, -3.00),
(524, 1, 5, 10, 3.00, 0.00, 1.00, 4.00),
(525, 1, 6, 10, 3.00, 4.00, 2.00, 9.00),
(526, 1, 7, 10, 3.00, 2.00, -1.00, 4.00),
(527, 1, 8, 10, 3.00, -1.00, -1.00, 1.00),
(528, 1, 9, 10, 3.00, 3.00, 0.00, 6.00),
(529, 1, 10, 10, 3.00, 3.00, 2.00, 8.00),
(530, 1, 11, 10, 3.00, 2.00, 1.00, 6.00),
(531, 1, 12, 10, 3.00, 2.00, 0.00, 5.00),
(532, 1, 13, 10, 3.00, 4.00, 1.00, 8.00),
(533, 1, 14, 10, 3.00, 3.00, 2.00, 8.00),
(534, 1, 15, 10, 3.00, 1.00, -1.00, 3.00),
(535, 1, 17, 10, 3.00, 2.00, 1.00, 6.00),
(536, 1, 18, 10, 3.00, 3.00, 1.00, 7.00),
(537, 1, 19, 10, 3.00, 3.00, 0.00, 6.00),
(538, 1, 20, 10, 3.00, 4.00, 3.00, 10.00),
(539, 1, 21, 10, 3.00, 5.00, 2.00, 10.00),
(540, 1, 22, 10, 3.00, 2.00, 1.00, 6.00),
(541, 1, 23, 10, 3.00, 3.00, 2.00, 8.00),
(542, 1, 25, 10, 3.00, 4.00, 3.00, 10.00),
(543, 1, 26, 10, 3.00, 5.00, 2.00, 10.00),
(544, 1, 27, 10, 3.00, 1.00, 0.00, 4.00),
(545, 1, 28, 10, 3.00, 3.00, 0.00, 6.00),
(546, 1, 30, 10, 3.00, -1.00, 1.00, 3.00),
(547, 1, 31, 10, 3.00, 3.00, 0.00, 6.00),
(548, 1, 32, 10, 3.00, 3.00, 1.00, 7.00),
(549, 2, 25, 10, 0.00, 0.00, 0.00, 16.22),
(550, 2, 27, 10, 0.00, 0.00, 0.00, 5.01),
(551, 2, 7, 10, 0.00, 0.00, 0.00, 7.47),
(552, 2, 5, 10, 0.00, 0.00, 0.00, 4.55),
(553, 2, 15, 10, 0.00, 0.00, 0.00, 5.32),
(554, 2, 8, 10, 0.00, 0.00, 0.00, 0.00),
(555, 2, 9, 10, 0.00, 0.00, 0.00, 10.28),
(556, 2, 1, 10, 0.00, 0.00, 0.00, 13.76),
(557, 2, 26, 10, 0.00, 0.00, 0.00, 15.13),
(558, 2, 6, 10, 0.00, 0.00, 0.00, 12.79),
(559, 2, 11, 10, 0.00, 0.00, 0.00, 8.50),
(560, 2, 12, 10, 0.00, 0.00, 0.00, 8.69),
(561, 2, 32, 10, 0.00, 0.00, 0.00, 12.33),
(562, 2, 30, 10, 0.00, 0.00, 0.00, 2.69),
(563, 2, 20, 10, 0.00, 0.00, 0.00, 15.25),
(564, 2, 13, 10, 0.00, 0.00, 0.00, 12.38),
(565, 2, 28, 10, 0.00, 0.00, 0.00, 10.28),
(566, 2, 10, 10, 0.00, 0.00, 0.00, 12.19),
(567, 2, 14, 10, 0.00, 0.00, 0.00, 11.82),
(568, 2, 21, 10, 0.00, 0.00, 0.00, 15.13),
(569, 2, 22, 10, 0.00, 0.00, 0.00, 9.51),
(570, 2, 18, 10, 0.00, 0.00, 0.00, 11.96),
(571, 2, 31, 10, 0.00, 0.00, 0.00, 8.94),
(572, 2, 17, 10, 0.00, 0.00, 0.00, 9.15),
(573, 2, 23, 10, 0.00, 0.00, 0.00, 10.42),
(574, 2, 2, 10, 0.00, 0.00, 0.00, 11.65),
(575, 2, 3, 10, 0.00, 0.00, 0.00, 10.32),
(576, 2, 19, 10, 0.00, 0.00, 0.00, 8.25),
(577, 1, 1, 11, 3.00, 5.00, 2.00, 10.00),
(578, 1, 2, 11, 3.00, 4.00, 1.00, 8.00),
(579, 1, 3, 11, 3.00, 4.00, 1.00, 8.00),
(580, 1, 4, 11, 3.00, 2.00, 0.00, 5.00),
(581, 1, 5, 11, 3.00, 1.00, -1.00, 3.00),
(582, 1, 6, 11, 3.00, 2.00, -1.00, 4.00),
(583, 1, 7, 11, 3.00, 2.00, 0.00, 5.00),
(584, 1, 8, 11, 3.00, 4.00, 2.00, 9.00),
(585, 1, 9, 11, 3.00, 1.00, -1.00, 3.00),
(586, 1, 10, 11, 3.00, 4.00, 2.00, 9.00),
(587, 1, 11, 11, 3.00, 3.00, 0.00, 6.00),
(588, 1, 12, 11, 3.00, 4.00, 2.00, 9.00),
(589, 1, 13, 11, 3.00, 2.00, -1.00, 4.00),
(590, 1, 14, 11, 3.00, 4.00, 1.00, 8.00),
(591, 1, 15, 11, 3.00, -1.00, -4.00, -2.00),
(592, 1, 17, 11, 3.00, 3.00, 1.00, 7.00),
(593, 1, 18, 11, 3.00, 4.00, 1.00, 8.00),
(594, 1, 19, 11, 3.00, 3.00, 0.00, 6.00),
(595, 1, 20, 11, 3.00, 4.00, 1.00, 8.00),
(596, 1, 21, 11, 3.00, 3.00, 1.00, 7.00),
(597, 1, 22, 11, 3.00, 2.00, 0.00, 5.00),
(598, 1, 23, 11, 3.00, 4.00, 2.00, 9.00),
(599, 1, 25, 11, 3.00, 0.00, 1.00, 4.00),
(600, 1, 26, 11, 3.00, 4.00, 2.00, 9.00),
(601, 1, 27, 11, 3.00, 1.00, -2.00, 2.00),
(602, 1, 28, 11, 3.00, 4.00, 1.00, 8.00),
(603, 1, 30, 11, 3.00, 1.00, 0.00, 4.00),
(604, 1, 31, 11, 3.00, 4.00, 2.00, 9.00),
(605, 1, 32, 11, 3.00, 3.00, 0.00, 6.00),
(606, 2, 25, 11, 0.00, 0.00, 0.00, 4.41),
(607, 2, 27, 11, 0.00, 0.00, 0.00, 5.53),
(608, 2, 7, 11, 0.00, 0.00, 0.00, 7.56),
(609, 2, 5, 11, 0.00, 0.00, 0.00, 5.92),
(610, 2, 15, 11, 0.00, 0.00, 0.00, 0.00),
(611, 2, 8, 11, 0.00, 0.00, 0.00, 12.53),
(612, 2, 9, 11, 0.00, 0.00, 0.00, 7.97),
(613, 2, 1, 11, 0.00, 0.00, 0.00, 12.75),
(614, 2, 26, 11, 0.00, 0.00, 0.00, 13.54),
(615, 2, 6, 11, 0.00, 0.00, 0.00, 7.56),
(616, 2, 11, 11, 0.00, 0.00, 0.00, 8.21),
(617, 2, 12, 11, 0.00, 0.00, 0.00, 13.54),
(618, 2, 32, 11, 0.00, 0.00, 0.00, 11.01),
(619, 2, 30, 11, 0.00, 0.00, 0.00, 6.43),
(620, 2, 13, 11, 0.00, 0.00, 0.00, 7.46),
(621, 2, 28, 11, 0.00, 0.00, 0.00, 12.53),
(622, 2, 10, 11, 0.00, 0.00, 0.00, 14.32),
(623, 2, 14, 11, 0.00, 0.00, 0.00, 11.95),
(624, 2, 21, 11, 0.00, 0.00, 0.00, 10.90),
(625, 2, 22, 11, 0.00, 0.00, 0.00, 8.56),
(626, 2, 18, 11, 0.00, 0.00, 0.00, 12.53),
(627, 2, 20, 11, 0.00, 0.00, 0.00, 12.75),
(628, 2, 31, 11, 0.00, 0.00, 0.00, 13.54),
(629, 2, 17, 11, 0.00, 0.00, 0.00, 9.88),
(630, 2, 23, 11, 0.00, 0.00, 0.00, 13.79),
(631, 2, 4, 11, 0.00, 0.00, 0.00, 8.56),
(632, 2, 2, 11, 0.00, 0.00, 0.00, 12.53),
(633, 2, 3, 11, 0.00, 0.00, 0.00, 13.05),
(634, 2, 19, 11, 0.00, 0.00, 0.00, 10.70),
(635, 1, 1, 12, 3.00, 0.00, -3.00, 0.00),
(636, 1, 2, 12, 3.00, 2.00, -1.00, 4.00),
(637, 1, 3, 12, 3.00, 2.00, -1.00, 4.00),
(638, 1, 4, 12, 3.00, -2.00, -4.00, -3.00),
(639, 1, 5, 12, 3.00, -5.00, -7.00, -9.00),
(640, 1, 6, 12, 3.00, 0.00, -3.00, 0.00),
(641, 1, 7, 12, 3.00, 1.00, -2.00, 2.00),
(642, 1, 8, 12, 3.00, 4.00, 2.00, 9.00),
(643, 1, 9, 12, 3.00, -4.00, -6.00, -7.00),
(644, 1, 10, 12, 3.00, 4.00, 2.00, 9.00),
(645, 1, 11, 12, 3.00, 4.00, 2.00, 9.00),
(646, 1, 12, 12, 3.00, 3.00, 2.00, 8.00),
(647, 1, 13, 12, 3.00, 3.00, 1.00, 7.00),
(648, 1, 14, 12, 3.00, 1.00, 2.00, 6.00),
(649, 1, 15, 12, 3.00, -1.00, -3.00, -1.00),
(650, 1, 17, 12, 3.00, 2.00, 0.00, 5.00),
(651, 1, 18, 12, 3.00, 1.00, 2.00, 6.00),
(652, 1, 19, 12, 3.00, 3.00, 2.00, 8.00),
(653, 1, 20, 12, 0.00, -9.00, -6.00, -15.00),
(654, 1, 21, 12, 3.00, 3.00, 2.00, 8.00),
(655, 1, 22, 12, 3.00, 2.00, -1.00, 4.00),
(656, 1, 23, 12, 3.00, 4.00, 1.00, 8.00),
(657, 1, 25, 12, 3.00, 0.00, -2.00, 1.00),
(658, 1, 26, 12, 3.00, 1.00, -2.00, 2.00),
(659, 1, 27, 12, 3.00, 0.00, -3.00, 0.00),
(660, 1, 28, 12, 3.00, 2.00, 0.00, 5.00),
(661, 1, 30, 12, 3.00, 2.00, -1.00, 4.00),
(662, 1, 31, 12, 3.00, -2.00, -5.00, -4.00),
(663, 1, 32, 12, 3.00, -3.00, -6.00, -6.00),
(664, 2, 25, 12, 0.00, 0.00, 0.00, 9.81),
(665, 2, 27, 12, 0.00, 0.00, 0.00, 7.72),
(666, 2, 7, 12, 0.00, 0.00, 0.00, 10.35),
(667, 2, 5, 12, 0.00, 0.00, 0.00, 1.33),
(668, 2, 15, 12, 0.00, 0.00, 0.00, 7.53),
(669, 2, 8, 12, 0.00, 0.00, 0.00, 15.09),
(670, 2, 9, 12, 0.00, 0.00, 0.00, 3.21),
(671, 2, 1, 12, 0.00, 0.00, 0.00, 7.89),
(672, 2, 26, 12, 0.00, 0.00, 0.00, 10.51),
(673, 2, 6, 12, 0.00, 0.00, 0.00, 9.26),
(674, 2, 11, 12, 0.00, 0.00, 0.00, 14.75),
(675, 2, 12, 12, 0.00, 0.00, 0.00, 12.80),
(676, 2, 32, 12, 0.00, 0.00, 0.00, 0.00),
(677, 2, 30, 12, 0.00, 0.00, 0.00, 11.22),
(678, 2, 10, 12, 0.00, 0.00, 0.00, 14.54),
(679, 2, 14, 12, 0.00, 0.00, 0.00, 10.84),
(680, 2, 28, 12, 0.00, 0.00, 0.00, 12.11),
(681, 2, 22, 12, 0.00, 0.00, 0.00, 11.53),
(682, 2, 18, 12, 0.00, 0.00, 0.00, 11.38),
(683, 2, 13, 12, 0.00, 0.00, 0.00, 12.95),
(684, 2, 17, 12, 0.00, 0.00, 0.00, 12.88),
(685, 2, 31, 12, 0.00, 0.00, 0.00, 4.68),
(686, 2, 23, 12, 0.00, 0.00, 0.00, 12.58),
(687, 2, 21, 12, 0.00, 0.00, 0.00, 13.15),
(688, 2, 4, 12, 0.00, 0.00, 0.00, 5.82),
(689, 2, 2, 12, 0.00, 0.00, 0.00, 11.47),
(690, 2, 3, 12, 0.00, 0.00, 0.00, 11.47),
(691, 2, 19, 12, 0.00, 0.00, 0.00, 13.15),
(692, 1, 1, 13, 3.00, 0.00, -3.00, 0.00),
(693, 1, 2, 13, 3.00, -1.00, -3.00, -1.00),
(694, 1, 3, 13, 3.00, -1.00, -3.00, -1.00),
(695, 1, 4, 13, 3.00, -1.00, -2.00, 0.00),
(696, 1, 5, 13, 3.00, -1.00, -2.00, 0.00),
(697, 1, 6, 13, 3.00, -4.00, -6.00, -7.00),
(698, 1, 7, 13, 3.00, -2.00, -3.00, -2.00),
(699, 1, 8, 13, 3.00, -1.00, -3.00, -1.00),
(700, 1, 9, 13, 3.00, 1.00, -1.00, 3.00),
(701, 1, 10, 13, 3.00, -3.00, -5.00, -5.00),
(702, 1, 11, 13, 3.00, -1.00, -3.00, -1.00),
(703, 1, 12, 13, 3.00, 2.00, 0.00, 5.00),
(704, 1, 13, 13, 3.00, -3.00, -5.00, -5.00),
(705, 1, 14, 13, 3.00, -2.00, -5.00, -4.00),
(706, 1, 15, 13, 3.00, 1.00, -1.00, 3.00),
(707, 1, 17, 13, 3.00, -1.00, -3.00, -1.00),
(708, 1, 18, 13, 3.00, -3.00, -5.00, -5.00),
(709, 1, 19, 13, 3.00, -1.00, -3.00, -1.00),
(710, 1, 20, 13, 3.00, -1.00, -3.00, -1.00),
(711, 1, 21, 13, 3.00, 0.00, -2.00, 1.00),
(712, 1, 22, 13, 3.00, -1.00, -3.00, -1.00),
(713, 1, 23, 13, 3.00, -1.00, -3.00, -1.00),
(714, 1, 25, 13, 3.00, -3.00, -4.00, -4.00),
(715, 1, 26, 13, 3.00, 0.00, -3.00, 0.00),
(716, 1, 27, 13, 3.00, -3.00, -6.00, -6.00),
(717, 1, 28, 13, 3.00, -1.00, -3.00, -1.00),
(718, 1, 30, 13, 3.00, 1.00, -2.00, 2.00),
(719, 1, 31, 13, 3.00, -2.00, -5.00, -4.00),
(720, 1, 32, 13, 3.00, 1.00, -1.00, 3.00),
(721, 2, 25, 13, 0.00, 0.00, 0.00, 3.92),
(722, 2, 27, 13, 0.00, 0.00, 0.00, 0.01),
(723, 2, 7, 13, 0.00, 0.00, 0.00, 7.24),
(724, 2, 5, 13, 0.00, 0.00, 0.00, 10.55),
(725, 2, 8, 13, 0.00, 0.00, 0.00, 9.32),
(726, 2, 15, 13, 0.00, 0.00, 0.00, 16.64),
(727, 2, 9, 13, 0.00, 0.00, 0.00, 15.31),
(728, 2, 1, 13, 0.00, 0.00, 0.00, 12.43),
(729, 2, 26, 13, 0.00, 0.00, 0.00, 11.94),
(730, 2, 6, 13, 0.00, 0.00, 0.00, 0.00),
(731, 2, 11, 13, 0.00, 0.00, 0.00, 10.55),
(732, 2, 12, 13, 0.00, 0.00, 0.00, 18.56),
(733, 2, 32, 13, 0.00, 0.00, 0.00, 15.31),
(734, 2, 30, 13, 0.00, 0.00, 0.00, 17.56),
(735, 2, 10, 13, 0.00, 0.00, 0.00, 7.32),
(736, 2, 14, 13, 0.00, 0.00, 0.00, 8.39),
(737, 2, 28, 13, 0.00, 0.00, 0.00, 8.66),
(738, 2, 22, 13, 0.00, 0.00, 0.00, 7.90),
(739, 2, 18, 13, 0.00, 0.00, 0.00, 7.95),
(740, 2, 13, 13, 0.00, 0.00, 0.00, 4.00),
(741, 2, 17, 13, 0.00, 0.00, 0.00, 10.46),
(742, 2, 23, 13, 0.00, 0.00, 0.00, 11.51),
(743, 2, 21, 13, 0.00, 0.00, 0.00, 13.74),
(744, 2, 4, 13, 0.00, 0.00, 0.00, 9.89),
(745, 2, 20, 13, 0.00, 0.00, 0.00, 12.79),
(746, 2, 31, 13, 0.00, 0.00, 0.00, 7.46),
(747, 2, 2, 13, 0.00, 0.00, 0.00, 9.95),
(748, 2, 3, 13, 0.00, 0.00, 0.00, 10.65),
(749, 2, 19, 13, 0.00, 0.00, 0.00, 9.99),
(750, 1, 1, 14, 3.00, 4.00, 2.00, 9.00),
(751, 1, 2, 14, 3.00, 3.00, 1.00, 7.00),
(752, 1, 3, 14, 3.00, 3.00, 1.00, 7.00),
(753, 1, 4, 14, 3.00, 2.00, 0.00, 5.00),
(754, 1, 5, 14, 3.00, 3.00, 0.00, 6.00),
(755, 1, 6, 14, 3.00, 1.00, -1.00, 3.00),
(756, 1, 7, 14, 3.00, 3.00, 2.00, 8.00),
(757, 1, 8, 14, 3.00, 4.00, 2.00, 9.00),
(758, 1, 9, 14, 3.00, 2.00, 1.00, 6.00),
(759, 1, 10, 14, 3.00, 1.00, 2.00, 6.00),
(760, 1, 11, 14, 3.00, 4.00, 1.00, 8.00),
(761, 1, 12, 14, 0.00, 4.00, 2.00, 6.00),
(762, 1, 13, 14, 3.00, 3.00, 1.00, 7.00),
(763, 1, 14, 14, 3.00, 0.00, -2.00, 1.00),
(764, 1, 15, 14, 3.00, 3.00, 0.00, 6.00),
(765, 1, 17, 14, 3.00, 3.00, 1.00, 7.00),
(766, 1, 18, 14, 3.00, 3.00, 0.00, 6.00),
(767, 1, 19, 14, 3.00, 3.00, 1.00, 7.00),
(768, 1, 20, 14, 3.00, 3.00, 0.00, 6.00),
(769, 1, 21, 14, 3.00, 1.00, -2.00, 2.00),
(770, 1, 22, 14, 3.00, 2.00, 0.00, 5.00),
(771, 1, 23, 14, 3.00, 3.00, 0.00, 6.00),
(772, 1, 25, 14, 3.00, 4.00, 2.00, 9.00),
(773, 1, 26, 14, 3.00, 3.00, 1.00, 7.00),
(774, 1, 27, 14, 3.00, 0.00, 2.00, 5.00),
(775, 1, 28, 14, 3.00, 3.00, 1.00, 7.00),
(776, 1, 30, 14, 3.00, 3.00, 0.00, 6.00),
(777, 1, 31, 14, 3.00, 2.00, 0.00, 5.00),
(778, 1, 32, 14, 3.00, 2.00, 0.00, 5.00),
(779, 2, 25, 14, 0.00, 0.00, 0.00, 13.65),
(780, 2, 27, 14, 0.00, 0.00, 0.00, 0.00),
(781, 2, 7, 14, 0.00, 0.00, 0.00, 9.50),
(782, 2, 5, 14, 0.00, 0.00, 0.00, 11.81),
(783, 2, 8, 14, 0.00, 0.00, 0.00, 17.00),
(784, 2, 15, 14, 0.00, 0.00, 0.00, 10.76),
(785, 2, 9, 14, 0.00, 0.00, 0.00, 6.67),
(786, 2, 1, 14, 0.00, 0.00, 0.00, 15.24),
(787, 2, 26, 14, 0.00, 0.00, 0.00, 13.42),
(788, 2, 6, 14, 0.00, 0.00, 0.00, 6.60),
(789, 2, 11, 14, 0.00, 0.00, 0.00, 13.50),
(790, 2, 12, 14, 0.00, 0.00, 0.00, 15.72),
(791, 2, 10, 14, 0.00, 0.00, 0.00, 6.16),
(792, 2, 14, 14, 0.00, 0.00, 0.00, 0.55),
(793, 2, 28, 14, 0.00, 0.00, 0.00, 10.66),
(794, 2, 22, 14, 0.00, 0.00, 0.00, 8.68),
(795, 2, 18, 14, 0.00, 0.00, 0.00, 11.13),
(796, 2, 17, 14, 0.00, 0.00, 0.00, 11.41),
(797, 2, 23, 14, 0.00, 0.00, 0.00, 11.81),
(798, 2, 4, 14, 0.00, 0.00, 0.00, 7.88),
(799, 2, 21, 14, 0.00, 0.00, 0.00, 0.39),
(800, 2, 20, 14, 0.00, 0.00, 0.00, 9.50),
(801, 2, 31, 14, 0.00, 0.00, 0.00, 10.50),
(802, 2, 30, 14, 0.00, 0.00, 0.00, 9.92),
(803, 2, 13, 14, 0.00, 0.00, 0.00, 13.42),
(804, 2, 32, 14, 0.00, 0.00, 0.00, 5.01),
(805, 2, 2, 14, 0.00, 0.00, 0.00, 12.84),
(806, 2, 3, 14, 0.00, 0.00, 0.00, 12.84),
(807, 2, 19, 14, 0.00, 0.00, 0.00, 13.42),
(808, 1, 1, 15, 3.00, 1.00, -1.00, 3.00),
(809, 1, 2, 15, 3.00, 1.00, -1.00, 3.00),
(810, 1, 3, 15, 3.00, 1.00, -1.00, 3.00),
(811, 1, 4, 15, 3.00, 2.00, -1.00, 4.00),
(812, 1, 5, 15, 3.00, 1.00, -2.00, 2.00),
(813, 1, 6, 15, 3.00, 0.00, -2.00, 1.00),
(814, 1, 7, 15, 3.00, 0.00, -3.00, 0.00),
(815, 1, 8, 15, 3.00, 0.00, -3.00, 0.00),
(816, 1, 9, 15, 3.00, 4.00, 2.00, 9.00),
(817, 1, 10, 15, 3.00, 0.00, -2.00, 1.00),
(818, 1, 11, 15, 3.00, 1.00, -1.00, 3.00),
(819, 1, 12, 15, 3.00, 0.00, -2.00, 1.00),
(820, 1, 13, 15, 3.00, 0.00, -3.00, 0.00),
(821, 1, 14, 15, 3.00, 3.00, 0.00, 6.00),
(822, 1, 15, 15, 3.00, 2.00, -1.00, 4.00),
(823, 1, 17, 15, 3.00, 3.00, 1.00, 7.00),
(824, 1, 18, 15, 3.00, 2.00, 0.00, 5.00),
(825, 1, 19, 15, 3.00, 1.00, -1.00, 3.00),
(826, 1, 20, 15, 3.00, 1.00, -1.00, 3.00),
(827, 1, 21, 15, 3.00, 2.00, 0.00, 5.00),
(828, 1, 22, 15, 3.00, 4.00, 1.00, 8.00),
(829, 1, 23, 15, 3.00, -1.00, -3.00, -1.00),
(830, 1, 25, 15, 3.00, 0.00, -2.00, 1.00),
(831, 1, 26, 15, 3.00, 0.00, -2.00, 1.00),
(832, 1, 27, 15, 3.00, 4.00, 1.00, 8.00),
(833, 1, 28, 15, 3.00, 1.00, -1.00, 3.00),
(834, 1, 30, 15, 3.00, 1.00, -1.00, 3.00),
(835, 1, 31, 15, 3.00, 0.00, -3.00, 0.00),
(836, 1, 32, 15, 3.00, 0.00, -3.00, 0.00),
(837, 2, 25, 15, 0.00, 0.00, 0.00, 8.14),
(838, 2, 27, 15, 0.00, 0.00, 0.00, 14.94),
(839, 2, 7, 15, 0.00, 0.00, 0.00, 1.74),
(840, 2, 5, 15, 0.00, 0.00, 0.00, 9.46),
(841, 2, 8, 15, 0.00, 0.00, 0.00, 0.00),
(842, 2, 15, 15, 0.00, 0.00, 0.00, 9.55),
(843, 2, 9, 15, 0.00, 0.00, 0.00, 20.68),
(844, 2, 1, 15, 0.00, 0.00, 0.00, 11.15),
(845, 2, 26, 15, 0.00, 0.00, 0.00, 6.76),
(846, 2, 6, 15, 0.00, 0.00, 0.00, 5.86),
(847, 2, 12, 15, 0.00, 0.00, 0.00, 7.33),
(848, 2, 11, 15, 0.00, 0.00, 0.00, 11.61),
(849, 2, 10, 15, 0.00, 0.00, 0.00, 5.26),
(850, 2, 14, 15, 0.00, 0.00, 0.00, 14.19),
(851, 2, 28, 15, 0.00, 0.00, 0.00, 12.47),
(852, 2, 22, 15, 0.00, 0.00, 0.00, 19.72),
(853, 2, 18, 15, 0.00, 0.00, 0.00, 14.94),
(854, 2, 17, 15, 0.00, 0.00, 0.00, 18.53),
(855, 2, 23, 15, 0.00, 0.00, 0.00, 0.57),
(856, 2, 4, 15, 0.00, 0.00, 0.00, 9.55),
(857, 2, 21, 15, 0.00, 0.00, 0.00, 13.79),
(858, 2, 20, 15, 0.00, 0.00, 0.00, 9.84),
(859, 2, 31, 15, 0.00, 0.00, 0.00, 5.93),
(860, 2, 30, 15, 0.00, 0.00, 0.00, 10.29),
(861, 2, 13, 15, 0.00, 0.00, 0.00, 6.71),
(862, 2, 32, 15, 0.00, 0.00, 0.00, 6.55),
(863, 2, 2, 15, 0.00, 0.00, 0.00, 10.83),
(864, 2, 3, 15, 0.00, 0.00, 0.00, 11.98),
(865, 2, 19, 15, 0.00, 0.00, 0.00, 11.61),
(866, 1, 1, 16, 0.00, 2.00, 1.00, 3.00),
(867, 1, 2, 16, 0.00, 4.00, 1.00, 5.00),
(868, 1, 3, 16, 0.00, 3.00, 1.00, 4.00),
(869, 1, 4, 16, 0.00, 1.00, 0.00, 1.00),
(870, 1, 5, 16, 0.00, 2.00, 1.00, 3.00),
(871, 1, 6, 16, 0.00, 2.00, 1.00, 3.00),
(872, 1, 7, 16, 3.00, 2.00, 3.00, 8.00),
(873, 1, 8, 16, 0.00, 4.00, 1.00, 5.00),
(874, 1, 9, 16, 0.00, 2.00, -1.00, 1.00),
(875, 1, 10, 16, 0.00, 3.00, 0.00, 3.00),
(876, 1, 11, 16, 0.00, 1.00, -2.00, -1.00),
(877, 1, 12, 16, 0.00, 4.00, 1.00, 5.00),
(878, 1, 13, 16, 0.00, 3.00, 1.00, 4.00),
(879, 1, 14, 16, 0.00, 1.00, 0.00, 1.00),
(880, 1, 15, 16, 0.00, 1.00, 0.00, 1.00),
(881, 1, 17, 16, 0.00, 4.00, 1.00, 5.00),
(882, 1, 18, 16, 3.00, 3.00, 2.00, 8.00),
(883, 1, 19, 16, 0.00, 3.00, 2.00, 5.00),
(884, 1, 20, 16, 0.00, 2.00, 1.00, 3.00),
(885, 1, 21, 16, 0.00, 3.00, 0.00, 3.00),
(886, 1, 22, 16, 0.00, 2.00, 1.00, 3.00),
(887, 1, 23, 16, 0.00, 3.00, 0.00, 3.00),
(888, 1, 25, 16, 0.00, 3.00, 1.00, 4.00),
(889, 1, 26, 16, 0.00, 3.00, 1.00, 4.00),
(890, 1, 27, 16, 0.00, 4.00, 1.00, 5.00),
(891, 1, 28, 16, 0.00, 3.00, 1.00, 4.00),
(892, 1, 30, 16, 0.00, 3.00, 1.00, 4.00),
(893, 1, 31, 16, 0.00, 3.00, 2.00, 5.00),
(894, 1, 32, 16, 0.00, 2.00, 1.00, 3.00),
(895, 2, 25, 16, 0.00, 0.00, 0.00, 14.30),
(896, 2, 27, 16, 0.00, 0.00, 0.00, 15.67),
(897, 2, 7, 16, 0.00, 0.00, 0.00, 10.68),
(898, 2, 5, 16, 0.00, 0.00, 0.00, 9.04),
(899, 2, 8, 16, 0.00, 0.00, 0.00, 13.11),
(900, 2, 15, 16, 0.00, 0.00, 0.00, 2.72),
(901, 2, 9, 16, 0.00, 0.00, 0.00, 6.28),
(902, 2, 1, 16, 0.00, 0.00, 0.00, 5.53),
(903, 2, 26, 16, 0.00, 0.00, 0.00, 9.56),
(904, 2, 6, 16, 0.00, 0.00, 0.00, 9.04),
(905, 2, 12, 16, 0.00, 0.00, 0.00, 16.45),
(906, 2, 11, 16, 0.00, 0.00, 0.00, 2.05),
(907, 2, 10, 16, 0.00, 0.00, 0.00, 9.99),
(908, 2, 14, 16, 0.00, 0.00, 0.00, 0.00),
(909, 2, 28, 16, 0.00, 0.00, 0.00, 14.76),
(910, 2, 18, 16, 0.00, 0.00, 0.00, 13.03),
(911, 2, 17, 16, 0.00, 0.00, 0.00, 17.91),
(912, 2, 23, 16, 0.00, 0.00, 0.00, 13.03),
(913, 2, 4, 16, 0.00, 0.00, 0.00, 0.68),
(914, 2, 22, 16, 0.00, 0.00, 0.00, 5.94),
(915, 2, 21, 16, 0.00, 0.00, 0.00, 12.34),
(916, 2, 20, 16, 0.00, 0.00, 0.00, 9.04),
(917, 2, 31, 16, 0.00, 0.00, 0.00, 14.03),
(918, 2, 30, 16, 0.00, 0.00, 0.00, 9.99),
(919, 2, 13, 16, 0.00, 0.00, 0.00, 10.30),
(920, 2, 32, 16, 0.00, 0.00, 0.00, 7.16),
(921, 2, 2, 16, 0.00, 0.00, 0.00, 11.83),
(922, 2, 3, 16, 0.00, 0.00, 0.00, 11.55),
(923, 2, 19, 16, 0.00, 0.00, 0.00, 14.03),
(924, 1, 1, 17, 3.00, 3.00, 1.00, 7.00),
(925, 1, 2, 17, 3.00, 1.00, -1.00, 3.00),
(926, 1, 3, 17, 3.00, 1.00, -2.00, 2.00),
(927, 1, 4, 17, 3.00, 0.00, -3.00, 0.00),
(928, 1, 5, 17, 3.00, -4.00, -7.00, -8.00),
(929, 1, 6, 17, 3.00, -4.00, -7.00, -8.00),
(930, 1, 7, 17, 3.00, 0.00, -1.00, 2.00),
(931, 1, 8, 17, 3.00, 0.00, -3.00, 0.00),
(932, 1, 9, 17, 3.00, 2.00, 0.00, 5.00),
(933, 1, 10, 17, 3.00, 0.00, -3.00, 0.00),
(934, 1, 11, 17, 3.00, 2.00, 1.00, 6.00),
(935, 1, 12, 17, 3.00, 1.00, -2.00, 2.00),
(936, 1, 13, 17, 3.00, 4.00, 2.00, 9.00),
(937, 1, 14, 17, 3.00, -1.00, -4.00, -2.00),
(938, 1, 15, 17, 3.00, 2.00, 2.00, 7.00),
(939, 1, 17, 17, 3.00, -3.00, -5.00, -5.00),
(940, 1, 18, 17, 3.00, 1.00, -2.00, 2.00),
(941, 1, 19, 17, 3.00, 1.00, -2.00, 2.00),
(942, 1, 20, 17, 3.00, 3.00, 1.00, 7.00),
(943, 1, 21, 17, 3.00, 2.00, -1.00, 4.00),
(944, 1, 22, 17, 3.00, 3.00, 0.00, 6.00),
(945, 1, 23, 17, 3.00, -5.00, -8.00, -10.00),
(946, 1, 25, 17, 3.00, 2.00, -1.00, 4.00),
(947, 1, 26, 17, 3.00, 4.00, 1.00, 8.00),
(948, 1, 27, 17, 3.00, -4.00, -7.00, -8.00),
(949, 1, 28, 17, 0.00, -10.00, -10.00, -20.00),
(950, 1, 30, 17, 3.00, 0.00, -2.00, 1.00),
(951, 1, 31, 17, 3.00, 2.00, -1.00, 4.00),
(952, 1, 32, 17, 3.00, 1.00, -2.00, 2.00),
(953, 2, 25, 17, 0.00, 0.00, 0.00, 10.24),
(954, 2, 27, 17, 0.00, 0.00, 0.00, 5.08),
(955, 2, 7, 17, 0.00, 0.00, 0.00, 9.11),
(956, 2, 5, 17, 0.00, 0.00, 0.00, 0.00),
(957, 2, 8, 17, 0.00, 0.00, 0.00, 9.20),
(958, 2, 15, 17, 0.00, 0.00, 0.00, 12.83),
(959, 2, 9, 17, 0.00, 0.00, 0.00, 11.55),
(960, 2, 1, 17, 0.00, 0.00, 0.00, 14.80),
(961, 2, 26, 17, 0.00, 0.00, 0.00, 14.83),
(962, 2, 6, 17, 0.00, 0.00, 0.00, 3.16),
(963, 2, 12, 17, 0.00, 0.00, 0.00, 9.18),
(964, 2, 11, 17, 0.00, 0.00, 0.00, 12.92),
(965, 2, 10, 17, 0.00, 0.00, 0.00, 10.17),
(966, 2, 14, 17, 0.00, 0.00, 0.00, 6.65),
(967, 2, 18, 17, 0.00, 0.00, 0.00, 9.81),
(968, 2, 17, 17, 0.00, 0.00, 0.00, 7.63),
(969, 2, 23, 17, 0.00, 0.00, 0.00, 3.96),
(970, 2, 4, 17, 0.00, 0.00, 0.00, 8.41),
(971, 2, 22, 17, 0.00, 0.00, 0.00, 13.26),
(972, 2, 21, 17, 0.00, 0.00, 0.00, 12.45),
(973, 2, 20, 17, 0.00, 0.00, 0.00, 14.45),
(974, 2, 31, 17, 0.00, 0.00, 0.00, 11.89),
(975, 2, 30, 17, 0.00, 0.00, 0.00, 10.25),
(976, 2, 13, 17, 0.00, 0.00, 0.00, 15.49),
(977, 2, 32, 17, 0.00, 0.00, 0.00, 9.85),
(978, 2, 2, 17, 0.00, 0.00, 0.00, 12.52),
(979, 2, 3, 17, 0.00, 0.00, 0.00, 10.50),
(980, 2, 19, 17, 0.00, 0.00, 0.00, 9.81),
(981, 1, 1, 18, 3.00, 1.00, 0.00, 4.00),
(982, 1, 2, 18, 3.00, 2.00, 1.00, 6.00),
(983, 1, 3, 18, 3.00, 2.00, 1.00, 6.00),
(984, 1, 4, 18, 3.00, -1.00, 0.00, 2.00),
(985, 1, 5, 18, 3.00, 3.00, 2.00, 8.00),
(986, 1, 6, 18, 3.00, 2.00, 1.00, 6.00),
(987, 1, 7, 18, 0.00, -1.00, -3.00, -4.00),
(988, 1, 8, 18, 3.00, 1.00, -2.00, 2.00),
(989, 1, 9, 18, 3.00, 0.00, 1.00, 4.00),
(990, 1, 10, 18, 3.00, 2.00, 0.00, 5.00),
(991, 1, 11, 18, 3.00, 3.00, 2.00, 8.00),
(992, 1, 12, 18, 3.00, 1.00, -2.00, 2.00),
(993, 1, 13, 18, 3.00, 2.00, 1.00, 6.00),
(994, 1, 14, 18, 3.00, 0.00, -1.00, 2.00),
(995, 1, 15, 18, 3.00, 3.00, 1.00, 7.00),
(996, 1, 17, 18, 3.00, 4.00, 2.00, 9.00),
(997, 1, 18, 18, 3.00, 1.00, 1.00, 5.00),
(998, 1, 19, 18, 3.00, 2.00, 1.00, 6.00),
(999, 1, 20, 18, 3.00, 2.00, 1.00, 6.00),
(1000, 1, 21, 18, 3.00, 5.00, 2.00, 10.00),
(1001, 1, 22, 18, 3.00, 0.00, 2.00, 5.00),
(1002, 1, 23, 18, 3.00, 1.00, -2.00, 2.00),
(1003, 1, 25, 18, 3.00, 1.00, -1.00, 3.00),
(1004, 1, 26, 18, 3.00, 3.00, 2.00, 8.00),
(1005, 1, 27, 18, 3.00, 4.00, 2.00, 9.00),
(1006, 1, 28, 18, 3.00, 2.00, 1.00, 6.00),
(1007, 1, 30, 18, 3.00, 3.00, 2.00, 8.00),
(1008, 1, 31, 18, 3.00, 3.00, 1.00, 7.00),
(1009, 1, 32, 18, 3.00, 3.00, 2.00, 8.00),
(1010, 2, 25, 18, 0.00, 0.00, 0.00, 5.70),
(1011, 2, 27, 18, 0.00, 0.00, 0.00, 15.64),
(1012, 2, 7, 18, 0.00, 0.00, 0.00, 0.00),
(1013, 2, 5, 18, 0.00, 0.00, 0.00, 14.07),
(1014, 2, 8, 18, 0.00, 0.00, 0.00, 5.65),
(1015, 2, 15, 18, 0.00, 0.00, 0.00, 11.55),
(1016, 2, 9, 18, 0.00, 0.00, 0.00, 6.16),
(1017, 2, 1, 18, 0.00, 0.00, 0.00, 7.76),
(1018, 2, 26, 18, 0.00, 0.00, 0.00, 12.20),
(1019, 2, 6, 18, 0.00, 0.00, 0.00, 9.54),
(1020, 2, 12, 18, 0.00, 0.00, 0.00, 5.65),
(1021, 2, 11, 18, 0.00, 0.00, 0.00, 13.47),
(1022, 2, 10, 18, 0.00, 0.00, 0.00, 10.42),
(1023, 2, 14, 18, 0.00, 0.00, 0.00, 4.04),
(1024, 2, 18, 18, 0.00, 0.00, 0.00, 8.39),
(1025, 2, 17, 18, 0.00, 0.00, 0.00, 16.63),
(1026, 2, 23, 18, 0.00, 0.00, 0.00, 8.55),
(1027, 2, 4, 18, 0.00, 0.00, 0.00, 1.93),
(1028, 2, 21, 18, 0.00, 0.00, 0.00, 17.76),
(1029, 2, 20, 18, 0.00, 0.00, 0.00, 10.89),
(1030, 2, 31, 18, 0.00, 0.00, 0.00, 14.02),
(1031, 2, 30, 18, 0.00, 0.00, 0.00, 14.70),
(1032, 2, 13, 18, 0.00, 0.00, 0.00, 11.35),
(1033, 2, 32, 18, 0.00, 0.00, 0.00, 14.07),
(1034, 2, 22, 18, 0.00, 0.00, 0.00, 5.65),
(1035, 2, 28, 18, 0.00, 0.00, 0.00, 11.35),
(1036, 2, 2, 18, 0.00, 0.00, 0.00, 11.10),
(1037, 2, 3, 18, 0.00, 0.00, 0.00, 10.89),
(1038, 2, 19, 18, 0.00, 0.00, 0.00, 10.89),
(1039, 1, 1, 19, 3.00, 4.00, 1.00, 8.00),
(1040, 1, 2, 19, 3.00, 5.00, 2.00, 10.00),
(1041, 1, 3, 19, 3.00, 5.00, 2.00, 10.00),
(1042, 1, 4, 19, 3.00, 4.00, 1.00, 8.00),
(1043, 1, 5, 19, 3.00, -1.00, -4.00, -2.00),
(1044, 1, 6, 19, 3.00, 0.00, -2.00, 1.00),
(1045, 1, 7, 19, 3.00, 1.00, -2.00, 2.00),
(1046, 1, 8, 19, 3.00, 4.00, 2.00, 9.00),
(1047, 1, 9, 19, 3.00, 0.00, -3.00, 0.00),
(1048, 1, 10, 19, 3.00, 4.00, 1.00, 8.00),
(1049, 1, 11, 19, 3.00, 3.00, 1.00, 7.00),
(1050, 1, 12, 19, 3.00, 2.00, 1.00, 6.00),
(1051, 1, 13, 19, 3.00, 4.00, 2.00, 9.00),
(1052, 1, 14, 19, 3.00, 3.00, 1.00, 7.00),
(1053, 1, 15, 19, 3.00, 4.00, 1.00, 8.00),
(1054, 1, 17, 19, 3.00, 4.00, 2.00, 9.00),
(1055, 1, 18, 19, 3.00, 4.00, 3.00, 10.00),
(1056, 1, 19, 19, 3.00, 4.00, 3.00, 10.00),
(1057, 1, 20, 19, 3.00, 2.00, 1.00, 6.00),
(1058, 1, 21, 19, 3.00, 3.00, 0.00, 6.00),
(1059, 1, 22, 19, 3.00, 4.00, 2.00, 9.00),
(1060, 1, 23, 19, 3.00, 3.00, 1.00, 7.00),
(1061, 1, 25, 19, 3.00, 2.00, 1.00, 6.00),
(1062, 1, 26, 19, 3.00, 4.00, 3.00, 10.00),
(1063, 1, 27, 19, 3.00, 3.00, 1.00, 7.00),
(1064, 1, 28, 19, 3.00, 4.00, 3.00, 10.00),
(1065, 1, 30, 19, 3.00, 3.00, 0.00, 6.00),
(1066, 1, 31, 19, 3.00, 4.00, 2.00, 9.00),
(1067, 1, 32, 19, 3.00, 3.00, 2.00, 8.00),
(1068, 2, 25, 19, 0.00, 0.00, 0.00, 7.49),
(1069, 2, 27, 19, 0.00, 0.00, 0.00, 10.00),
(1070, 2, 7, 19, 0.00, 0.00, 0.00, 6.17),
(1071, 2, 5, 19, 0.00, 0.00, 0.00, 0.00),
(1072, 2, 8, 19, 0.00, 0.00, 0.00, 13.48),
(1073, 2, 15, 19, 0.00, 0.00, 0.00, 11.39),
(1074, 2, 9, 19, 0.00, 0.00, 0.00, 3.04),
(1075, 2, 1, 19, 0.00, 0.00, 0.00, 11.39),
(1076, 2, 26, 19, 0.00, 0.00, 0.00, 13.48),
(1077, 2, 6, 19, 0.00, 0.00, 0.00, 3.63),
(1078, 2, 12, 19, 0.00, 0.00, 0.00, 8.04),
(1079, 2, 11, 19, 0.00, 0.00, 0.00, 11.07),
(1080, 2, 10, 19, 0.00, 0.00, 0.00, 10.02),
(1081, 2, 14, 19, 0.00, 0.00, 0.00, 9.21),
(1082, 2, 18, 19, 0.00, 0.00, 0.00, 11.54),
(1083, 2, 17, 19, 0.00, 0.00, 0.00, 11.46),
(1084, 2, 23, 19, 0.00, 0.00, 0.00, 10.84),
(1085, 2, 4, 19, 0.00, 0.00, 0.00, 12.08),
(1086, 2, 21, 19, 0.00, 0.00, 0.00, 10.45),
(1087, 2, 20, 19, 0.00, 0.00, 0.00, 9.03),
(1088, 2, 31, 19, 0.00, 0.00, 0.00, 12.48),
(1089, 2, 30, 19, 0.00, 0.00, 0.00, 9.80),
(1090, 2, 13, 19, 0.00, 0.00, 0.00, 13.10),
(1091, 2, 32, 19, 0.00, 0.00, 0.00, 10.56),
(1092, 2, 22, 19, 0.00, 0.00, 0.00, 11.20),
(1093, 2, 28, 19, 0.00, 0.00, 0.00, 11.54),
(1094, 2, 2, 19, 0.00, 0.00, 0.00, 13.67),
(1095, 2, 3, 19, 0.00, 0.00, 0.00, 12.30),
(1096, 2, 19, 19, 0.00, 0.00, 0.00, 11.54),
(1097, 1, 1, 20, 3.00, 3.00, 0.00, 6.00),
(1098, 1, 2, 20, 3.00, 3.00, 2.00, 8.00),
(1099, 1, 3, 20, 3.00, 3.00, 1.00, 7.00),
(1100, 1, 4, 20, 3.00, 2.00, -1.00, 4.00),
(1101, 1, 5, 20, 3.00, 3.00, 1.00, 7.00),
(1102, 1, 6, 20, 3.00, 3.00, 1.00, 7.00),
(1103, 1, 7, 20, 3.00, 2.00, 0.00, 5.00),
(1104, 1, 8, 20, 3.00, 3.00, 2.00, 8.00),
(1105, 1, 9, 20, 3.00, 2.00, 1.00, 6.00),
(1106, 1, 10, 20, 3.00, 3.00, 0.00, 6.00),
(1107, 1, 11, 20, 3.00, 4.00, 2.00, 9.00),
(1108, 1, 12, 20, 3.00, 1.00, 0.00, 4.00),
(1109, 1, 13, 20, 0.00, -6.00, 0.00, -6.00),
(1110, 1, 14, 20, 3.00, 0.00, -2.00, 1.00),
(1111, 1, 15, 20, 3.00, 1.00, -2.00, 2.00),
(1112, 1, 17, 20, 3.00, 3.00, 2.00, 8.00),
(1113, 1, 18, 20, 3.00, 4.00, 1.00, 8.00),
(1114, 1, 19, 20, 3.00, 2.00, 1.00, 6.00),
(1115, 1, 20, 20, 3.00, 1.00, 2.00, 6.00),
(1116, 1, 21, 20, 3.00, 1.00, 2.00, 6.00),
(1117, 1, 22, 20, 3.00, -1.00, -3.00, -1.00),
(1118, 1, 23, 20, 3.00, 4.00, 2.00, 9.00),
(1119, 1, 25, 20, 3.00, 1.00, 2.00, 6.00),
(1120, 1, 26, 20, 3.00, 1.00, 2.00, 6.00),
(1121, 1, 27, 20, 3.00, 1.00, 1.00, 5.00),
(1122, 1, 28, 20, 3.00, 1.00, 2.00, 6.00),
(1123, 1, 30, 20, 3.00, -2.00, 1.00, 2.00),
(1124, 1, 31, 20, 3.00, 2.00, 1.00, 6.00),
(1125, 1, 32, 20, 0.00, -6.00, 0.00, -6.00),
(1126, 2, 25, 20, 0.00, 0.00, 0.00, 7.82),
(1127, 2, 27, 20, 0.00, 0.00, 0.00, 8.28),
(1128, 2, 7, 20, 0.00, 0.00, 0.00, 8.43),
(1129, 2, 5, 20, 0.00, 0.00, 0.00, 15.19),
(1130, 2, 8, 20, 0.00, 0.00, 0.00, 13.91),
(1131, 2, 15, 20, 0.00, 0.00, 0.00, 7.82),
(1132, 2, 9, 20, 0.00, 0.00, 0.00, 9.39),
(1133, 2, 1, 20, 0.00, 0.00, 0.00, 10.92),
(1134, 2, 26, 20, 0.00, 0.00, 0.00, 8.37),
(1135, 2, 6, 20, 0.00, 0.00, 0.00, 14.37),
(1136, 2, 12, 20, 0.00, 0.00, 0.00, 6.23),
(1137, 2, 11, 20, 0.00, 0.00, 0.00, 17.65),
(1138, 2, 23, 20, 0.00, 0.00, 0.00, 16.02),
(1139, 2, 4, 20, 0.00, 0.00, 0.00, 9.01),
(1140, 2, 31, 20, 0.00, 0.00, 0.00, 10.48),
(1141, 2, 28, 20, 0.00, 0.00, 0.00, 7.19),
(1142, 2, 20, 20, 0.00, 0.00, 0.00, 9.78),
(1143, 2, 18, 20, 0.00, 0.00, 0.00, 15.26),
(1144, 2, 10, 20, 0.00, 0.00, 0.00, 11.07),
(1145, 2, 21, 20, 0.00, 0.00, 0.00, 8.64),
(1146, 2, 30, 20, 0.00, 0.00, 0.00, 0.00),
(1147, 2, 22, 20, 0.00, 0.00, 0.00, 2.14),
(1148, 2, 17, 20, 0.00, 0.00, 0.00, 12.79),
(1149, 2, 14, 20, 0.00, 0.00, 0.00, 5.45),
(1150, 2, 2, 20, 0.00, 0.00, 0.00, 13.13),
(1151, 2, 3, 20, 0.00, 0.00, 0.00, 11.26),
(1152, 2, 19, 20, 0.00, 0.00, 0.00, 9.39),
(1153, 1, 1, 21, 3.00, 4.00, 1.00, 8.00),
(1154, 1, 2, 21, 3.00, 3.00, 2.00, 8.00),
(1155, 1, 3, 21, 3.00, 3.00, 1.00, 7.00),
(1156, 1, 4, 21, 3.00, 4.00, 2.00, 9.00),
(1157, 1, 5, 21, 3.00, 3.00, 2.00, 8.00),
(1158, 1, 6, 21, 3.00, 3.00, 1.00, 7.00),
(1159, 1, 7, 21, 3.00, 4.00, 2.00, 9.00),
(1160, 1, 8, 21, 3.00, 3.00, 1.00, 7.00),
(1161, 1, 9, 21, 3.00, 2.00, 0.00, 5.00),
(1162, 1, 10, 21, 3.00, -1.00, -3.00, -1.00),
(1163, 1, 11, 21, 3.00, 0.00, 1.00, 4.00),
(1164, 1, 12, 21, 3.00, 4.00, 2.00, 9.00),
(1165, 1, 13, 21, 3.00, 4.00, 2.00, 9.00),
(1166, 1, 14, 21, 3.00, 3.00, 0.00, 6.00),
(1167, 1, 15, 21, 3.00, 2.00, 0.00, 5.00),
(1168, 1, 17, 21, 3.00, 3.00, 0.00, 6.00),
(1169, 1, 18, 21, 3.00, 3.00, 1.00, 7.00),
(1170, 1, 19, 21, 3.00, 4.00, 2.00, 9.00),
(1171, 1, 20, 21, 3.00, 0.00, 2.00, 5.00),
(1172, 1, 21, 21, 3.00, 2.00, -1.00, 4.00),
(1173, 1, 22, 21, 3.00, 3.00, 1.00, 7.00),
(1174, 1, 23, 21, 3.00, -1.00, 2.00, 4.00),
(1175, 1, 25, 21, 3.00, 2.00, 2.00, 7.00),
(1176, 1, 26, 21, 3.00, 4.00, 1.00, 8.00),
(1177, 1, 27, 21, 3.00, 4.00, 2.00, 9.00),
(1178, 1, 28, 21, 3.00, 3.00, 2.00, 8.00),
(1179, 1, 30, 21, 3.00, 4.00, 2.00, 9.00),
(1180, 1, 31, 21, 3.00, 2.00, 0.00, 5.00),
(1181, 1, 32, 21, 0.00, 2.00, 0.00, 2.00),
(1182, 2, 25, 21, 0.00, 0.00, 0.00, 9.25),
(1183, 2, 27, 21, 0.00, 0.00, 0.00, 14.08),
(1184, 2, 7, 21, 0.00, 0.00, 0.00, 14.08),
(1185, 2, 5, 21, 0.00, 0.00, 0.00, 10.69),
(1186, 2, 8, 21, 0.00, 0.00, 0.00, 11.67),
(1187, 2, 15, 21, 0.00, 0.00, 0.00, 8.87),
(1188, 2, 9, 21, 0.00, 0.00, 0.00, 8.22),
(1189, 2, 1, 21, 0.00, 0.00, 0.00, 12.42),
(1190, 2, 26, 21, 0.00, 0.00, 0.00, 12.52),
(1191, 2, 6, 21, 0.00, 0.00, 0.00, 11.67),
(1192, 2, 12, 21, 0.00, 0.00, 0.00, 13.82),
(1193, 2, 11, 21, 0.00, 0.00, 0.00, 5.17),
(1194, 2, 23, 21, 0.00, 0.00, 0.00, 2.64),
(1195, 2, 4, 21, 0.00, 0.00, 0.00, 14.08),
(1196, 2, 28, 21, 0.00, 0.00, 0.00, 11.67),
(1197, 2, 20, 21, 0.00, 0.00, 0.00, 6.39),
(1198, 2, 18, 21, 0.00, 0.00, 0.00, 9.96),
(1199, 2, 10, 21, 0.00, 0.00, 0.00, 0.00),
(1200, 2, 21, 21, 0.00, 0.00, 0.00, 8.11),
(1201, 2, 30, 21, 0.00, 0.00, 0.00, 14.08),
(1202, 2, 22, 21, 0.00, 0.00, 0.00, 11.21),
(1203, 2, 31, 21, 0.00, 0.00, 0.00, 7.70),
(1204, 2, 17, 21, 0.00, 0.00, 0.00, 7.14),
(1205, 2, 14, 21, 0.00, 0.00, 0.00, 7.14),
(1206, 2, 13, 21, 0.00, 0.00, 0.00, 12.78),
(1207, 2, 32, 21, 0.00, 0.00, 0.00, 8.80),
(1208, 2, 2, 21, 0.00, 0.00, 0.00, 10.93),
(1209, 2, 3, 21, 0.00, 0.00, 0.00, 11.10),
(1210, 2, 19, 21, 0.00, 0.00, 0.00, 13.82),
(1211, 1, 1, 22, 3.00, 3.00, 0.00, 6.00),
(1212, 1, 2, 22, 3.00, 3.00, 1.00, 7.00),
(1213, 1, 3, 22, 3.00, 3.00, 1.00, 7.00),
(1214, 1, 4, 22, 3.00, 3.00, 1.00, 7.00),
(1215, 1, 5, 22, 3.00, 2.00, 0.00, 5.00),
(1216, 1, 6, 22, 3.00, 3.00, 1.00, 7.00),
(1217, 1, 7, 22, 3.00, 1.00, 2.00, 6.00),
(1218, 1, 8, 22, 3.00, 3.00, 1.00, 7.00),
(1219, 1, 9, 22, 3.00, 2.00, -1.00, 4.00),
(1220, 1, 10, 22, 3.00, 4.00, 2.00, 9.00),
(1221, 1, 11, 22, 3.00, 2.00, -1.00, 4.00),
(1222, 1, 12, 22, 3.00, 2.00, 2.00, 7.00),
(1223, 1, 13, 22, 3.00, 3.00, 0.00, 6.00),
(1224, 1, 14, 22, 3.00, 1.00, -2.00, 2.00),
(1225, 1, 15, 22, 3.00, 2.00, 0.00, 5.00),
(1226, 1, 17, 22, 3.00, 2.00, 0.00, 5.00),
(1227, 1, 18, 22, 3.00, 1.00, -2.00, 2.00),
(1228, 1, 19, 22, 3.00, 3.00, 1.00, 7.00),
(1229, 1, 20, 22, 3.00, 3.00, 1.00, 7.00),
(1230, 1, 21, 22, 3.00, 2.00, 1.00, 6.00),
(1231, 1, 22, 22, 3.00, 2.00, 2.00, 7.00),
(1232, 1, 23, 22, 3.00, 4.00, 1.00, 8.00),
(1233, 1, 25, 22, 3.00, 2.00, 1.00, 6.00),
(1234, 1, 26, 22, 3.00, 3.00, 1.00, 7.00),
(1235, 1, 27, 22, 3.00, -1.00, 2.00, 4.00),
(1236, 1, 28, 22, 3.00, 4.00, 1.00, 8.00),
(1237, 1, 30, 22, 3.00, 3.00, 1.00, 7.00),
(1238, 1, 31, 22, 3.00, 3.00, 1.00, 7.00),
(1239, 1, 32, 22, 3.00, 4.00, 2.00, 9.00),
(1240, 2, 25, 22, 0.00, 0.00, 0.00, 7.96),
(1241, 2, 27, 22, 0.00, 0.00, 0.00, 0.00),
(1242, 2, 7, 22, 0.00, 0.00, 0.00, 5.88),
(1243, 2, 5, 22, 0.00, 0.00, 0.00, 9.95),
(1244, 2, 8, 22, 0.00, 0.00, 0.00, 13.56);
INSERT INTO `Points` (`PointsID`, `ScoringSystemID`, `UserID`, `MatchID`, `ResultPoints`, `ScorePoints`, `MarginPoints`, `TotalPoints`) VALUES
(1245, 2, 15, 22, 0.00, 0.00, 0.00, 9.20),
(1246, 2, 9, 22, 0.00, 0.00, 0.00, 8.66),
(1247, 2, 1, 22, 0.00, 0.00, 0.00, 11.74),
(1248, 2, 26, 22, 0.00, 0.00, 0.00, 10.42),
(1249, 2, 6, 22, 0.00, 0.00, 0.00, 13.56),
(1250, 2, 12, 22, 0.00, 0.00, 0.00, 9.95),
(1251, 2, 11, 22, 0.00, 0.00, 0.00, 4.60),
(1252, 2, 23, 22, 0.00, 0.00, 0.00, 13.26),
(1253, 2, 4, 22, 0.00, 0.00, 0.00, 9.77),
(1254, 2, 28, 22, 0.00, 0.00, 0.00, 13.63),
(1255, 2, 20, 22, 0.00, 0.00, 0.00, 11.74),
(1256, 2, 18, 22, 0.00, 0.00, 0.00, 4.78),
(1257, 2, 10, 22, 0.00, 0.00, 0.00, 16.25),
(1258, 2, 21, 22, 0.00, 0.00, 0.00, 8.03),
(1259, 2, 30, 22, 0.00, 0.00, 0.00, 10.82),
(1260, 2, 31, 22, 0.00, 0.00, 0.00, 12.52),
(1261, 2, 17, 22, 0.00, 0.00, 0.00, 9.37),
(1262, 2, 14, 22, 0.00, 0.00, 0.00, 5.35),
(1263, 2, 13, 22, 0.00, 0.00, 0.00, 9.77),
(1264, 2, 32, 22, 0.00, 0.00, 0.00, 15.36),
(1265, 2, 22, 22, 0.00, 0.00, 0.00, 8.66),
(1266, 2, 2, 22, 0.00, 0.00, 0.00, 12.65),
(1267, 2, 3, 22, 0.00, 0.00, 0.00, 11.74),
(1268, 2, 19, 22, 0.00, 0.00, 0.00, 10.82),
(1269, 1, 1, 23, 3.00, 1.00, -1.00, 3.00),
(1270, 1, 2, 23, 3.00, 1.00, -1.00, 3.00),
(1271, 1, 3, 23, 3.00, 1.00, -1.00, 3.00),
(1272, 1, 4, 23, 3.00, 1.00, -2.00, 2.00),
(1273, 1, 5, 23, 3.00, 1.00, -2.00, 2.00),
(1274, 1, 6, 23, 3.00, 4.00, 2.00, 9.00),
(1275, 1, 7, 23, 3.00, 4.00, 2.00, 9.00),
(1276, 1, 8, 23, 3.00, 0.00, -3.00, 0.00),
(1277, 1, 9, 23, 3.00, -3.00, -6.00, -6.00),
(1278, 1, 10, 23, 3.00, 1.00, -2.00, 2.00),
(1279, 1, 11, 23, 3.00, 3.00, 1.00, 7.00),
(1280, 1, 12, 23, 3.00, 5.00, 2.00, 10.00),
(1281, 1, 13, 23, 3.00, 4.00, 1.00, 8.00),
(1282, 1, 14, 23, 3.00, 0.00, -2.00, 1.00),
(1283, 1, 15, 23, 3.00, -3.00, -5.00, -5.00),
(1284, 1, 17, 23, 3.00, 3.00, 0.00, 6.00),
(1285, 1, 18, 23, 3.00, 4.00, 1.00, 8.00),
(1286, 1, 19, 23, 3.00, 1.00, -1.00, 3.00),
(1287, 1, 20, 23, 3.00, -2.00, -5.00, -4.00),
(1288, 1, 21, 23, 3.00, 1.00, -2.00, 2.00),
(1289, 1, 22, 23, 3.00, 1.00, -1.00, 3.00),
(1290, 1, 23, 23, 3.00, 5.00, 2.00, 10.00),
(1291, 1, 25, 23, 3.00, 0.00, -2.00, 1.00),
(1292, 1, 26, 23, 3.00, 0.00, -2.00, 1.00),
(1293, 1, 27, 23, 3.00, 4.00, 1.00, 8.00),
(1294, 1, 28, 23, 3.00, 4.00, 1.00, 8.00),
(1295, 1, 30, 23, 3.00, 0.00, -3.00, 0.00),
(1296, 1, 31, 23, 3.00, 0.00, -3.00, 0.00),
(1297, 1, 32, 23, 3.00, 1.00, 0.00, 4.00),
(1298, 2, 25, 23, 0.00, 0.00, 0.00, 9.67),
(1299, 2, 27, 23, 0.00, 0.00, 0.00, 15.25),
(1300, 2, 7, 23, 0.00, 0.00, 0.00, 15.40),
(1301, 2, 5, 23, 0.00, 0.00, 0.00, 7.30),
(1302, 2, 8, 23, 0.00, 0.00, 0.00, 7.49),
(1303, 2, 15, 23, 0.00, 0.00, 0.00, 0.00),
(1304, 2, 9, 23, 0.00, 0.00, 0.00, 1.20),
(1305, 2, 1, 23, 0.00, 0.00, 0.00, 9.00),
(1306, 2, 26, 23, 0.00, 0.00, 0.00, 9.67),
(1307, 2, 6, 23, 0.00, 0.00, 0.00, 14.85),
(1308, 2, 12, 23, 0.00, 0.00, 0.00, 15.88),
(1309, 2, 11, 23, 0.00, 0.00, 0.00, 13.63),
(1310, 2, 23, 23, 0.00, 0.00, 0.00, 15.88),
(1311, 2, 28, 23, 0.00, 0.00, 0.00, 14.16),
(1312, 2, 18, 23, 0.00, 0.00, 0.00, 14.42),
(1313, 2, 10, 23, 0.00, 0.00, 0.00, 7.73),
(1314, 2, 21, 23, 0.00, 0.00, 0.00, 8.84),
(1315, 2, 30, 23, 0.00, 0.00, 0.00, 6.43),
(1316, 2, 31, 23, 0.00, 0.00, 0.00, 6.73),
(1317, 2, 20, 23, 0.00, 0.00, 0.00, 3.33),
(1318, 2, 17, 23, 0.00, 0.00, 0.00, 12.02),
(1319, 2, 14, 23, 0.00, 0.00, 0.00, 6.41),
(1320, 2, 13, 23, 0.00, 0.00, 0.00, 15.02),
(1321, 2, 32, 23, 0.00, 0.00, 0.00, 9.56),
(1322, 2, 22, 23, 0.00, 0.00, 0.00, 10.29),
(1323, 2, 4, 23, 0.00, 0.00, 0.00, 9.67),
(1324, 2, 2, 23, 0.00, 0.00, 0.00, 10.25),
(1325, 2, 3, 23, 0.00, 0.00, 0.00, 9.86),
(1326, 2, 19, 23, 0.00, 0.00, 0.00, 10.09),
(1327, 1, 1, 24, 0.00, 0.00, -2.00, -2.00),
(1328, 1, 2, 24, 0.00, 0.00, -3.00, -3.00),
(1329, 1, 3, 24, 0.00, 0.00, -3.00, -3.00),
(1330, 1, 4, 24, 0.00, -1.00, -4.00, -5.00),
(1331, 1, 5, 24, 0.00, -1.00, -4.00, -5.00),
(1332, 1, 6, 24, 0.00, 0.00, -2.00, -2.00),
(1333, 1, 7, 24, 0.00, -2.00, -5.00, -7.00),
(1334, 1, 8, 24, 0.00, 0.00, -3.00, -3.00),
(1335, 1, 9, 24, 0.00, -2.00, -5.00, -7.00),
(1336, 1, 10, 24, 0.00, 0.00, -3.00, -3.00),
(1337, 1, 11, 24, 0.00, -2.00, -4.00, -6.00),
(1338, 1, 12, 24, 0.00, 0.00, -3.00, -3.00),
(1339, 1, 13, 24, 0.00, 0.00, -2.00, -2.00),
(1340, 1, 14, 24, 0.00, 0.00, -3.00, -3.00),
(1341, 1, 15, 24, 0.00, 1.00, -2.00, -1.00),
(1342, 1, 17, 24, 0.00, 0.00, -2.00, -2.00),
(1343, 1, 18, 24, 0.00, 0.00, -2.00, -2.00),
(1344, 1, 19, 24, 0.00, -1.00, -4.00, -5.00),
(1345, 1, 20, 24, 0.00, 1.00, -2.00, -1.00),
(1346, 1, 21, 24, 0.00, 0.00, -3.00, -3.00),
(1347, 1, 22, 24, 0.00, 0.00, -3.00, -3.00),
(1348, 1, 23, 24, 3.00, 2.00, 0.00, 5.00),
(1349, 1, 25, 24, 0.00, 0.00, -2.00, -2.00),
(1350, 1, 26, 24, 0.00, -2.00, -5.00, -7.00),
(1351, 1, 27, 24, 0.00, 1.00, -2.00, -1.00),
(1352, 1, 28, 24, 0.00, 0.00, -2.00, -2.00),
(1353, 1, 30, 24, 0.00, -3.00, -2.00, -5.00),
(1354, 1, 31, 24, 0.00, -1.00, -3.00, -4.00),
(1355, 1, 32, 24, 0.00, -4.00, -7.00, -11.00),
(1356, 2, 25, 24, 0.00, 0.00, 0.00, 13.88),
(1357, 2, 27, 24, 0.00, 0.00, 0.00, 13.74),
(1358, 2, 7, 24, 0.00, 0.00, 0.00, 6.86),
(1359, 2, 5, 24, 0.00, 0.00, 0.00, 7.36),
(1360, 2, 8, 24, 0.00, 0.00, 0.00, 10.97),
(1361, 2, 15, 24, 0.00, 0.00, 0.00, 10.95),
(1362, 2, 9, 24, 0.00, 0.00, 0.00, 5.79),
(1363, 2, 1, 24, 0.00, 0.00, 0.00, 13.34),
(1364, 2, 26, 24, 0.00, 0.00, 0.00, 5.47),
(1365, 2, 6, 24, 0.00, 0.00, 0.00, 10.33),
(1366, 2, 12, 24, 0.00, 0.00, 0.00, 10.73),
(1367, 2, 11, 24, 0.00, 0.00, 0.00, 5.00),
(1368, 2, 23, 24, 0.00, 0.00, 0.00, 15.43),
(1369, 2, 28, 24, 0.00, 0.00, 0.00, 13.88),
(1370, 2, 18, 24, 0.00, 0.00, 0.00, 8.93),
(1371, 2, 10, 24, 0.00, 0.00, 0.00, 7.35),
(1372, 2, 21, 24, 0.00, 0.00, 0.00, 11.35),
(1373, 2, 31, 24, 0.00, 0.00, 0.00, 11.45),
(1374, 2, 17, 24, 0.00, 0.00, 0.00, 8.98),
(1375, 2, 14, 24, 0.00, 0.00, 0.00, 10.95),
(1376, 2, 13, 24, 0.00, 0.00, 0.00, 12.29),
(1377, 2, 32, 24, 0.00, 0.00, 0.00, 0.00),
(1378, 2, 22, 24, 0.00, 0.00, 0.00, 11.68),
(1379, 2, 4, 24, 0.00, 0.00, 0.00, 9.87),
(1380, 2, 20, 24, 0.00, 0.00, 0.00, 12.53),
(1381, 2, 2, 24, 0.00, 0.00, 0.00, 10.62),
(1382, 2, 3, 24, 0.00, 0.00, 0.00, 10.62),
(1383, 2, 19, 24, 0.00, 0.00, 0.00, 9.65),
(1384, 1, 1, 25, 3.00, 4.00, 2.00, 9.00),
(1385, 1, 2, 25, 3.00, 4.00, 2.00, 9.00),
(1386, 1, 3, 25, 3.00, 5.00, 2.00, 10.00),
(1387, 1, 4, 25, 3.00, 4.00, 2.00, 9.00),
(1388, 1, 5, 25, 3.00, 4.00, 2.00, 9.00),
(1389, 1, 6, 25, 3.00, 2.00, 0.00, 5.00),
(1390, 1, 7, 25, 3.00, 4.00, 2.00, 9.00),
(1391, 1, 8, 25, 3.00, 4.00, 1.00, 8.00),
(1392, 1, 9, 25, 3.00, 4.00, 2.00, 9.00),
(1393, 1, 10, 25, 3.00, 3.00, 0.00, 6.00),
(1394, 1, 11, 25, 3.00, 6.00, 3.00, 12.00),
(1395, 1, 12, 25, 3.00, 3.00, 2.00, 8.00),
(1396, 1, 13, 25, 3.00, 5.00, 2.00, 10.00),
(1397, 1, 14, 25, 3.00, 5.00, 2.00, 10.00),
(1398, 1, 15, 25, 3.00, 4.00, 1.00, 8.00),
(1399, 1, 17, 25, 3.00, 4.00, 1.00, 8.00),
(1400, 1, 18, 25, 3.00, 4.00, 1.00, 8.00),
(1401, 1, 19, 25, 3.00, 4.00, 2.00, 9.00),
(1402, 1, 20, 25, 3.00, 3.00, 1.00, 7.00),
(1403, 1, 21, 25, 3.00, 3.00, 0.00, 6.00),
(1404, 1, 22, 25, 3.00, 4.00, 2.00, 9.00),
(1405, 1, 23, 25, 3.00, 4.00, 2.00, 9.00),
(1406, 1, 25, 25, 3.00, 3.00, 1.00, 7.00),
(1407, 1, 26, 25, 3.00, 4.00, 2.00, 9.00),
(1408, 1, 27, 25, 3.00, 3.00, 1.00, 7.00),
(1409, 1, 28, 25, 3.00, 2.00, 1.00, 6.00),
(1410, 1, 30, 25, 3.00, 3.00, 1.00, 7.00),
(1411, 1, 31, 25, 3.00, 1.00, -1.00, 3.00),
(1412, 1, 32, 25, 3.00, 3.00, 0.00, 6.00),
(1413, 2, 25, 25, 0.00, 0.00, 0.00, 9.20),
(1414, 2, 27, 25, 0.00, 0.00, 0.00, 8.69),
(1415, 2, 7, 25, 0.00, 0.00, 0.00, 12.37),
(1416, 2, 5, 25, 0.00, 0.00, 0.00, 10.64),
(1417, 2, 8, 25, 0.00, 0.00, 0.00, 11.20),
(1418, 2, 15, 25, 0.00, 0.00, 0.00, 11.20),
(1419, 2, 9, 25, 0.00, 0.00, 0.00, 11.51),
(1420, 2, 1, 25, 0.00, 0.00, 0.00, 11.97),
(1421, 2, 26, 25, 0.00, 0.00, 0.00, 10.64),
(1422, 2, 6, 25, 0.00, 0.00, 0.00, 4.34),
(1423, 2, 12, 25, 0.00, 0.00, 0.00, 9.76),
(1424, 2, 11, 25, 0.00, 0.00, 0.00, 15.19),
(1425, 2, 23, 25, 0.00, 0.00, 0.00, 11.20),
(1426, 2, 28, 25, 0.00, 0.00, 0.00, 5.22),
(1427, 2, 18, 25, 0.00, 0.00, 0.00, 10.73),
(1428, 2, 10, 25, 0.00, 0.00, 0.00, 6.40),
(1429, 2, 21, 25, 0.00, 0.00, 0.00, 8.22),
(1430, 2, 31, 25, 0.00, 0.00, 0.00, 0.00),
(1431, 2, 17, 25, 0.00, 0.00, 0.00, 8.94),
(1432, 2, 14, 25, 0.00, 0.00, 0.00, 13.40),
(1433, 2, 13, 25, 0.00, 0.00, 0.00, 11.62),
(1434, 2, 32, 25, 0.00, 0.00, 0.00, 8.00),
(1435, 2, 22, 25, 0.00, 0.00, 0.00, 11.51),
(1436, 2, 4, 25, 0.00, 0.00, 0.00, 11.51),
(1437, 2, 20, 25, 0.00, 0.00, 0.00, 8.88),
(1438, 2, 30, 25, 0.00, 0.00, 0.00, 8.69),
(1439, 2, 2, 25, 0.00, 0.00, 0.00, 13.19),
(1440, 2, 3, 25, 0.00, 0.00, 0.00, 13.40),
(1441, 2, 19, 25, 0.00, 0.00, 0.00, 12.37),
(1442, 1, 1, 26, 3.00, 1.00, -1.00, 3.00),
(1443, 1, 2, 26, 0.00, 2.00, -1.00, 1.00),
(1444, 1, 3, 26, 0.00, 1.00, -2.00, -1.00),
(1445, 1, 4, 26, 0.00, 1.00, -2.00, -1.00),
(1446, 1, 5, 26, 0.00, 1.00, -2.00, -1.00),
(1447, 1, 6, 26, 0.00, 1.00, -2.00, -1.00),
(1448, 1, 7, 26, 3.00, 3.00, 0.00, 6.00),
(1449, 1, 8, 26, 3.00, 2.00, -1.00, 4.00),
(1450, 1, 9, 26, 0.00, 0.00, -3.00, -3.00),
(1451, 1, 10, 26, 0.00, 0.00, -2.00, -2.00),
(1452, 1, 11, 26, 3.00, 3.00, 0.00, 6.00),
(1453, 1, 12, 26, 3.00, 3.00, 0.00, 6.00),
(1454, 1, 13, 26, 0.00, 0.00, -3.00, -3.00),
(1455, 1, 14, 26, 3.00, 3.00, 0.00, 6.00),
(1456, 1, 15, 26, 3.00, 1.00, -1.00, 3.00),
(1457, 1, 17, 26, 0.00, 0.00, -2.00, -2.00),
(1458, 1, 18, 26, 0.00, -1.00, -4.00, -5.00),
(1459, 1, 19, 26, 3.00, 1.00, -1.00, 3.00),
(1460, 1, 20, 26, 0.00, 0.00, -3.00, -3.00),
(1461, 1, 21, 26, 3.00, 2.00, 0.00, 5.00),
(1462, 1, 22, 26, 0.00, 0.00, -3.00, -3.00),
(1463, 1, 23, 26, 0.00, 1.00, -2.00, -1.00),
(1464, 1, 25, 26, 3.00, 3.00, 0.00, 6.00),
(1465, 1, 26, 26, 0.00, 0.00, -2.00, -2.00),
(1466, 1, 27, 26, 3.00, 2.00, -1.00, 4.00),
(1467, 1, 28, 26, 0.00, 1.00, -2.00, -1.00),
(1468, 1, 30, 26, 0.00, 0.00, -2.00, -2.00),
(1469, 1, 31, 26, 0.00, -4.00, -1.00, -5.00),
(1470, 1, 32, 26, 0.00, 1.00, -2.00, -1.00),
(1471, 2, 25, 26, 0.00, 0.00, 0.00, 17.98),
(1472, 2, 27, 26, 0.00, 0.00, 0.00, 13.81),
(1473, 2, 7, 26, 0.00, 0.00, 0.00, 16.97),
(1474, 2, 5, 26, 0.00, 0.00, 0.00, 8.52),
(1475, 2, 8, 26, 0.00, 0.00, 0.00, 10.18),
(1476, 2, 15, 26, 0.00, 0.00, 0.00, 12.14),
(1477, 2, 9, 26, 0.00, 0.00, 0.00, 5.86),
(1478, 2, 1, 26, 0.00, 0.00, 0.00, 12.60),
(1479, 2, 26, 26, 0.00, 0.00, 0.00, 7.76),
(1480, 2, 6, 26, 0.00, 0.00, 0.00, 10.38),
(1481, 2, 12, 26, 0.00, 0.00, 0.00, 16.97),
(1482, 2, 11, 26, 0.00, 0.00, 0.00, 14.85),
(1483, 2, 23, 26, 0.00, 0.00, 0.00, 6.92),
(1484, 2, 18, 26, 0.00, 0.00, 0.00, 0.00),
(1485, 2, 10, 26, 0.00, 0.00, 0.00, 5.63),
(1486, 2, 21, 26, 0.00, 0.00, 0.00, 14.22),
(1487, 2, 17, 26, 0.00, 0.00, 0.00, 7.83),
(1488, 2, 14, 26, 0.00, 0.00, 0.00, 16.91),
(1489, 2, 13, 26, 0.00, 0.00, 0.00, 5.86),
(1490, 2, 32, 26, 0.00, 0.00, 0.00, 7.80),
(1491, 2, 22, 26, 0.00, 0.00, 0.00, 4.01),
(1492, 2, 4, 26, 0.00, 0.00, 0.00, 6.92),
(1493, 2, 28, 26, 0.00, 0.00, 0.00, 7.80),
(1494, 2, 20, 26, 0.00, 0.00, 0.00, 5.86),
(1495, 2, 30, 26, 0.00, 0.00, 0.00, 8.67),
(1496, 2, 2, 26, 0.00, 0.00, 0.00, 11.26),
(1497, 2, 3, 26, 0.00, 0.00, 0.00, 10.38),
(1498, 2, 19, 26, 0.00, 0.00, 0.00, 11.92),
(1499, 1, 1, 27, 3.00, -1.00, -2.00, 0.00),
(1500, 1, 2, 27, 3.00, 3.00, 0.00, 6.00),
(1501, 1, 3, 27, 3.00, 2.00, 0.00, 5.00),
(1502, 1, 4, 27, 3.00, -2.00, -1.00, 0.00),
(1503, 1, 5, 27, 3.00, 2.00, 1.00, 6.00),
(1504, 1, 6, 27, 3.00, 2.00, 0.00, 5.00),
(1505, 1, 7, 27, 3.00, 0.00, -2.00, 1.00),
(1506, 1, 8, 27, 3.00, 0.00, -3.00, 0.00),
(1507, 1, 9, 27, 3.00, 0.00, -2.00, 1.00),
(1508, 1, 10, 27, 3.00, 2.00, -1.00, 4.00),
(1509, 1, 11, 27, 3.00, 4.00, 2.00, 9.00),
(1510, 1, 12, 27, 3.00, 4.00, 1.00, 8.00),
(1511, 1, 13, 27, 3.00, 2.00, 0.00, 5.00),
(1512, 1, 14, 27, 3.00, -2.00, -1.00, 0.00),
(1513, 1, 15, 27, 3.00, 3.00, 1.00, 7.00),
(1514, 1, 17, 27, 3.00, 4.00, 1.00, 8.00),
(1515, 1, 18, 27, 3.00, 1.00, -1.00, 3.00),
(1516, 1, 19, 27, 3.00, 1.00, -1.00, 3.00),
(1517, 1, 20, 27, 3.00, 1.00, 0.00, 4.00),
(1518, 1, 21, 27, 3.00, 5.00, 2.00, 10.00),
(1519, 1, 22, 27, 3.00, 3.00, 1.00, 7.00),
(1520, 1, 23, 27, 3.00, 1.00, -1.00, 3.00),
(1521, 1, 25, 27, 3.00, 1.00, -2.00, 2.00),
(1522, 1, 26, 27, 3.00, 3.00, 0.00, 6.00),
(1523, 1, 27, 27, 3.00, -2.00, -1.00, 0.00),
(1524, 1, 28, 27, 3.00, 0.00, -1.00, 2.00),
(1525, 1, 30, 27, 3.00, 4.00, 1.00, 8.00),
(1526, 1, 31, 27, 3.00, 0.00, -2.00, 1.00),
(1527, 1, 32, 27, 3.00, 3.00, 1.00, 7.00),
(1528, 2, 25, 27, 0.00, 0.00, 0.00, 8.36),
(1529, 2, 27, 27, 0.00, 0.00, 0.00, 2.37),
(1530, 2, 7, 27, 0.00, 0.00, 0.00, 4.72),
(1531, 2, 5, 27, 0.00, 0.00, 0.00, 12.22),
(1532, 2, 8, 27, 0.00, 0.00, 0.00, 6.82),
(1533, 2, 15, 27, 0.00, 0.00, 0.00, 13.23),
(1534, 2, 9, 27, 0.00, 0.00, 0.00, 4.19),
(1535, 2, 1, 27, 0.00, 0.00, 0.00, 2.89),
(1536, 2, 26, 27, 0.00, 0.00, 0.00, 11.18),
(1537, 2, 6, 27, 0.00, 0.00, 0.00, 11.72),
(1538, 2, 12, 27, 0.00, 0.00, 0.00, 16.00),
(1539, 2, 11, 27, 0.00, 0.00, 0.00, 18.64),
(1540, 2, 23, 27, 0.00, 0.00, 0.00, 11.25),
(1541, 2, 31, 27, 0.00, 0.00, 0.00, 4.78),
(1542, 2, 17, 27, 0.00, 0.00, 0.00, 16.89),
(1543, 2, 14, 27, 0.00, 0.00, 0.00, 1.80),
(1544, 2, 32, 27, 0.00, 0.00, 0.00, 13.59),
(1545, 2, 22, 27, 0.00, 0.00, 0.00, 13.69),
(1546, 2, 4, 27, 0.00, 0.00, 0.00, 0.00),
(1547, 2, 21, 27, 0.00, 0.00, 0.00, 18.79),
(1548, 2, 28, 27, 0.00, 0.00, 0.00, 6.72),
(1549, 2, 13, 27, 0.00, 0.00, 0.00, 11.79),
(1550, 2, 20, 27, 0.00, 0.00, 0.00, 9.89),
(1551, 2, 18, 27, 0.00, 0.00, 0.00, 9.60),
(1552, 2, 30, 27, 0.00, 0.00, 0.00, 16.65),
(1553, 2, 10, 27, 0.00, 0.00, 0.00, 10.63),
(1554, 2, 2, 27, 0.00, 0.00, 0.00, 11.18),
(1555, 2, 3, 27, 0.00, 0.00, 0.00, 11.79),
(1556, 2, 19, 27, 0.00, 0.00, 0.00, 8.63),
(1557, 1, 1, 28, 3.00, -1.00, -2.00, 0.00),
(1558, 1, 2, 28, 3.00, 1.00, 0.00, 4.00),
(1559, 1, 3, 28, 3.00, 1.00, 0.00, 4.00),
(1560, 1, 4, 28, 3.00, 1.00, 0.00, 4.00),
(1561, 1, 5, 28, 3.00, 1.00, 0.00, 4.00),
(1562, 1, 6, 28, 3.00, 0.00, 1.00, 4.00),
(1563, 1, 7, 28, 3.00, 2.00, 2.00, 7.00),
(1564, 1, 8, 28, 3.00, 1.00, 1.00, 5.00),
(1565, 1, 9, 28, 3.00, 2.00, 0.00, 5.00),
(1566, 1, 10, 28, 3.00, 0.00, 0.00, 3.00),
(1567, 1, 11, 28, 3.00, -1.00, -1.00, 1.00),
(1568, 1, 12, 28, 3.00, -1.00, -2.00, 0.00),
(1569, 1, 13, 28, 3.00, 1.00, 0.00, 4.00),
(1570, 1, 14, 28, 3.00, -1.00, 2.00, 4.00),
(1571, 1, 15, 28, 3.00, -1.00, -1.00, 1.00),
(1572, 1, 17, 28, 3.00, 3.00, 0.00, 6.00),
(1573, 1, 18, 28, 3.00, 0.00, 1.00, 4.00),
(1574, 1, 19, 28, 3.00, 0.00, 1.00, 4.00),
(1575, 1, 20, 28, 3.00, -1.00, -3.00, -1.00),
(1576, 1, 21, 28, 3.00, 0.00, -1.00, 2.00),
(1577, 1, 22, 28, 3.00, 3.00, 0.00, 6.00),
(1578, 1, 23, 28, 3.00, -2.00, 0.00, 1.00),
(1579, 1, 25, 28, 3.00, 1.00, 1.00, 5.00),
(1580, 1, 26, 28, 3.00, 2.00, 1.00, 6.00),
(1581, 1, 27, 28, 3.00, 4.00, 2.00, 9.00),
(1582, 1, 28, 28, 3.00, 1.00, 2.00, 6.00),
(1583, 1, 30, 28, 3.00, -2.00, 0.00, 1.00),
(1584, 1, 31, 28, 0.00, -1.00, 0.00, -1.00),
(1585, 1, 32, 28, 3.00, 0.00, -1.00, 2.00),
(1586, 2, 25, 28, 0.00, 0.00, 0.00, 12.51),
(1587, 2, 27, 28, 0.00, 0.00, 0.00, 24.71),
(1588, 2, 7, 28, 0.00, 0.00, 0.00, 16.51),
(1589, 2, 5, 28, 0.00, 0.00, 0.00, 12.39),
(1590, 2, 8, 28, 0.00, 0.00, 0.00, 13.40),
(1591, 2, 15, 28, 0.00, 0.00, 0.00, 4.16),
(1592, 2, 9, 28, 0.00, 0.00, 0.00, 14.57),
(1593, 2, 1, 28, 0.00, 0.00, 0.00, 2.86),
(1594, 2, 26, 28, 0.00, 0.00, 0.00, 15.24),
(1595, 2, 6, 28, 0.00, 0.00, 0.00, 8.19),
(1596, 2, 12, 28, 0.00, 0.00, 0.00, 2.64),
(1597, 2, 11, 28, 0.00, 0.00, 0.00, 6.04),
(1598, 2, 23, 28, 0.00, 0.00, 0.00, 2.54),
(1599, 2, 18, 28, 0.00, 0.00, 0.00, 11.23),
(1600, 2, 17, 28, 0.00, 0.00, 0.00, 13.63),
(1601, 2, 14, 28, 0.00, 0.00, 0.00, 6.89),
(1602, 2, 13, 28, 0.00, 0.00, 0.00, 12.39),
(1603, 2, 32, 28, 0.00, 0.00, 0.00, 4.38),
(1604, 2, 22, 28, 0.00, 0.00, 0.00, 18.99),
(1605, 2, 4, 28, 0.00, 0.00, 0.00, 11.23),
(1606, 2, 21, 28, 0.00, 0.00, 0.00, 6.47),
(1607, 2, 28, 28, 0.00, 0.00, 0.00, 13.63),
(1608, 2, 20, 28, 0.00, 0.00, 0.00, 0.00),
(1609, 2, 30, 28, 0.00, 0.00, 0.00, 2.99),
(1610, 2, 10, 28, 0.00, 0.00, 0.00, 8.84),
(1611, 2, 2, 28, 0.00, 0.00, 0.00, 10.05),
(1612, 2, 3, 28, 0.00, 0.00, 0.00, 11.92),
(1613, 2, 19, 28, 0.00, 0.00, 0.00, 11.60),
(1614, 1, 1, 29, 0.00, 5.00, 2.00, 7.00),
(1615, 1, 2, 29, 0.00, 3.00, 1.00, 4.00),
(1616, 1, 3, 29, 0.00, 4.00, 1.00, 5.00),
(1617, 1, 4, 29, 0.00, 4.00, 1.00, 5.00),
(1618, 1, 5, 29, 0.00, 2.00, 1.00, 3.00),
(1619, 1, 6, 29, 3.00, 5.00, 2.00, 10.00),
(1620, 1, 7, 29, 0.00, 2.00, 1.00, 3.00),
(1621, 1, 8, 29, 0.00, 2.00, 1.00, 3.00),
(1622, 1, 9, 29, 0.00, 4.00, 2.00, 6.00),
(1623, 1, 10, 29, 0.00, 4.00, 1.00, 5.00),
(1624, 1, 11, 29, 0.00, 2.00, 1.00, 3.00),
(1625, 1, 12, 29, 0.00, 1.00, -2.00, -1.00),
(1626, 1, 13, 29, 0.00, -2.00, 1.00, -1.00),
(1627, 1, 14, 29, 0.00, 4.00, 2.00, 6.00),
(1628, 1, 15, 29, 0.00, 2.00, 0.00, 2.00),
(1629, 1, 17, 29, 0.00, 3.00, 0.00, 3.00),
(1630, 1, 18, 29, 3.00, 2.00, 1.00, 6.00),
(1631, 1, 19, 29, 0.00, 2.00, 0.00, 2.00),
(1632, 1, 20, 29, 0.00, 2.00, 0.00, 2.00),
(1633, 1, 21, 29, 0.00, -1.00, 0.00, -1.00),
(1634, 1, 22, 29, 0.00, 3.00, 0.00, 3.00),
(1635, 1, 23, 29, 0.00, 0.00, 2.00, 2.00),
(1636, 1, 25, 29, 0.00, 3.00, 1.00, 4.00),
(1637, 1, 26, 29, 3.00, 3.00, 2.00, 8.00),
(1638, 1, 27, 29, 0.00, 2.00, 0.00, 2.00),
(1639, 1, 28, 29, 0.00, 2.00, -1.00, 1.00),
(1640, 1, 30, 29, 0.00, 3.00, 0.00, 3.00),
(1641, 1, 31, 29, 3.00, 3.00, 2.00, 8.00),
(1642, 1, 32, 29, 0.00, -1.00, 0.00, -1.00),
(1643, 2, 25, 29, 0.00, 0.00, 0.00, 12.14),
(1644, 2, 27, 29, 0.00, 0.00, 0.00, 7.92),
(1645, 2, 7, 29, 0.00, 0.00, 0.00, 8.96),
(1646, 2, 5, 29, 0.00, 0.00, 0.00, 8.69),
(1647, 2, 8, 29, 0.00, 0.00, 0.00, 9.44),
(1648, 2, 15, 29, 0.00, 0.00, 0.00, 8.72),
(1649, 2, 9, 29, 0.00, 0.00, 0.00, 13.71),
(1650, 2, 1, 29, 0.00, 0.00, 0.00, 14.50),
(1651, 2, 26, 29, 0.00, 0.00, 0.00, 12.19),
(1652, 2, 6, 29, 0.00, 0.00, 0.00, 15.22),
(1653, 2, 12, 29, 0.00, 0.00, 0.00, 5.48),
(1654, 2, 11, 29, 0.00, 0.00, 0.00, 7.79),
(1655, 2, 23, 29, 0.00, 0.00, 0.00, 4.01),
(1656, 2, 14, 29, 0.00, 0.00, 0.00, 15.10),
(1657, 2, 13, 29, 0.00, 0.00, 0.00, 0.00),
(1658, 2, 28, 29, 0.00, 0.00, 0.00, 7.71),
(1659, 2, 18, 29, 0.00, 0.00, 0.00, 6.91),
(1660, 2, 30, 29, 0.00, 0.00, 0.00, 9.64),
(1661, 2, 10, 29, 0.00, 0.00, 0.00, 13.50),
(1662, 2, 20, 29, 0.00, 0.00, 0.00, 9.34),
(1663, 2, 17, 29, 0.00, 0.00, 0.00, 11.23),
(1664, 2, 4, 29, 0.00, 0.00, 0.00, 13.78),
(1665, 2, 31, 29, 0.00, 0.00, 0.00, 12.14),
(1666, 2, 22, 29, 0.00, 0.00, 0.00, 10.05),
(1667, 2, 2, 29, 0.00, 0.00, 0.00, 11.58),
(1668, 2, 3, 29, 0.00, 0.00, 0.00, 10.91),
(1669, 2, 19, 29, 0.00, 0.00, 0.00, 9.34),
(1670, 1, 1, 30, 3.00, 3.00, 2.00, 8.00),
(1671, 1, 2, 30, 3.00, 2.00, 0.00, 5.00),
(1672, 1, 3, 30, 3.00, 2.00, 1.00, 6.00),
(1673, 1, 4, 30, 3.00, 2.00, 3.00, 8.00),
(1674, 1, 5, 30, 3.00, 4.00, 1.00, 8.00),
(1675, 1, 6, 30, 3.00, -1.00, -4.00, -2.00),
(1676, 1, 7, 30, 3.00, 1.00, -2.00, 2.00),
(1677, 1, 8, 30, 3.00, 2.00, -1.00, 4.00),
(1678, 1, 9, 30, 3.00, 1.00, 0.00, 4.00),
(1679, 1, 10, 30, 3.00, 0.00, -3.00, 0.00),
(1680, 1, 11, 30, 3.00, 3.00, 1.00, 7.00),
(1681, 1, 12, 30, 3.00, 1.00, -2.00, 2.00),
(1682, 1, 13, 30, 3.00, 3.00, 2.00, 8.00),
(1683, 1, 14, 30, 3.00, 3.00, 0.00, 6.00),
(1684, 1, 15, 30, 3.00, 3.00, 0.00, 6.00),
(1685, 1, 17, 30, 3.00, 2.00, 1.00, 6.00),
(1686, 1, 18, 30, 3.00, 2.00, 1.00, 6.00),
(1687, 1, 19, 30, 3.00, 1.00, 1.00, 5.00),
(1688, 1, 20, 30, 3.00, 3.00, 2.00, 8.00),
(1689, 1, 21, 30, 3.00, 1.00, 1.00, 5.00),
(1690, 1, 22, 30, 3.00, 2.00, 2.00, 7.00),
(1691, 1, 23, 30, 0.00, -1.00, -4.00, -5.00),
(1692, 1, 25, 30, 3.00, 2.00, -1.00, 4.00),
(1693, 1, 26, 30, 3.00, 2.00, 2.00, 7.00),
(1694, 1, 27, 30, 3.00, -1.00, -1.00, 1.00),
(1695, 1, 28, 30, 3.00, 1.00, 2.00, 6.00),
(1696, 1, 30, 30, 3.00, 2.00, 2.00, 7.00),
(1697, 1, 31, 30, 3.00, 0.00, -2.00, 1.00),
(1698, 1, 32, 30, 3.00, 3.00, 1.00, 7.00),
(1699, 2, 25, 30, 0.00, 0.00, 0.00, 9.99),
(1700, 2, 27, 30, 0.00, 0.00, 0.00, 3.59),
(1701, 2, 7, 30, 0.00, 0.00, 0.00, 5.88),
(1702, 2, 5, 30, 0.00, 0.00, 0.00, 15.63),
(1703, 2, 8, 30, 0.00, 0.00, 0.00, 8.98),
(1704, 2, 15, 30, 0.00, 0.00, 0.00, 12.62),
(1705, 2, 9, 30, 0.00, 0.00, 0.00, 7.69),
(1706, 2, 1, 30, 0.00, 0.00, 0.00, 13.02),
(1707, 2, 26, 30, 0.00, 0.00, 0.00, 12.49),
(1708, 2, 6, 30, 0.00, 0.00, 0.00, 0.00),
(1709, 2, 12, 30, 0.00, 0.00, 0.00, 4.79),
(1710, 2, 11, 30, 0.00, 0.00, 0.00, 14.81),
(1711, 2, 23, 30, 0.00, 0.00, 0.00, 4.33),
(1712, 2, 14, 30, 0.00, 0.00, 0.00, 13.27),
(1713, 2, 13, 30, 0.00, 0.00, 0.00, 12.72),
(1714, 2, 28, 30, 0.00, 0.00, 0.00, 9.53),
(1715, 2, 18, 30, 0.00, 0.00, 0.00, 11.45),
(1716, 2, 10, 30, 0.00, 0.00, 0.00, 1.40),
(1717, 2, 30, 30, 0.00, 0.00, 0.00, 11.02),
(1718, 2, 20, 30, 0.00, 0.00, 0.00, 13.86),
(1719, 2, 17, 30, 0.00, 0.00, 0.00, 11.31),
(1720, 2, 4, 30, 0.00, 0.00, 0.00, 13.94),
(1721, 2, 31, 30, 0.00, 0.00, 0.00, 7.24),
(1722, 2, 22, 30, 0.00, 0.00, 0.00, 13.45),
(1723, 2, 21, 30, 0.00, 0.00, 0.00, 8.75),
(1724, 2, 32, 30, 0.00, 0.00, 0.00, 15.41),
(1725, 2, 2, 30, 0.00, 0.00, 0.00, 11.53),
(1726, 2, 3, 30, 0.00, 0.00, 0.00, 11.31),
(1727, 2, 19, 30, 0.00, 0.00, 0.00, 9.99),
(1728, 1, 1, 31, 3.00, -1.00, -4.00, -2.00),
(1729, 1, 2, 31, 3.00, -1.00, -3.00, -1.00),
(1730, 1, 3, 31, 3.00, -1.00, -3.00, -1.00),
(1731, 1, 4, 31, 3.00, -1.00, -3.00, -1.00),
(1732, 1, 5, 31, 3.00, 0.00, -3.00, 0.00),
(1733, 1, 6, 31, 3.00, -2.00, -5.00, -4.00),
(1734, 1, 7, 31, 3.00, -2.00, -4.00, -3.00),
(1735, 1, 8, 31, 3.00, -5.00, -7.00, -9.00),
(1736, 1, 9, 31, 3.00, 1.00, -1.00, 3.00),
(1737, 1, 10, 31, 3.00, -1.00, -3.00, -1.00),
(1738, 1, 11, 31, 3.00, 1.00, -2.00, 2.00),
(1739, 1, 12, 31, 3.00, 0.00, -3.00, 0.00),
(1740, 1, 13, 31, 3.00, -1.00, -3.00, -1.00),
(1741, 1, 14, 31, 3.00, 1.00, -2.00, 2.00),
(1742, 1, 15, 31, 3.00, 0.00, -3.00, 0.00),
(1743, 1, 17, 31, 3.00, -1.00, -3.00, -1.00),
(1744, 1, 18, 31, 3.00, 0.00, -2.00, 1.00),
(1745, 1, 19, 31, 3.00, 0.00, -3.00, 0.00),
(1746, 1, 20, 31, 3.00, -1.00, -4.00, -2.00),
(1747, 1, 21, 31, 0.00, -10.00, -10.00, -20.00),
(1748, 1, 22, 31, 3.00, -2.00, -4.00, -3.00),
(1749, 1, 23, 31, 3.00, -3.00, -6.00, -6.00),
(1750, 1, 25, 31, 3.00, 3.00, 1.00, 7.00),
(1751, 1, 26, 31, 3.00, 0.00, -3.00, 0.00),
(1752, 1, 27, 31, 3.00, -4.00, -7.00, -8.00),
(1753, 1, 28, 31, 3.00, 1.00, -2.00, 2.00),
(1754, 1, 30, 31, 3.00, 0.00, -3.00, 0.00),
(1755, 1, 31, 31, 3.00, 1.00, -2.00, 2.00),
(1756, 1, 32, 31, 3.00, -3.00, -6.00, -6.00),
(1757, 2, 25, 31, 0.00, 0.00, 0.00, 18.88),
(1758, 2, 27, 31, 0.00, 0.00, 0.00, 0.00),
(1759, 2, 7, 31, 0.00, 0.00, 0.00, 8.44),
(1760, 2, 5, 31, 0.00, 0.00, 0.00, 12.14),
(1761, 2, 8, 31, 0.00, 0.00, 0.00, 0.15),
(1762, 2, 15, 31, 0.00, 0.00, 0.00, 11.94),
(1763, 2, 9, 31, 0.00, 0.00, 0.00, 14.16),
(1764, 2, 1, 31, 0.00, 0.00, 0.00, 9.95),
(1765, 2, 26, 31, 0.00, 0.00, 0.00, 10.45),
(1766, 2, 6, 31, 0.00, 0.00, 0.00, 6.30),
(1767, 2, 12, 31, 0.00, 0.00, 0.00, 9.20),
(1768, 2, 11, 31, 0.00, 0.00, 0.00, 13.06),
(1769, 2, 23, 31, 0.00, 0.00, 0.00, 5.29),
(1770, 2, 14, 31, 0.00, 0.00, 0.00, 13.94),
(1771, 2, 28, 31, 0.00, 0.00, 0.00, 14.29),
(1772, 2, 18, 31, 0.00, 0.00, 0.00, 12.08),
(1773, 2, 10, 31, 0.00, 0.00, 0.00, 10.82),
(1774, 2, 13, 31, 0.00, 0.00, 0.00, 9.63),
(1775, 2, 30, 31, 0.00, 0.00, 0.00, 11.60),
(1776, 2, 20, 31, 0.00, 0.00, 0.00, 9.19),
(1777, 2, 17, 31, 0.00, 0.00, 0.00, 11.38),
(1778, 2, 22, 31, 0.00, 0.00, 0.00, 6.19),
(1779, 2, 4, 31, 0.00, 0.00, 0.00, 9.63),
(1780, 2, 32, 31, 0.00, 0.00, 0.00, 5.98),
(1781, 2, 31, 31, 0.00, 0.00, 0.00, 13.51),
(1782, 2, 2, 31, 0.00, 0.00, 0.00, 10.43),
(1783, 2, 3, 31, 0.00, 0.00, 0.00, 10.43),
(1784, 2, 19, 31, 0.00, 0.00, 0.00, 10.95),
(1785, 1, 1, 32, 3.00, 3.00, 0.00, 6.00),
(1786, 1, 2, 32, 3.00, 4.00, 1.00, 8.00),
(1787, 1, 3, 32, 3.00, 4.00, 2.00, 9.00),
(1788, 1, 4, 32, 3.00, 3.00, 1.00, 7.00),
(1789, 1, 5, 32, 3.00, 2.00, 0.00, 5.00),
(1790, 1, 6, 32, 0.00, 5.00, 2.00, 7.00),
(1791, 1, 7, 32, 0.00, 4.00, 2.00, 6.00),
(1792, 1, 8, 32, 0.00, 2.00, -1.00, 1.00),
(1793, 1, 9, 32, 3.00, 3.00, 1.00, 7.00),
(1794, 1, 10, 32, 0.00, 4.00, 1.00, 5.00),
(1795, 1, 11, 32, 3.00, 1.00, -1.00, 3.00),
(1796, 1, 12, 32, 0.00, 3.00, 0.00, 3.00),
(1797, 1, 13, 32, 3.00, 5.00, 2.00, 10.00),
(1798, 1, 14, 32, 3.00, 3.00, 0.00, 6.00),
(1799, 1, 15, 32, 3.00, 0.00, -2.00, 1.00),
(1800, 1, 17, 32, 3.00, 4.00, 2.00, 9.00),
(1801, 1, 18, 32, 3.00, 1.00, -2.00, 2.00),
(1802, 1, 19, 32, 3.00, 3.00, 2.00, 8.00),
(1803, 1, 20, 32, 3.00, 2.00, 0.00, 5.00),
(1804, 1, 21, 32, 3.00, 3.00, 1.00, 7.00),
(1805, 1, 22, 32, 3.00, 3.00, 0.00, 6.00),
(1806, 1, 23, 32, 0.00, 4.00, 2.00, 6.00),
(1807, 1, 25, 32, 0.00, 3.00, 2.00, 5.00),
(1808, 1, 26, 32, 3.00, 3.00, 0.00, 6.00),
(1809, 1, 27, 32, 0.00, 3.00, 1.00, 4.00),
(1810, 1, 28, 32, 3.00, 2.00, 0.00, 5.00),
(1811, 1, 30, 32, 3.00, 2.00, 0.00, 5.00),
(1812, 1, 31, 32, 3.00, 4.00, 1.00, 8.00),
(1813, 1, 32, 32, 3.00, 3.00, 1.00, 7.00),
(1814, 2, 25, 32, 0.00, 0.00, 0.00, 9.03),
(1815, 2, 27, 32, 0.00, 0.00, 0.00, 9.71),
(1816, 2, 7, 32, 0.00, 0.00, 0.00, 14.76),
(1817, 2, 5, 32, 0.00, 0.00, 0.00, 8.01),
(1818, 2, 8, 32, 0.00, 0.00, 0.00, 7.70),
(1819, 2, 15, 32, 0.00, 0.00, 0.00, 1.22),
(1820, 2, 9, 32, 0.00, 0.00, 0.00, 11.72),
(1821, 2, 1, 32, 0.00, 0.00, 0.00, 8.52),
(1822, 2, 26, 32, 0.00, 0.00, 0.00, 9.03),
(1823, 2, 6, 32, 0.00, 0.00, 0.00, 16.61),
(1824, 2, 12, 32, 0.00, 0.00, 0.00, 10.56),
(1825, 2, 11, 32, 0.00, 0.00, 0.00, 2.88),
(1826, 2, 23, 32, 0.00, 0.00, 0.00, 13.18),
(1827, 2, 14, 32, 0.00, 0.00, 0.00, 8.86),
(1828, 2, 28, 32, 0.00, 0.00, 0.00, 8.99),
(1829, 2, 18, 32, 0.00, 0.00, 0.00, 0.00),
(1830, 2, 10, 32, 0.00, 0.00, 0.00, 13.63),
(1831, 2, 13, 32, 0.00, 0.00, 0.00, 16.61),
(1832, 2, 30, 32, 0.00, 0.00, 0.00, 7.44),
(1833, 2, 20, 32, 0.00, 0.00, 0.00, 8.01),
(1834, 2, 17, 32, 0.00, 0.00, 0.00, 11.98),
(1835, 2, 22, 32, 0.00, 0.00, 0.00, 8.24),
(1836, 2, 4, 32, 0.00, 0.00, 0.00, 10.94),
(1837, 2, 32, 32, 0.00, 0.00, 0.00, 11.41),
(1838, 2, 31, 32, 0.00, 0.00, 0.00, 11.47),
(1839, 2, 21, 32, 0.00, 0.00, 0.00, 11.23),
(1840, 2, 2, 32, 0.00, 0.00, 0.00, 13.10),
(1841, 2, 3, 32, 0.00, 0.00, 0.00, 13.93),
(1842, 2, 19, 32, 0.00, 0.00, 0.00, 11.23),
(1843, 1, 1, 33, 3.00, 4.00, 2.00, 9.00),
(1844, 1, 2, 33, 3.00, 4.00, 2.00, 9.00),
(1845, 1, 3, 33, 3.00, 4.00, 3.00, 10.00),
(1846, 1, 4, 33, 3.00, 2.00, 0.00, 5.00),
(1847, 1, 5, 33, 3.00, 4.00, 2.00, 9.00),
(1848, 1, 6, 33, 3.00, -1.00, -4.00, -2.00),
(1849, 1, 7, 33, 3.00, 2.00, 0.00, 5.00),
(1850, 1, 8, 33, 3.00, 4.00, 1.00, 8.00),
(1851, 1, 9, 33, 3.00, 2.00, 1.00, 6.00),
(1852, 1, 10, 33, 0.00, -7.00, -5.00, -12.00),
(1853, 1, 11, 33, 3.00, 4.00, 2.00, 9.00),
(1854, 1, 12, 33, 0.00, -3.00, -5.00, -8.00),
(1855, 1, 13, 33, 3.00, 4.00, 1.00, 8.00),
(1856, 1, 14, 33, 3.00, 2.00, 0.00, 5.00),
(1857, 1, 15, 33, 3.00, 3.00, 1.00, 7.00),
(1858, 1, 17, 33, 3.00, 3.00, 1.00, 7.00),
(1859, 1, 18, 33, 3.00, 1.00, 0.00, 4.00),
(1860, 1, 19, 33, 3.00, 4.00, 3.00, 10.00),
(1861, 1, 20, 33, 3.00, 2.00, 0.00, 5.00),
(1862, 1, 21, 33, 0.00, -7.00, -5.00, -12.00),
(1863, 1, 22, 33, 3.00, 4.00, 1.00, 8.00),
(1864, 1, 23, 33, 3.00, 1.00, -1.00, 3.00),
(1865, 1, 25, 33, 3.00, 2.00, 1.00, 6.00),
(1866, 1, 26, 33, 3.00, 2.00, 0.00, 5.00),
(1867, 1, 27, 33, 3.00, 2.00, 0.00, 5.00),
(1868, 1, 28, 33, 3.00, 4.00, 2.00, 9.00),
(1869, 1, 30, 33, 3.00, 0.00, 3.00, 6.00),
(1870, 1, 31, 33, 3.00, 5.00, 2.00, 10.00),
(1871, 1, 32, 33, 3.00, 3.00, 0.00, 6.00),
(1872, 2, 25, 33, 0.00, 0.00, 0.00, 8.84),
(1873, 2, 27, 33, 0.00, 0.00, 0.00, 9.64),
(1874, 2, 7, 33, 0.00, 0.00, 0.00, 8.50),
(1875, 2, 5, 33, 0.00, 0.00, 0.00, 11.91),
(1876, 2, 8, 33, 0.00, 0.00, 0.00, 11.61),
(1877, 2, 15, 33, 0.00, 0.00, 0.00, 9.84),
(1878, 2, 9, 33, 0.00, 0.00, 0.00, 8.34),
(1879, 2, 1, 33, 0.00, 0.00, 0.00, 13.35),
(1880, 2, 26, 33, 0.00, 0.00, 0.00, 8.84),
(1881, 2, 6, 33, 0.00, 0.00, 0.00, 2.97),
(1882, 2, 12, 33, 0.00, 0.00, 0.00, 0.00),
(1883, 2, 11, 33, 0.00, 0.00, 0.00, 14.06),
(1884, 2, 23, 33, 0.00, 0.00, 0.00, 8.50),
(1885, 2, 14, 33, 0.00, 0.00, 0.00, 7.34),
(1886, 2, 28, 33, 0.00, 0.00, 0.00, 13.58),
(1887, 2, 18, 33, 0.00, 0.00, 0.00, 6.96),
(1888, 2, 13, 33, 0.00, 0.00, 0.00, 12.21),
(1889, 2, 30, 33, 0.00, 0.00, 0.00, 6.47),
(1890, 2, 17, 33, 0.00, 0.00, 0.00, 11.57),
(1891, 2, 22, 33, 0.00, 0.00, 0.00, 13.03),
(1892, 2, 32, 33, 0.00, 0.00, 0.00, 10.78),
(1893, 2, 4, 33, 0.00, 0.00, 0.00, 9.01),
(1894, 2, 31, 33, 0.00, 0.00, 0.00, 13.67),
(1895, 2, 20, 33, 0.00, 0.00, 0.00, 9.34),
(1896, 2, 2, 33, 0.00, 0.00, 0.00, 13.58),
(1897, 2, 3, 33, 0.00, 0.00, 0.00, 13.03),
(1898, 2, 19, 33, 0.00, 0.00, 0.00, 13.03),
(1899, 1, 1, 34, 3.00, 1.00, 0.00, 4.00),
(1900, 1, 2, 34, 3.00, 0.00, 1.00, 4.00),
(1901, 1, 3, 34, 3.00, 0.00, 1.00, 4.00),
(1902, 1, 4, 34, 3.00, -5.00, 1.00, -1.00),
(1903, 1, 5, 34, 3.00, -2.00, 1.00, 2.00),
(1904, 1, 6, 34, 3.00, -1.00, 0.00, 2.00),
(1905, 1, 7, 34, 3.00, -1.00, 1.00, 3.00),
(1906, 1, 8, 34, 0.00, 0.00, 0.00, 0.00),
(1907, 1, 9, 34, 3.00, -3.00, 2.00, 2.00),
(1908, 1, 10, 34, 3.00, 0.00, -3.00, 0.00),
(1909, 1, 11, 34, 3.00, 1.00, -1.00, 3.00),
(1910, 1, 12, 34, 0.00, -3.00, 0.00, -3.00),
(1911, 1, 13, 34, 3.00, 2.00, 2.00, 7.00),
(1912, 1, 14, 34, 3.00, -1.00, 2.00, 4.00),
(1913, 1, 15, 34, 3.00, -1.00, 1.00, 3.00),
(1914, 1, 17, 34, 3.00, -1.00, 1.00, 3.00),
(1915, 1, 18, 34, 3.00, 0.00, 1.00, 4.00),
(1916, 1, 19, 34, 3.00, -1.00, 0.00, 2.00),
(1917, 1, 20, 34, 3.00, 0.00, 1.00, 4.00),
(1918, 1, 21, 34, 3.00, 1.00, 0.00, 4.00),
(1919, 1, 22, 34, 3.00, -3.00, 0.00, 0.00),
(1920, 1, 23, 34, 3.00, 2.00, 1.00, 6.00),
(1921, 1, 25, 34, 3.00, -1.00, 0.00, 2.00),
(1922, 1, 26, 34, 3.00, -2.00, 2.00, 3.00),
(1923, 1, 27, 34, 3.00, -2.00, 1.00, 2.00),
(1924, 1, 28, 34, 3.00, -1.00, -1.00, 1.00),
(1925, 1, 30, 34, 3.00, 1.00, -2.00, 2.00),
(1926, 1, 31, 34, 3.00, -2.00, 1.00, 2.00),
(1927, 1, 32, 34, 3.00, 1.00, -1.00, 3.00),
(1928, 2, 25, 34, 0.00, 0.00, 0.00, 10.03),
(1929, 2, 27, 34, 0.00, 0.00, 0.00, 5.33),
(1930, 2, 7, 34, 0.00, 0.00, 0.00, 11.59),
(1931, 2, 5, 34, 0.00, 0.00, 0.00, 7.45),
(1932, 2, 8, 34, 0.00, 0.00, 0.00, 10.81),
(1933, 2, 15, 34, 0.00, 0.00, 0.00, 10.89),
(1934, 2, 9, 34, 0.00, 0.00, 0.00, 6.48),
(1935, 2, 1, 34, 0.00, 0.00, 0.00, 13.10),
(1936, 2, 26, 34, 0.00, 0.00, 0.00, 6.67),
(1937, 2, 6, 34, 0.00, 0.00, 0.00, 9.44),
(1938, 2, 12, 34, 0.00, 0.00, 0.00, 3.48),
(1939, 2, 11, 34, 0.00, 0.00, 0.00, 11.47),
(1940, 2, 23, 34, 0.00, 0.00, 0.00, 17.12),
(1941, 2, 14, 34, 0.00, 0.00, 0.00, 11.13),
(1942, 2, 28, 34, 0.00, 0.00, 0.00, 8.67),
(1943, 2, 18, 34, 0.00, 0.00, 0.00, 13.56),
(1944, 2, 13, 34, 0.00, 0.00, 0.00, 18.41),
(1945, 2, 22, 34, 0.00, 0.00, 0.00, 2.76),
(1946, 2, 32, 34, 0.00, 0.00, 0.00, 12.61),
(1947, 2, 4, 34, 0.00, 0.00, 0.00, 0.00),
(1948, 2, 31, 34, 0.00, 0.00, 0.00, 8.32),
(1949, 2, 17, 34, 0.00, 0.00, 0.00, 9.04),
(1950, 2, 30, 34, 0.00, 0.00, 0.00, 11.78),
(1951, 2, 10, 34, 0.00, 0.00, 0.00, 11.70),
(1952, 2, 21, 34, 0.00, 0.00, 0.00, 13.70),
(1953, 2, 20, 34, 0.00, 0.00, 0.00, 13.56),
(1954, 2, 2, 34, 0.00, 0.00, 0.00, 10.58),
(1955, 2, 3, 34, 0.00, 0.00, 0.00, 10.58),
(1956, 2, 19, 34, 0.00, 0.00, 0.00, 9.75),
(1957, 1, 1, 35, 3.00, 1.00, 2.00, 6.00),
(1958, 1, 2, 35, 3.00, 0.00, 2.00, 5.00),
(1959, 1, 3, 35, 3.00, 0.00, 2.00, 5.00),
(1960, 1, 4, 35, 3.00, 5.00, 2.00, 10.00),
(1961, 1, 5, 35, 3.00, 0.00, 2.00, 5.00),
(1962, 1, 6, 35, 3.00, 0.00, 3.00, 6.00),
(1963, 1, 7, 35, 3.00, 2.00, 2.00, 7.00),
(1964, 1, 8, 35, 3.00, -1.00, 1.00, 3.00),
(1965, 1, 9, 35, 3.00, -1.00, 2.00, 4.00),
(1966, 1, 10, 35, 3.00, -1.00, 2.00, 4.00),
(1967, 1, 11, 35, 3.00, -2.00, 3.00, 4.00),
(1968, 1, 12, 35, 3.00, 0.00, 2.00, 5.00),
(1969, 1, 13, 35, 3.00, 0.00, 3.00, 6.00),
(1970, 1, 14, 35, 3.00, 3.00, 2.00, 8.00),
(1971, 1, 15, 35, 3.00, -2.00, 2.00, 3.00),
(1972, 1, 17, 35, 3.00, -1.00, 2.00, 4.00),
(1973, 1, 18, 35, 3.00, -1.00, 2.00, 4.00),
(1974, 1, 19, 35, 3.00, 0.00, 2.00, 5.00),
(1975, 1, 20, 35, 3.00, 1.00, 2.00, 6.00),
(1976, 1, 21, 35, 3.00, -1.00, 2.00, 4.00),
(1977, 1, 22, 35, 3.00, 1.00, 2.00, 6.00),
(1978, 1, 23, 35, 3.00, 0.00, 2.00, 5.00),
(1979, 1, 25, 35, 3.00, 0.00, 2.00, 5.00),
(1980, 1, 26, 35, 0.00, 2.00, 0.00, 2.00),
(1981, 1, 27, 35, 3.00, 3.00, 1.00, 7.00),
(1982, 1, 28, 35, 3.00, 0.00, 2.00, 5.00),
(1983, 1, 30, 35, 3.00, -4.00, 1.00, 0.00),
(1984, 1, 31, 35, 3.00, -1.00, 2.00, 4.00),
(1985, 1, 32, 35, 3.00, 0.00, 2.00, 5.00),
(1986, 2, 25, 35, 0.00, 0.00, 0.00, 10.03),
(1987, 2, 27, 35, 0.00, 0.00, 0.00, 15.95),
(1988, 2, 7, 35, 0.00, 0.00, 0.00, 13.75),
(1989, 2, 5, 35, 0.00, 0.00, 0.00, 9.09),
(1990, 2, 8, 35, 0.00, 0.00, 0.00, 7.70),
(1991, 2, 15, 35, 0.00, 0.00, 0.00, 4.43),
(1992, 2, 9, 35, 0.00, 0.00, 0.00, 7.66),
(1993, 2, 1, 35, 0.00, 0.00, 0.00, 11.76),
(1994, 2, 26, 35, 0.00, 0.00, 0.00, 12.75),
(1995, 2, 6, 35, 0.00, 0.00, 0.00, 11.93),
(1996, 2, 12, 35, 0.00, 0.00, 0.00, 9.52),
(1997, 2, 11, 35, 0.00, 0.00, 0.00, 7.26),
(1998, 2, 23, 35, 0.00, 0.00, 0.00, 8.65),
(1999, 2, 14, 35, 0.00, 0.00, 0.00, 15.71),
(2000, 2, 28, 35, 0.00, 0.00, 0.00, 9.59),
(2001, 2, 18, 35, 0.00, 0.00, 0.00, 8.59),
(2002, 2, 13, 35, 0.00, 0.00, 0.00, 11.00),
(2003, 2, 22, 35, 0.00, 0.00, 0.00, 11.89),
(2004, 2, 4, 35, 0.00, 0.00, 0.00, 20.24),
(2005, 2, 17, 35, 0.00, 0.00, 0.00, 7.54),
(2006, 2, 30, 35, 0.00, 0.00, 0.00, 0.00),
(2007, 2, 32, 35, 0.00, 0.00, 0.00, 9.52),
(2008, 2, 10, 35, 0.00, 0.00, 0.00, 6.21),
(2009, 2, 31, 35, 0.00, 0.00, 0.00, 8.59),
(2010, 2, 21, 35, 0.00, 0.00, 0.00, 7.23),
(2011, 2, 20, 35, 0.00, 0.00, 0.00, 12.82),
(2012, 2, 2, 35, 0.00, 0.00, 0.00, 10.52),
(2013, 2, 3, 35, 0.00, 0.00, 0.00, 9.59),
(2014, 2, 19, 35, 0.00, 0.00, 0.00, 10.52),
(2015, 1, 1, 36, 3.00, 2.00, -1.00, 4.00),
(2016, 1, 2, 36, 3.00, 2.00, -1.00, 4.00),
(2017, 1, 3, 36, 3.00, 2.00, -1.00, 4.00),
(2018, 1, 4, 36, 3.00, 4.00, 2.00, 9.00),
(2019, 1, 5, 36, 3.00, 2.00, 2.00, 7.00),
(2020, 1, 6, 36, 3.00, 1.00, -1.00, 3.00),
(2021, 1, 7, 36, 3.00, 3.00, 0.00, 6.00),
(2022, 1, 8, 36, 3.00, -3.00, -6.00, -6.00),
(2023, 1, 9, 36, 3.00, 1.00, -1.00, 3.00),
(2024, 1, 10, 36, 3.00, 0.00, -3.00, 0.00),
(2025, 1, 11, 36, 3.00, 1.00, -1.00, 3.00),
(2026, 1, 12, 36, 3.00, -1.00, -4.00, -2.00),
(2027, 1, 13, 36, 3.00, 4.00, 1.00, 8.00),
(2028, 1, 14, 36, 3.00, 1.00, -1.00, 3.00),
(2029, 1, 15, 36, 3.00, 4.00, 3.00, 10.00),
(2030, 1, 17, 36, 3.00, 3.00, 1.00, 7.00),
(2031, 1, 18, 36, 3.00, 6.00, 3.00, 12.00),
(2032, 1, 19, 36, 3.00, 1.00, -2.00, 2.00),
(2033, 1, 20, 36, 3.00, 3.00, 0.00, 6.00),
(2034, 1, 21, 36, 3.00, 3.00, 0.00, 6.00),
(2035, 1, 22, 36, 3.00, 4.00, 1.00, 8.00),
(2036, 1, 23, 36, 3.00, -3.00, -6.00, -6.00),
(2037, 1, 25, 36, 3.00, 2.00, -1.00, 4.00),
(2038, 1, 26, 36, 3.00, 1.00, -1.00, 3.00),
(2039, 1, 27, 36, 3.00, 1.00, -2.00, 2.00),
(2040, 1, 28, 36, 3.00, -1.00, -3.00, -1.00),
(2041, 1, 30, 36, 3.00, 4.00, 1.00, 8.00),
(2042, 1, 31, 36, 3.00, -2.00, -5.00, -4.00),
(2043, 1, 32, 36, 3.00, 2.00, -1.00, 4.00),
(2044, 2, 25, 36, 0.00, 0.00, 0.00, 9.70),
(2045, 2, 27, 36, 0.00, 0.00, 0.00, 9.29),
(2046, 2, 7, 36, 0.00, 0.00, 0.00, 11.26),
(2047, 2, 5, 36, 0.00, 0.00, 0.00, 12.22),
(2048, 2, 8, 36, 0.00, 0.00, 0.00, 0.00),
(2049, 2, 15, 36, 0.00, 0.00, 0.00, 13.61),
(2050, 2, 9, 36, 0.00, 0.00, 0.00, 7.35),
(2051, 2, 1, 36, 0.00, 0.00, 0.00, 11.43),
(2052, 2, 26, 36, 0.00, 0.00, 0.00, 10.16),
(2053, 2, 6, 36, 0.00, 0.00, 0.00, 9.95),
(2054, 2, 12, 36, 0.00, 0.00, 0.00, 2.98),
(2055, 2, 11, 36, 0.00, 0.00, 0.00, 8.76),
(2056, 2, 23, 36, 0.00, 0.00, 0.00, 1.02),
(2057, 2, 14, 36, 0.00, 0.00, 0.00, 10.59),
(2058, 2, 28, 36, 0.00, 0.00, 0.00, 6.13),
(2059, 2, 18, 36, 0.00, 0.00, 0.00, 16.97),
(2060, 2, 13, 36, 0.00, 0.00, 0.00, 13.93),
(2061, 2, 22, 36, 0.00, 0.00, 0.00, 14.20),
(2062, 2, 4, 36, 0.00, 0.00, 0.00, 15.26),
(2063, 2, 17, 36, 0.00, 0.00, 0.00, 13.78),
(2064, 2, 30, 36, 0.00, 0.00, 0.00, 14.59),
(2065, 2, 32, 36, 0.00, 0.00, 0.00, 9.59),
(2066, 2, 10, 36, 0.00, 0.00, 0.00, 6.90),
(2067, 2, 31, 36, 0.00, 0.00, 0.00, 2.53),
(2068, 2, 21, 36, 0.00, 0.00, 0.00, 13.26),
(2069, 2, 20, 36, 0.00, 0.00, 0.00, 13.26),
(2070, 2, 2, 36, 0.00, 0.00, 0.00, 11.22),
(2071, 2, 3, 36, 0.00, 0.00, 0.00, 10.79),
(2072, 2, 19, 36, 0.00, 0.00, 0.00, 9.29),
(2073, 1, 1, 37, 3.00, 0.00, 1.00, 4.00),
(2074, 1, 2, 37, 3.00, -2.00, -1.00, 0.00),
(2075, 1, 3, 37, 3.00, -2.00, -1.00, 0.00),
(2076, 1, 4, 37, 3.00, -6.00, -4.00, -7.00),
(2077, 1, 5, 37, 3.00, -1.00, 2.00, 4.00),
(2078, 1, 6, 37, 3.00, -3.00, 0.00, 0.00),
(2079, 1, 7, 37, 3.00, -3.00, -3.00, -3.00),
(2080, 1, 8, 37, 3.00, -5.00, -4.00, -6.00),
(2081, 1, 9, 37, 3.00, -4.00, -2.00, -3.00),
(2082, 1, 10, 37, 3.00, 1.00, 0.00, 4.00),
(2083, 1, 11, 37, 3.00, -2.00, 0.00, 1.00),
(2084, 1, 12, 37, 3.00, -1.00, 0.00, 2.00),
(2085, 1, 13, 37, 3.00, -3.00, -1.00, -1.00),
(2086, 1, 14, 37, 3.00, -1.00, -3.00, -1.00),
(2087, 1, 15, 37, 3.00, 0.00, 1.00, 4.00),
(2088, 1, 17, 37, 3.00, 1.00, 2.00, 6.00),
(2089, 1, 18, 37, 3.00, -2.00, -1.00, 0.00),
(2090, 1, 19, 37, 3.00, -3.00, -1.00, -1.00),
(2091, 1, 20, 37, 3.00, -1.00, 0.00, 2.00),
(2092, 1, 21, 37, 3.00, -1.00, -1.00, 1.00),
(2093, 1, 22, 37, 3.00, 0.00, 2.00, 5.00),
(2094, 1, 23, 37, 3.00, -2.00, -3.00, -2.00),
(2095, 1, 25, 37, 3.00, -3.00, -2.00, -2.00),
(2096, 1, 26, 37, 3.00, 0.00, 1.00, 4.00),
(2097, 1, 27, 37, 3.00, -5.00, -2.00, -4.00),
(2098, 1, 28, 37, 3.00, -6.00, -3.00, -6.00),
(2099, 1, 30, 37, 3.00, -1.00, 2.00, 4.00),
(2100, 1, 31, 37, 3.00, -2.00, -1.00, 0.00),
(2101, 1, 32, 37, 3.00, -2.00, -1.00, 0.00),
(2102, 2, 25, 37, 0.00, 0.00, 0.00, 6.46),
(2103, 2, 27, 37, 0.00, 0.00, 0.00, 3.24),
(2104, 2, 7, 37, 0.00, 0.00, 0.00, 5.64),
(2105, 2, 5, 37, 0.00, 0.00, 0.00, 14.83),
(2106, 2, 8, 37, 0.00, 0.00, 0.00, 0.95),
(2107, 2, 15, 37, 0.00, 0.00, 0.00, 15.64),
(2108, 2, 9, 37, 0.00, 0.00, 0.00, 5.16),
(2109, 2, 1, 37, 0.00, 0.00, 0.00, 16.54),
(2110, 2, 26, 37, 0.00, 0.00, 0.00, 14.73),
(2111, 2, 6, 37, 0.00, 0.00, 0.00, 10.15),
(2112, 2, 12, 37, 0.00, 0.00, 0.00, 12.50),
(2113, 2, 11, 37, 0.00, 0.00, 0.00, 13.20),
(2114, 2, 23, 37, 0.00, 0.00, 0.00, 6.63),
(2115, 2, 14, 37, 0.00, 0.00, 0.00, 9.51),
(2116, 2, 28, 37, 0.00, 0.00, 0.00, 0.00),
(2117, 2, 18, 37, 0.00, 0.00, 0.00, 8.41),
(2118, 2, 13, 37, 0.00, 0.00, 0.00, 7.68),
(2119, 2, 22, 37, 0.00, 0.00, 0.00, 16.95),
(2120, 2, 4, 37, 0.00, 0.00, 0.00, 0.37),
(2121, 2, 17, 37, 0.00, 0.00, 0.00, 19.19),
(2122, 2, 30, 37, 0.00, 0.00, 0.00, 14.43),
(2123, 2, 32, 37, 0.00, 0.00, 0.00, 9.27),
(2124, 2, 10, 37, 0.00, 0.00, 0.00, 16.73),
(2125, 2, 31, 37, 0.00, 0.00, 0.00, 9.06),
(2126, 2, 21, 37, 0.00, 0.00, 0.00, 11.86),
(2127, 2, 20, 37, 0.00, 0.00, 0.00, 12.50),
(2128, 2, 2, 37, 0.00, 0.00, 0.00, 10.34),
(2129, 2, 3, 37, 0.00, 0.00, 0.00, 10.34),
(2130, 2, 19, 37, 0.00, 0.00, 0.00, 7.68),
(2131, 1, 1, 38, 3.00, 1.00, 2.00, 6.00),
(2132, 1, 2, 38, 3.00, 3.00, 2.00, 8.00),
(2133, 1, 3, 38, 3.00, 3.00, 2.00, 8.00),
(2134, 1, 4, 38, 3.00, 0.00, 2.00, 5.00),
(2135, 1, 5, 38, 3.00, 3.00, 2.00, 8.00),
(2136, 1, 6, 38, 3.00, 4.00, 2.00, 9.00),
(2137, 1, 7, 38, 3.00, 1.00, 1.00, 5.00),
(2138, 1, 8, 38, 3.00, 3.00, 1.00, 7.00),
(2139, 1, 9, 38, 3.00, 2.00, 1.00, 6.00),
(2140, 1, 10, 38, 3.00, 0.00, 3.00, 6.00),
(2141, 1, 11, 38, 3.00, 4.00, 2.00, 9.00),
(2142, 1, 12, 38, 3.00, 2.00, 3.00, 8.00),
(2143, 1, 13, 38, 3.00, 3.00, 1.00, 7.00),
(2144, 1, 14, 38, 3.00, 1.00, 1.00, 5.00),
(2145, 1, 15, 38, 3.00, -1.00, -4.00, -2.00),
(2146, 1, 17, 38, 3.00, 3.00, 2.00, 8.00),
(2147, 1, 18, 38, 3.00, 3.00, 1.00, 7.00),
(2148, 1, 19, 38, 3.00, 2.00, 2.00, 7.00),
(2149, 1, 20, 38, 3.00, 3.00, 2.00, 8.00),
(2150, 1, 21, 38, 3.00, 0.00, -2.00, 1.00),
(2151, 1, 22, 38, 3.00, 0.00, 1.00, 4.00),
(2152, 1, 23, 38, 3.00, 4.00, 3.00, 10.00),
(2153, 1, 25, 38, 3.00, 1.00, 2.00, 6.00),
(2154, 1, 26, 38, 3.00, 0.00, 1.00, 4.00),
(2155, 1, 27, 38, 3.00, 2.00, 2.00, 7.00),
(2156, 1, 28, 38, 3.00, 1.00, -1.00, 3.00),
(2157, 1, 30, 38, 3.00, 4.00, 1.00, 8.00),
(2158, 1, 31, 38, 0.00, -6.00, 0.00, -6.00),
(2159, 1, 32, 38, 0.00, -1.00, 0.00, -1.00),
(2160, 2, 25, 38, 0.00, 0.00, 0.00, 6.84),
(2161, 2, 27, 38, 0.00, 0.00, 0.00, 10.00),
(2162, 2, 7, 38, 0.00, 0.00, 0.00, 6.31),
(2163, 2, 5, 38, 0.00, 0.00, 0.00, 14.18),
(2164, 2, 8, 38, 0.00, 0.00, 0.00, 15.37),
(2165, 2, 15, 38, 0.00, 0.00, 0.00, 1.01),
(2166, 2, 9, 38, 0.00, 0.00, 0.00, 10.14),
(2167, 2, 1, 38, 0.00, 0.00, 0.00, 8.58),
(2168, 2, 26, 38, 0.00, 0.00, 0.00, 5.90),
(2169, 2, 6, 38, 0.00, 0.00, 0.00, 15.64),
(2170, 2, 12, 38, 0.00, 0.00, 0.00, 12.56),
(2171, 2, 11, 38, 0.00, 0.00, 0.00, 18.49),
(2172, 2, 23, 38, 0.00, 0.00, 0.00, 17.54),
(2173, 2, 14, 38, 0.00, 0.00, 0.00, 8.67),
(2174, 2, 28, 38, 0.00, 0.00, 0.00, 6.94),
(2175, 2, 18, 38, 0.00, 0.00, 0.00, 13.30),
(2176, 2, 13, 38, 0.00, 0.00, 0.00, 14.87),
(2177, 2, 22, 38, 0.00, 0.00, 0.00, 5.90),
(2178, 2, 4, 38, 0.00, 0.00, 0.00, 3.21),
(2179, 2, 17, 38, 0.00, 0.00, 0.00, 13.70),
(2180, 2, 30, 38, 0.00, 0.00, 0.00, 13.35),
(2181, 2, 32, 38, 0.00, 0.00, 0.00, 0.00),
(2182, 2, 10, 38, 0.00, 0.00, 0.00, 6.33),
(2183, 2, 21, 38, 0.00, 0.00, 0.00, 6.33),
(2184, 2, 20, 38, 0.00, 0.00, 0.00, 11.43),
(2185, 2, 2, 38, 0.00, 0.00, 0.00, 11.43),
(2186, 2, 3, 38, 0.00, 0.00, 0.00, 11.43),
(2187, 2, 19, 38, 0.00, 0.00, 0.00, 10.53),
(2188, 1, 1, 39, 3.00, 4.00, 1.00, 8.00),
(2189, 1, 2, 39, 3.00, 3.00, 1.00, 7.00),
(2190, 1, 3, 39, 3.00, 3.00, 1.00, 7.00),
(2191, 1, 4, 39, 3.00, 3.00, 0.00, 6.00),
(2192, 1, 5, 39, 3.00, 3.00, 0.00, 6.00),
(2193, 1, 6, 39, 3.00, 4.00, 2.00, 9.00),
(2194, 1, 7, 39, 0.00, 2.00, -1.00, 1.00),
(2195, 1, 8, 39, 3.00, 0.00, 3.00, 6.00),
(2196, 1, 9, 39, 3.00, 3.00, 0.00, 6.00),
(2197, 1, 10, 39, 3.00, 2.00, 1.00, 6.00),
(2198, 1, 11, 39, 3.00, 3.00, 1.00, 7.00),
(2199, 1, 12, 39, 0.00, 2.00, -1.00, 1.00),
(2200, 1, 13, 39, 3.00, 2.00, 1.00, 6.00),
(2201, 1, 14, 39, 3.00, 2.00, 2.00, 7.00),
(2202, 1, 15, 39, 3.00, 0.00, 0.00, 3.00),
(2203, 1, 17, 39, 3.00, 3.00, 1.00, 7.00),
(2204, 1, 18, 39, 3.00, 3.00, 1.00, 7.00),
(2205, 1, 19, 39, 3.00, 3.00, 0.00, 6.00),
(2206, 1, 20, 39, 0.00, 2.00, -1.00, 1.00),
(2207, 1, 21, 39, 3.00, 1.00, 1.00, 5.00),
(2208, 1, 22, 39, 0.00, 1.00, -2.00, -1.00),
(2209, 1, 23, 39, 3.00, 0.00, -1.00, 2.00),
(2210, 1, 25, 39, 3.00, 4.00, 1.00, 8.00),
(2211, 1, 26, 39, 3.00, 3.00, 0.00, 6.00),
(2212, 1, 27, 39, 3.00, 4.00, 1.00, 8.00),
(2213, 1, 28, 39, 3.00, 3.00, 0.00, 6.00),
(2214, 1, 30, 39, 0.00, 1.00, -1.00, 0.00),
(2215, 1, 31, 39, 0.00, -2.00, 0.00, -2.00),
(2216, 1, 32, 39, 0.00, 0.00, -2.00, -2.00),
(2217, 2, 25, 39, 0.00, 0.00, 0.00, 11.56),
(2218, 2, 27, 39, 0.00, 0.00, 0.00, 12.55),
(2219, 2, 7, 39, 0.00, 0.00, 0.00, 9.90),
(2220, 2, 5, 39, 0.00, 0.00, 0.00, 13.74),
(2221, 2, 8, 39, 0.00, 0.00, 0.00, 6.01),
(2222, 2, 15, 39, 0.00, 0.00, 0.00, 1.66),
(2223, 2, 9, 39, 0.00, 0.00, 0.00, 11.71),
(2224, 2, 1, 39, 0.00, 0.00, 0.00, 15.14),
(2225, 2, 26, 39, 0.00, 0.00, 0.00, 13.01),
(2226, 2, 6, 39, 0.00, 0.00, 0.00, 18.37),
(2227, 2, 12, 39, 0.00, 0.00, 0.00, 8.84),
(2228, 2, 11, 39, 0.00, 0.00, 0.00, 11.36),
(2229, 2, 23, 39, 0.00, 0.00, 0.00, 0.00),
(2230, 2, 14, 39, 0.00, 0.00, 0.00, 9.36),
(2231, 2, 18, 39, 0.00, 0.00, 0.00, 13.49),
(2232, 2, 13, 39, 0.00, 0.00, 0.00, 9.19),
(2233, 2, 22, 39, 0.00, 0.00, 0.00, 5.42),
(2234, 2, 28, 39, 0.00, 0.00, 0.00, 13.49),
(2235, 2, 4, 39, 0.00, 0.00, 0.00, 11.12),
(2236, 2, 17, 39, 0.00, 0.00, 0.00, 12.50),
(2237, 2, 30, 39, 0.00, 0.00, 0.00, 4.55),
(2238, 2, 32, 39, 0.00, 0.00, 0.00, 3.69),
(2239, 2, 10, 39, 0.00, 0.00, 0.00, 10.51),
(2240, 2, 21, 39, 0.00, 0.00, 0.00, 6.34),
(2241, 2, 20, 39, 0.00, 0.00, 0.00, 8.91),
(2242, 2, 2, 39, 0.00, 0.00, 0.00, 12.50),
(2243, 2, 3, 39, 0.00, 0.00, 0.00, 12.50),
(2244, 2, 19, 39, 0.00, 0.00, 0.00, 12.61),
(2245, 1, 1, 40, 3.00, 5.00, 2.00, 10.00),
(2246, 1, 2, 40, 3.00, 4.00, 2.00, 9.00),
(2247, 1, 3, 40, 3.00, 4.00, 3.00, 10.00),
(2248, 1, 4, 40, 3.00, 1.00, 2.00, 6.00),
(2249, 1, 5, 40, 3.00, 4.00, 3.00, 10.00),
(2250, 1, 6, 40, 3.00, 1.00, 1.00, 5.00),
(2251, 1, 7, 40, 0.00, 3.00, 0.00, 3.00),
(2252, 1, 8, 40, 3.00, 2.00, 2.00, 7.00),
(2253, 1, 9, 40, 3.00, 5.00, 2.00, 10.00),
(2254, 1, 10, 40, 3.00, 4.00, 3.00, 10.00),
(2255, 1, 11, 40, 3.00, 3.00, 0.00, 6.00),
(2256, 1, 12, 40, 3.00, 3.00, 2.00, 8.00),
(2257, 1, 13, 40, 3.00, 3.00, 1.00, 7.00),
(2258, 1, 14, 40, 3.00, 3.00, 1.00, 7.00),
(2259, 1, 15, 40, 3.00, 5.00, 2.00, 10.00),
(2260, 1, 17, 40, 3.00, 4.00, 2.00, 9.00),
(2261, 1, 18, 40, 3.00, 4.00, 2.00, 9.00),
(2262, 1, 19, 40, 3.00, 3.00, 2.00, 8.00),
(2263, 1, 20, 40, 3.00, 4.00, 2.00, 9.00),
(2264, 1, 21, 40, 3.00, 3.00, 0.00, 6.00),
(2265, 1, 22, 40, 3.00, 3.00, 2.00, 8.00),
(2266, 1, 23, 40, 3.00, 1.00, 2.00, 6.00),
(2267, 1, 25, 40, 0.00, 2.00, 0.00, 2.00),
(2268, 1, 26, 40, 3.00, 5.00, 2.00, 10.00),
(2269, 1, 27, 40, 0.00, 1.00, -1.00, 0.00),
(2270, 1, 28, 40, 0.00, -4.00, 0.00, -4.00),
(2271, 1, 30, 40, 3.00, 4.00, 2.00, 9.00),
(2272, 1, 31, 40, 3.00, 1.00, -1.00, 3.00),
(2273, 1, 32, 40, 3.00, 2.00, 2.00, 7.00),
(2274, 2, 25, 40, 0.00, 0.00, 0.00, 3.98),
(2275, 2, 27, 40, 0.00, 0.00, 0.00, 3.49),
(2276, 2, 7, 40, 0.00, 0.00, 0.00, 5.30),
(2277, 2, 5, 40, 0.00, 0.00, 0.00, 11.59),
(2278, 2, 8, 40, 0.00, 0.00, 0.00, 7.85),
(2279, 2, 15, 40, 0.00, 0.00, 0.00, 14.23),
(2280, 2, 9, 40, 0.00, 0.00, 0.00, 15.51),
(2281, 2, 1, 40, 0.00, 0.00, 0.00, 16.79),
(2282, 2, 26, 40, 0.00, 0.00, 0.00, 18.06),
(2283, 2, 6, 40, 0.00, 0.00, 0.00, 0.00),
(2284, 2, 12, 40, 0.00, 0.00, 0.00, 9.71),
(2285, 2, 11, 40, 0.00, 0.00, 0.00, 8.85),
(2286, 2, 23, 40, 0.00, 0.00, 0.00, 2.89),
(2287, 2, 14, 40, 0.00, 0.00, 0.00, 7.60),
(2288, 2, 18, 40, 0.00, 0.00, 0.00, 13.74),
(2289, 2, 13, 40, 0.00, 0.00, 0.00, 10.09),
(2290, 2, 22, 40, 0.00, 0.00, 0.00, 12.05),
(2291, 2, 4, 40, 0.00, 0.00, 0.00, 0.68),
(2292, 2, 17, 40, 0.00, 0.00, 0.00, 14.91),
(2293, 2, 30, 40, 0.00, 0.00, 0.00, 12.44),
(2294, 2, 32, 40, 0.00, 0.00, 0.00, 8.85),
(2295, 2, 10, 40, 0.00, 0.00, 0.00, 15.20),
(2296, 2, 21, 40, 0.00, 0.00, 0.00, 6.87),
(2297, 2, 20, 40, 0.00, 0.00, 0.00, 16.58),
(2298, 2, 31, 40, 0.00, 0.00, 0.00, 1.18),
(2299, 2, 2, 40, 0.00, 0.00, 0.00, 16.01),
(2300, 2, 3, 40, 0.00, 0.00, 0.00, 15.20),
(2301, 2, 19, 40, 0.00, 0.00, 0.00, 10.33),
(2302, 1, 1, 41, 6.00, 4.00, 4.00, 14.00),
(2303, 1, 2, 41, 6.00, 8.00, 4.00, 18.00),
(2304, 1, 3, 41, 6.00, 10.00, 4.00, 20.00),
(2305, 1, 4, 41, 6.00, 6.00, 4.00, 16.00),
(2306, 1, 5, 41, 6.00, 8.00, 4.00, 18.00),
(2307, 1, 6, 41, 0.00, 2.00, 4.00, 6.00),
(2308, 1, 7, 41, 6.00, 8.00, 4.00, 18.00),
(2309, 1, 8, 41, 6.00, 8.00, 4.00, 18.00),
(2310, 1, 9, 41, 6.00, 6.00, 4.00, 16.00),
(2311, 1, 10, 41, 6.00, 2.00, 2.00, 10.00),
(2312, 1, 11, 41, 6.00, 8.00, 4.00, 18.00),
(2313, 1, 12, 41, 6.00, 6.00, 2.00, 14.00),
(2314, 1, 13, 41, 6.00, 10.00, 4.00, 20.00),
(2315, 1, 14, 41, 6.00, 6.00, 2.00, 14.00),
(2316, 1, 15, 41, 6.00, 6.00, 4.00, 16.00),
(2317, 1, 17, 41, 6.00, 12.00, 6.00, 24.00),
(2318, 1, 18, 41, 0.00, 6.00, 0.00, 6.00),
(2319, 1, 19, 41, 6.00, 6.00, 2.00, 14.00),
(2320, 1, 20, 41, 6.00, 4.00, 4.00, 14.00),
(2321, 1, 21, 41, 6.00, 8.00, 6.00, 20.00),
(2322, 1, 22, 41, 6.00, 6.00, 4.00, 16.00),
(2323, 1, 23, 41, 6.00, 2.00, 4.00, 12.00),
(2324, 1, 25, 41, 6.00, 8.00, 6.00, 20.00),
(2325, 1, 26, 41, 6.00, 10.00, 4.00, 20.00),
(2326, 1, 27, 41, 6.00, 8.00, 6.00, 20.00),
(2327, 1, 28, 41, 0.00, 8.00, 2.00, 10.00),
(2328, 1, 30, 41, 6.00, 10.00, 4.00, 20.00),
(2329, 1, 31, 41, 6.00, 10.00, 4.00, 20.00),
(2330, 1, 32, 41, 6.00, 6.00, 4.00, 16.00),
(2331, 2, 25, 41, 0.00, 0.00, 0.00, 10.39),
(2332, 2, 27, 41, 0.00, 0.00, 0.00, 15.11),
(2333, 2, 7, 41, 0.00, 0.00, 0.00, 10.69),
(2334, 2, 5, 41, 0.00, 0.00, 0.00, 12.10),
(2335, 2, 8, 41, 0.00, 0.00, 0.00, 14.19),
(2336, 2, 6, 41, 0.00, 0.00, 0.00, 2.75),
(2337, 2, 26, 41, 0.00, 0.00, 0.00, 14.46),
(2338, 2, 18, 41, 0.00, 0.00, 0.00, 7.18),
(2339, 2, 9, 41, 0.00, 0.00, 0.00, 8.21),
(2340, 2, 23, 41, 0.00, 0.00, 0.00, 0.00),
(2341, 2, 4, 41, 0.00, 0.00, 0.00, 8.21),
(2342, 2, 1, 41, 0.00, 0.00, 0.00, 5.56),
(2343, 2, 21, 41, 0.00, 0.00, 0.00, 11.96),
(2344, 2, 11, 41, 0.00, 0.00, 0.00, 13.16),
(2345, 2, 10, 41, 0.00, 0.00, 0.00, 1.76),
(2346, 2, 14, 41, 0.00, 0.00, 0.00, 8.82),
(2347, 2, 15, 41, 0.00, 0.00, 0.00, 9.22),
(2348, 2, 28, 41, 0.00, 0.00, 0.00, 11.12),
(2349, 2, 30, 41, 0.00, 0.00, 0.00, 11.12),
(2350, 2, 20, 41, 0.00, 0.00, 0.00, 6.43),
(2351, 2, 13, 41, 0.00, 0.00, 0.00, 14.46),
(2352, 2, 22, 41, 0.00, 0.00, 0.00, 8.58),
(2353, 2, 31, 41, 0.00, 0.00, 0.00, 14.46),
(2354, 2, 17, 41, 0.00, 0.00, 0.00, 16.68),
(2355, 2, 32, 41, 0.00, 0.00, 0.00, 7.11),
(2356, 2, 12, 41, 0.00, 0.00, 0.00, 9.92),
(2357, 2, 2, 41, 0.00, 0.00, 0.00, 14.19),
(2358, 2, 3, 41, 0.00, 0.00, 0.00, 13.34),
(2359, 2, 19, 41, 0.00, 0.00, 0.00, 8.82),
(2360, 1, 1, 42, 6.00, -6.00, -8.00, -8.00),
(2361, 1, 2, 42, 6.00, -4.00, -8.00, -6.00),
(2362, 1, 3, 42, 6.00, -4.00, -8.00, -6.00),
(2363, 1, 4, 42, 6.00, -6.00, -10.00, -10.00),
(2364, 1, 5, 42, 6.00, -4.00, -10.00, -8.00),
(2365, 1, 6, 42, 6.00, -2.00, -8.00, -4.00),
(2366, 1, 7, 42, 6.00, -4.00, -10.00, -8.00),
(2367, 1, 8, 42, 6.00, -4.00, -6.00, -4.00),
(2368, 1, 9, 42, 6.00, -4.00, -6.00, -4.00),
(2369, 1, 10, 42, 6.00, -6.00, -10.00, -10.00),
(2370, 1, 11, 42, 6.00, -2.00, -8.00, -4.00),
(2371, 1, 12, 42, 6.00, -4.00, -10.00, -8.00),
(2372, 1, 13, 42, 6.00, -8.00, -14.00, -16.00),
(2373, 1, 14, 42, 6.00, -6.00, -10.00, -10.00),
(2374, 1, 15, 42, 6.00, -6.00, -10.00, -10.00),
(2375, 1, 17, 42, 6.00, -4.00, -6.00, -4.00),
(2376, 1, 18, 42, 6.00, -2.00, -8.00, -4.00),
(2377, 1, 19, 42, 6.00, -4.00, -8.00, -6.00),
(2378, 1, 20, 42, 6.00, -4.00, -6.00, -4.00),
(2379, 1, 21, 42, 6.00, 0.00, -6.00, 0.00),
(2380, 1, 22, 42, 0.00, -20.00, -14.00, -34.00),
(2381, 1, 23, 42, 6.00, -6.00, -10.00, -10.00),
(2382, 1, 25, 42, 6.00, -6.00, -10.00, -10.00),
(2383, 1, 26, 42, 6.00, -4.00, -6.00, -4.00),
(2384, 1, 27, 42, 6.00, -2.00, -8.00, -4.00),
(2385, 1, 28, 42, 6.00, -4.00, -10.00, -8.00),
(2386, 1, 30, 42, 6.00, -4.00, -10.00, -8.00),
(2387, 1, 31, 42, 6.00, -4.00, -8.00, -6.00),
(2388, 1, 32, 42, 6.00, -6.00, -12.00, -12.00),
(2389, 2, 25, 42, 0.00, 0.00, 0.00, 10.61),
(2390, 2, 27, 42, 0.00, 0.00, 0.00, 13.83),
(2391, 2, 7, 42, 0.00, 0.00, 0.00, 12.23),
(2392, 2, 5, 42, 0.00, 0.00, 0.00, 7.43),
(2393, 2, 8, 42, 0.00, 0.00, 0.00, 9.06),
(2394, 2, 6, 42, 0.00, 0.00, 0.00, 9.28),
(2395, 2, 26, 42, 0.00, 0.00, 0.00, 12.03),
(2396, 2, 9, 42, 0.00, 0.00, 0.00, 9.06),
(2397, 2, 23, 42, 0.00, 0.00, 0.00, 15.00),
(2398, 2, 4, 42, 0.00, 0.00, 0.00, 5.57),
(2399, 2, 1, 42, 0.00, 0.00, 0.00, 6.40),
(2400, 2, 21, 42, 0.00, 0.00, 0.00, 12.97),
(2401, 2, 11, 42, 0.00, 0.00, 0.00, 14.41),
(2402, 2, 10, 42, 0.00, 0.00, 0.00, 10.43),
(2403, 2, 14, 42, 0.00, 0.00, 0.00, 5.57),
(2404, 2, 15, 42, 0.00, 0.00, 0.00, 10.43),
(2405, 2, 28, 42, 0.00, 0.00, 0.00, 10.77),
(2406, 2, 30, 42, 0.00, 0.00, 0.00, 13.79),
(2407, 2, 20, 42, 0.00, 0.00, 0.00, 9.06),
(2408, 2, 13, 42, 0.00, 0.00, 0.00, 0.00),
(2409, 2, 31, 42, 0.00, 0.00, 0.00, 8.14),
(2410, 2, 17, 42, 0.00, 0.00, 0.00, 11.92),
(2411, 2, 32, 42, 0.00, 0.00, 0.00, 6.20),
(2412, 2, 12, 42, 0.00, 0.00, 0.00, 9.85),
(2413, 2, 18, 42, 0.00, 0.00, 0.00, 14.56),
(2414, 2, 2, 42, 0.00, 0.00, 0.00, 10.15),
(2415, 2, 3, 42, 0.00, 0.00, 0.00, 11.07),
(2416, 2, 19, 42, 0.00, 0.00, 0.00, 10.19),
(2417, 1, 1, 43, 0.00, 0.00, -6.00, -6.00),
(2418, 1, 2, 43, 0.00, -2.00, -8.00, -10.00),
(2419, 1, 3, 43, 0.00, 0.00, -6.00, -6.00),
(2420, 1, 4, 43, 0.00, 0.00, -6.00, -6.00),
(2421, 1, 5, 43, 0.00, 0.00, -6.00, -6.00),
(2422, 1, 6, 43, 0.00, -2.00, -8.00, -10.00),
(2423, 1, 7, 43, 0.00, -2.00, -8.00, -10.00),
(2424, 1, 8, 43, 0.00, -10.00, -14.00, -24.00),
(2425, 1, 9, 43, 0.00, -4.00, -10.00, -14.00),
(2426, 1, 10, 43, 6.00, 2.00, 0.00, 8.00),
(2427, 1, 11, 43, 0.00, 0.00, -4.00, -4.00),
(2428, 1, 12, 43, 0.00, -2.00, -6.00, -8.00),
(2429, 1, 13, 43, 0.00, -2.00, -6.00, -8.00),
(2430, 1, 14, 43, 0.00, -6.00, -12.00, -18.00),
(2431, 1, 15, 43, 0.00, 0.00, -6.00, -6.00),
(2432, 1, 17, 43, 0.00, -4.00, -8.00, -12.00),
(2433, 1, 18, 43, 0.00, -2.00, -6.00, -8.00),
(2434, 1, 19, 43, 0.00, -4.00, -8.00, -12.00),
(2435, 1, 20, 43, 0.00, -4.00, -8.00, -12.00),
(2436, 1, 21, 43, 0.00, -4.00, -10.00, -14.00),
(2437, 1, 22, 43, 6.00, 0.00, -2.00, 4.00),
(2438, 1, 23, 43, 0.00, -6.00, -12.00, -18.00),
(2439, 1, 25, 43, 0.00, 0.00, -6.00, -6.00),
(2440, 1, 26, 43, 6.00, 0.00, -4.00, 2.00),
(2441, 1, 27, 43, 0.00, -2.00, -8.00, -10.00),
(2442, 1, 28, 43, 0.00, -2.00, -6.00, -8.00),
(2443, 1, 30, 43, 0.00, 0.00, -4.00, -4.00),
(2444, 1, 31, 43, 0.00, -14.00, -4.00, -18.00),
(2445, 1, 32, 43, 0.00, 0.00, -6.00, -6.00);
INSERT INTO `Points` (`PointsID`, `ScoringSystemID`, `UserID`, `MatchID`, `ResultPoints`, `ScorePoints`, `MarginPoints`, `TotalPoints`) VALUES
(2446, 2, 25, 43, 0.00, 0.00, 0.00, 11.47),
(2447, 2, 27, 43, 0.00, 0.00, 0.00, 8.88),
(2448, 2, 7, 43, 0.00, 0.00, 0.00, 10.82),
(2449, 2, 5, 43, 0.00, 0.00, 0.00, 10.79),
(2450, 2, 8, 43, 0.00, 0.00, 0.00, 0.00),
(2451, 2, 6, 43, 0.00, 0.00, 0.00, 11.37),
(2452, 2, 26, 43, 0.00, 0.00, 0.00, 13.28),
(2453, 2, 9, 43, 0.00, 0.00, 0.00, 4.05),
(2454, 2, 23, 43, 0.00, 0.00, 0.00, 5.96),
(2455, 2, 4, 43, 0.00, 0.00, 0.00, 9.11),
(2456, 2, 1, 43, 0.00, 0.00, 0.00, 11.21),
(2457, 2, 21, 43, 0.00, 0.00, 0.00, 6.56),
(2458, 2, 11, 43, 0.00, 0.00, 0.00, 15.87),
(2459, 2, 10, 43, 0.00, 0.00, 0.00, 16.91),
(2460, 2, 14, 43, 0.00, 0.00, 0.00, 1.41),
(2461, 2, 15, 43, 0.00, 0.00, 0.00, 14.48),
(2462, 2, 28, 43, 0.00, 0.00, 0.00, 10.64),
(2463, 2, 30, 43, 0.00, 0.00, 0.00, 12.44),
(2464, 2, 20, 43, 0.00, 0.00, 0.00, 8.58),
(2465, 2, 13, 43, 0.00, 0.00, 0.00, 11.84),
(2466, 2, 17, 43, 0.00, 0.00, 0.00, 9.78),
(2467, 2, 32, 43, 0.00, 0.00, 0.00, 12.03),
(2468, 2, 12, 43, 0.00, 0.00, 0.00, 9.05),
(2469, 2, 18, 43, 0.00, 0.00, 0.00, 9.10),
(2470, 2, 22, 43, 0.00, 0.00, 0.00, 14.06),
(2471, 2, 2, 43, 0.00, 0.00, 0.00, 10.39),
(2472, 2, 3, 43, 0.00, 0.00, 0.00, 11.36),
(2473, 2, 19, 43, 0.00, 0.00, 0.00, 8.58),
(2474, 1, 1, 44, 6.00, 0.00, -2.00, 4.00),
(2475, 1, 2, 44, 6.00, 2.00, -4.00, 4.00),
(2476, 1, 3, 44, 6.00, 0.00, -4.00, 2.00),
(2477, 1, 4, 44, 6.00, -6.00, -2.00, -2.00),
(2478, 1, 5, 44, 6.00, -2.00, 0.00, 4.00),
(2479, 1, 6, 44, 6.00, -2.00, -6.00, -2.00),
(2480, 1, 7, 44, 6.00, -2.00, -2.00, 2.00),
(2481, 1, 8, 44, 6.00, -2.00, -8.00, -4.00),
(2482, 1, 9, 44, 6.00, 2.00, -4.00, 4.00),
(2483, 1, 10, 44, 6.00, 0.00, 2.00, 8.00),
(2484, 1, 11, 44, 6.00, -6.00, -10.00, -10.00),
(2485, 1, 12, 44, 6.00, 2.00, -4.00, 4.00),
(2486, 1, 13, 44, 6.00, 2.00, 0.00, 8.00),
(2487, 1, 14, 44, 6.00, -2.00, -6.00, -2.00),
(2488, 1, 15, 44, 6.00, 0.00, 2.00, 8.00),
(2489, 1, 17, 44, 6.00, 2.00, 0.00, 8.00),
(2490, 1, 18, 44, 6.00, 0.00, -4.00, 2.00),
(2491, 1, 19, 44, 6.00, 2.00, -4.00, 4.00),
(2492, 1, 20, 44, 6.00, 2.00, -4.00, 4.00),
(2493, 1, 21, 44, 6.00, -2.00, 0.00, 4.00),
(2494, 1, 22, 44, 6.00, -2.00, -8.00, -4.00),
(2495, 1, 23, 44, 6.00, -6.00, -12.00, -12.00),
(2496, 1, 25, 44, 6.00, -2.00, 0.00, 4.00),
(2497, 1, 26, 44, 6.00, 0.00, -4.00, 2.00),
(2498, 1, 27, 44, 6.00, -2.00, -8.00, -4.00),
(2499, 1, 28, 44, 6.00, 2.00, -4.00, 4.00),
(2500, 1, 30, 44, 6.00, 6.00, 0.00, 12.00),
(2501, 1, 31, 44, 6.00, 2.00, -4.00, 4.00),
(2502, 1, 32, 44, 6.00, 0.00, -2.00, 4.00),
(2503, 2, 25, 44, 0.00, 0.00, 0.00, 8.50),
(2504, 2, 27, 44, 0.00, 0.00, 0.00, 9.10),
(2505, 2, 7, 44, 0.00, 0.00, 0.00, 7.07),
(2506, 2, 5, 44, 0.00, 0.00, 0.00, 11.74),
(2507, 2, 8, 44, 0.00, 0.00, 0.00, 4.26),
(2508, 2, 6, 44, 0.00, 0.00, 0.00, 9.96),
(2509, 2, 26, 44, 0.00, 0.00, 0.00, 11.53),
(2510, 2, 9, 44, 0.00, 0.00, 0.00, 11.56),
(2511, 2, 23, 44, 0.00, 0.00, 0.00, 0.00),
(2512, 2, 4, 44, 0.00, 0.00, 0.00, 1.97),
(2513, 2, 1, 44, 0.00, 0.00, 0.00, 11.33),
(2514, 2, 21, 44, 0.00, 0.00, 0.00, 7.44),
(2515, 2, 11, 44, 0.00, 0.00, 0.00, 2.40),
(2516, 2, 10, 44, 0.00, 0.00, 0.00, 12.16),
(2517, 2, 14, 44, 0.00, 0.00, 0.00, 4.74),
(2518, 2, 15, 44, 0.00, 0.00, 0.00, 12.16),
(2519, 2, 28, 44, 0.00, 0.00, 0.00, 14.69),
(2520, 2, 30, 44, 0.00, 0.00, 0.00, 19.49),
(2521, 2, 20, 44, 0.00, 0.00, 0.00, 9.29),
(2522, 2, 13, 44, 0.00, 0.00, 0.00, 18.04),
(2523, 2, 17, 44, 0.00, 0.00, 0.00, 14.49),
(2524, 2, 32, 44, 0.00, 0.00, 0.00, 10.92),
(2525, 2, 12, 44, 0.00, 0.00, 0.00, 9.29),
(2526, 2, 18, 44, 0.00, 0.00, 0.00, 9.27),
(2527, 2, 22, 44, 0.00, 0.00, 0.00, 9.10),
(2528, 2, 31, 44, 0.00, 0.00, 0.00, 14.84),
(2529, 2, 2, 44, 0.00, 0.00, 0.00, 11.56),
(2530, 2, 3, 44, 0.00, 0.00, 0.00, 11.53),
(2531, 2, 19, 44, 0.00, 0.00, 0.00, 11.56),
(2532, 1, 1, 45, 9.00, 6.00, -3.00, 12.00),
(2533, 1, 2, 45, 9.00, 9.00, 3.00, 21.00),
(2534, 1, 3, 45, 9.00, 9.00, 3.00, 21.00),
(2535, 1, 4, 45, 0.00, 9.00, 3.00, 12.00),
(2536, 1, 5, 45, 9.00, 12.00, 3.00, 24.00),
(2537, 1, 6, 45, 9.00, 12.00, 6.00, 27.00),
(2538, 1, 7, 45, 9.00, 12.00, 3.00, 24.00),
(2539, 1, 8, 45, 9.00, 6.00, -3.00, 12.00),
(2540, 1, 9, 45, 9.00, 12.00, 6.00, 27.00),
(2541, 1, 10, 45, 9.00, 9.00, 3.00, 21.00),
(2542, 1, 11, 45, 9.00, 0.00, 3.00, 12.00),
(2543, 1, 12, 45, 9.00, 9.00, 3.00, 21.00),
(2544, 1, 13, 45, 9.00, 6.00, 0.00, 15.00),
(2545, 1, 14, 45, 9.00, 6.00, -3.00, 12.00),
(2546, 1, 15, 45, 9.00, 9.00, 0.00, 18.00),
(2547, 1, 17, 45, 9.00, 6.00, -3.00, 12.00),
(2548, 1, 18, 45, 0.00, 15.00, 6.00, 21.00),
(2549, 1, 19, 45, 9.00, 9.00, 0.00, 18.00),
(2550, 1, 20, 45, 9.00, 3.00, -6.00, 6.00),
(2551, 1, 21, 45, 9.00, 3.00, -3.00, 9.00),
(2552, 1, 22, 45, 9.00, 6.00, -3.00, 12.00),
(2553, 1, 23, 45, 9.00, -12.00, 0.00, -3.00),
(2554, 1, 25, 45, 0.00, 6.00, 0.00, 6.00),
(2555, 1, 26, 45, 9.00, 9.00, 3.00, 21.00),
(2556, 1, 27, 45, 9.00, 12.00, 6.00, 27.00),
(2557, 1, 28, 45, 9.00, 12.00, 6.00, 27.00),
(2558, 1, 30, 45, 9.00, 3.00, 3.00, 15.00),
(2559, 1, 31, 45, 9.00, 9.00, 0.00, 18.00),
(2560, 1, 32, 45, 9.00, 9.00, 6.00, 24.00),
(2561, 2, 25, 45, 0.00, 0.00, 0.00, 8.80),
(2562, 2, 27, 45, 0.00, 0.00, 0.00, 13.42),
(2563, 2, 7, 45, 0.00, 0.00, 0.00, 12.76),
(2564, 2, 5, 45, 0.00, 0.00, 0.00, 12.68),
(2565, 2, 8, 45, 0.00, 0.00, 0.00, 8.08),
(2566, 2, 6, 45, 0.00, 0.00, 0.00, 14.50),
(2567, 2, 26, 45, 0.00, 0.00, 0.00, 11.20),
(2568, 2, 11, 45, 0.00, 0.00, 0.00, 6.06),
(2569, 2, 9, 45, 0.00, 0.00, 0.00, 14.05),
(2570, 2, 4, 45, 0.00, 0.00, 0.00, 12.09),
(2571, 2, 21, 45, 0.00, 0.00, 0.00, 6.83),
(2572, 2, 14, 45, 0.00, 0.00, 0.00, 7.85),
(2573, 2, 10, 45, 0.00, 0.00, 0.00, 10.65),
(2574, 2, 20, 45, 0.00, 0.00, 0.00, 7.77),
(2575, 2, 15, 45, 0.00, 0.00, 0.00, 11.42),
(2576, 2, 13, 45, 0.00, 0.00, 0.00, 8.80),
(2577, 2, 32, 45, 0.00, 0.00, 0.00, 11.45),
(2578, 2, 17, 45, 0.00, 0.00, 0.00, 7.85),
(2579, 2, 1, 45, 0.00, 0.00, 0.00, 8.19),
(2580, 2, 30, 45, 0.00, 0.00, 0.00, 8.66),
(2581, 2, 23, 45, 0.00, 0.00, 0.00, 0.00),
(2582, 2, 22, 45, 0.00, 0.00, 0.00, 8.19),
(2583, 2, 28, 45, 0.00, 0.00, 0.00, 12.97),
(2584, 2, 12, 45, 0.00, 0.00, 0.00, 10.65),
(2585, 2, 31, 45, 0.00, 0.00, 0.00, 11.68),
(2586, 2, 18, 45, 0.00, 0.00, 0.00, 13.16),
(2587, 2, 2, 45, 0.00, 0.00, 0.00, 11.20),
(2588, 2, 3, 45, 0.00, 0.00, 0.00, 10.72),
(2589, 2, 19, 45, 0.00, 0.00, 0.00, 8.33),
(2590, 1, 1, 46, 9.00, 9.00, 6.00, 24.00),
(2591, 1, 2, 46, 9.00, 12.00, 3.00, 24.00),
(2592, 1, 3, 46, 9.00, 12.00, 3.00, 24.00),
(2593, 1, 4, 46, 0.00, 3.00, -3.00, 0.00),
(2594, 1, 5, 46, 9.00, 12.00, 3.00, 24.00),
(2595, 1, 6, 46, 9.00, 6.00, 0.00, 15.00),
(2596, 1, 7, 46, 9.00, 12.00, 6.00, 27.00),
(2597, 1, 8, 46, 9.00, 15.00, 6.00, 30.00),
(2598, 1, 9, 46, 9.00, 6.00, 3.00, 18.00),
(2599, 1, 10, 46, 9.00, 15.00, 6.00, 30.00),
(2600, 1, 11, 46, 0.00, 3.00, -3.00, 0.00),
(2601, 1, 12, 46, 0.00, 6.00, -3.00, 3.00),
(2602, 1, 13, 46, 0.00, 3.00, -3.00, 0.00),
(2603, 1, 14, 46, 9.00, 6.00, 3.00, 18.00),
(2604, 1, 15, 46, 9.00, 12.00, 3.00, 24.00),
(2605, 1, 17, 46, 9.00, 12.00, 3.00, 24.00),
(2606, 1, 18, 46, 9.00, 12.00, 9.00, 30.00),
(2607, 1, 19, 46, 0.00, 6.00, 0.00, 6.00),
(2608, 1, 20, 46, 9.00, 12.00, 9.00, 30.00),
(2609, 1, 21, 46, 9.00, 12.00, 6.00, 27.00),
(2610, 1, 22, 46, 9.00, 12.00, 3.00, 24.00),
(2611, 1, 23, 46, 9.00, 0.00, 0.00, 9.00),
(2612, 1, 25, 46, 0.00, 0.00, -6.00, -6.00),
(2613, 1, 26, 46, 9.00, 12.00, 6.00, 27.00),
(2614, 1, 27, 46, 0.00, 6.00, -3.00, 3.00),
(2615, 1, 28, 46, 9.00, 12.00, 6.00, 27.00),
(2616, 1, 30, 46, 9.00, 9.00, 3.00, 21.00),
(2617, 1, 31, 46, 9.00, 9.00, 0.00, 18.00),
(2618, 1, 32, 46, 0.00, 3.00, -6.00, -3.00),
(2619, 2, 25, 46, 0.00, 0.00, 0.00, 4.27),
(2620, 2, 27, 46, 0.00, 0.00, 0.00, 6.77),
(2621, 2, 7, 46, 0.00, 0.00, 0.00, 15.22),
(2622, 2, 5, 46, 0.00, 0.00, 0.00, 12.86),
(2623, 2, 8, 46, 0.00, 0.00, 0.00, 14.48),
(2624, 2, 6, 46, 0.00, 0.00, 0.00, 8.14),
(2625, 2, 26, 46, 0.00, 0.00, 0.00, 15.22),
(2626, 2, 11, 46, 0.00, 0.00, 0.00, 5.37),
(2627, 2, 9, 46, 0.00, 0.00, 0.00, 7.94),
(2628, 2, 4, 46, 0.00, 0.00, 0.00, 4.97),
(2629, 2, 21, 46, 0.00, 0.00, 0.00, 12.36),
(2630, 2, 14, 46, 0.00, 0.00, 0.00, 7.94),
(2631, 2, 10, 46, 0.00, 0.00, 0.00, 14.48),
(2632, 2, 20, 46, 0.00, 0.00, 0.00, 14.27),
(2633, 2, 15, 46, 0.00, 0.00, 0.00, 13.26),
(2634, 2, 13, 46, 0.00, 0.00, 0.00, 5.46),
(2635, 2, 32, 46, 0.00, 0.00, 0.00, 0.00),
(2636, 2, 17, 46, 0.00, 0.00, 0.00, 12.72),
(2637, 2, 1, 46, 0.00, 0.00, 0.00, 11.12),
(2638, 2, 30, 46, 0.00, 0.00, 0.00, 12.43),
(2639, 2, 23, 46, 0.00, 0.00, 0.00, 2.09),
(2640, 2, 22, 46, 0.00, 0.00, 0.00, 11.83),
(2641, 2, 28, 46, 0.00, 0.00, 0.00, 12.86),
(2642, 2, 12, 46, 0.00, 0.00, 0.00, 4.88),
(2643, 2, 31, 46, 0.00, 0.00, 0.00, 9.87),
(2644, 2, 18, 46, 0.00, 0.00, 0.00, 16.77),
(2645, 2, 2, 46, 0.00, 0.00, 0.00, 12.36),
(2646, 2, 3, 46, 0.00, 0.00, 0.00, 12.36),
(2647, 2, 19, 46, 0.00, 0.00, 0.00, 7.68),
(2648, 1, 1, 47, 3.00, 3.00, 2.00, 8.00),
(2649, 1, 2, 47, 3.00, 3.00, 2.00, 8.00),
(2650, 1, 3, 47, 3.00, 3.00, 2.00, 8.00),
(2651, 1, 4, 47, 3.00, 4.00, 2.00, 9.00),
(2652, 1, 5, 47, 3.00, 3.00, 2.00, 8.00),
(2653, 1, 6, 47, 0.00, 3.00, 0.00, 3.00),
(2654, 1, 7, 47, 3.00, 1.00, 2.00, 6.00),
(2655, 1, 8, 47, 3.00, 2.00, 2.00, 7.00),
(2656, 1, 9, 47, 3.00, 4.00, 1.00, 8.00),
(2657, 1, 10, 47, 3.00, 3.00, 1.00, 7.00),
(2658, 1, 11, 47, 0.00, 2.00, -1.00, 1.00),
(2659, 1, 12, 47, 0.00, 1.00, -2.00, -1.00),
(2660, 1, 13, 47, 3.00, 0.00, 2.00, 5.00),
(2661, 1, 14, 47, 3.00, 1.00, -1.00, 3.00),
(2662, 1, 15, 47, 3.00, 4.00, 2.00, 9.00),
(2663, 1, 17, 47, 3.00, 3.00, 2.00, 8.00),
(2664, 1, 18, 47, 0.00, -2.00, 0.00, -2.00),
(2665, 1, 19, 47, 3.00, 4.00, 2.00, 9.00),
(2666, 1, 20, 47, 3.00, 3.00, 2.00, 8.00),
(2667, 1, 21, 47, 3.00, 2.00, 1.00, 6.00),
(2668, 1, 22, 47, 0.00, 2.00, -1.00, 1.00),
(2669, 1, 23, 47, 3.00, 3.00, 1.00, 7.00),
(2670, 1, 25, 47, 3.00, -2.00, 3.00, 4.00),
(2671, 1, 26, 47, 3.00, 4.00, 2.00, 9.00),
(2672, 1, 27, 47, 3.00, 4.00, 1.00, 8.00),
(2673, 1, 28, 47, 3.00, 2.00, 2.00, 7.00),
(2674, 1, 30, 47, 3.00, 4.00, 2.00, 9.00),
(2675, 1, 31, 47, 0.00, -2.00, 0.00, -2.00),
(2676, 1, 32, 47, 0.00, -2.00, 0.00, -2.00),
(2677, 2, 25, 47, 0.00, 0.00, 0.00, 0.00),
(2678, 2, 27, 47, 0.00, 0.00, 0.00, 11.55),
(2679, 2, 7, 47, 0.00, 0.00, 0.00, 7.54),
(2680, 2, 5, 47, 0.00, 0.00, 0.00, 11.43),
(2681, 2, 8, 47, 0.00, 0.00, 0.00, 9.33),
(2682, 2, 6, 47, 0.00, 0.00, 0.00, 10.11),
(2683, 2, 11, 47, 0.00, 0.00, 0.00, 8.18),
(2684, 2, 4, 47, 0.00, 0.00, 0.00, 13.52),
(2685, 2, 15, 47, 0.00, 0.00, 0.00, 14.80),
(2686, 2, 26, 47, 0.00, 0.00, 0.00, 13.02),
(2687, 2, 10, 47, 0.00, 0.00, 0.00, 11.51),
(2688, 2, 9, 47, 0.00, 0.00, 0.00, 13.02),
(2689, 2, 14, 47, 0.00, 0.00, 0.00, 5.14),
(2690, 2, 28, 47, 0.00, 0.00, 0.00, 9.33),
(2691, 2, 13, 47, 0.00, 0.00, 0.00, 4.45),
(2692, 2, 1, 47, 0.00, 0.00, 0.00, 12.08),
(2693, 2, 30, 47, 0.00, 0.00, 0.00, 13.78),
(2694, 2, 23, 47, 0.00, 0.00, 0.00, 10.83),
(2695, 2, 20, 47, 0.00, 0.00, 0.00, 11.94),
(2696, 2, 17, 47, 0.00, 0.00, 0.00, 10.14),
(2697, 2, 21, 47, 0.00, 0.00, 0.00, 7.71),
(2698, 2, 22, 47, 0.00, 0.00, 0.00, 8.22),
(2699, 2, 12, 47, 0.00, 0.00, 0.00, 5.47),
(2700, 2, 2, 47, 0.00, 0.00, 0.00, 11.72),
(2701, 2, 3, 47, 0.00, 0.00, 0.00, 11.94),
(2702, 2, 19, 47, 0.00, 0.00, 0.00, 13.22),
(2703, 1, 1, 48, 12.00, 8.00, 4.00, 24.00),
(2704, 1, 2, 48, 12.00, 12.00, 0.00, 24.00),
(2705, 1, 3, 48, 12.00, 12.00, 0.00, 24.00),
(2706, 1, 4, 48, 12.00, 8.00, 0.00, 20.00),
(2707, 1, 5, 48, 12.00, 12.00, 0.00, 24.00),
(2708, 1, 6, 48, 12.00, 0.00, 4.00, 16.00),
(2709, 1, 7, 48, 12.00, 12.00, 4.00, 28.00),
(2710, 1, 8, 48, 12.00, 8.00, 0.00, 20.00),
(2711, 1, 9, 48, 0.00, 0.00, -4.00, -4.00),
(2712, 1, 10, 48, 0.00, 0.00, -12.00, -12.00),
(2713, 1, 11, 48, 12.00, 12.00, 4.00, 28.00),
(2714, 1, 12, 48, 12.00, 12.00, 0.00, 24.00),
(2715, 1, 13, 48, 12.00, 4.00, 0.00, 16.00),
(2716, 1, 14, 48, 12.00, 12.00, 0.00, 24.00),
(2717, 1, 15, 48, 12.00, 12.00, 0.00, 24.00),
(2718, 1, 17, 48, 12.00, 16.00, 8.00, 36.00),
(2719, 1, 18, 48, 0.00, 4.00, -8.00, -4.00),
(2720, 1, 19, 48, 12.00, 16.00, 4.00, 32.00),
(2721, 1, 20, 48, 12.00, 12.00, 4.00, 28.00),
(2722, 1, 21, 48, 12.00, 12.00, 4.00, 28.00),
(2723, 1, 22, 48, 0.00, 0.00, -8.00, -8.00),
(2724, 1, 23, 48, 12.00, 12.00, 0.00, 24.00),
(2725, 1, 25, 48, 12.00, 8.00, 0.00, 20.00),
(2726, 1, 26, 48, 12.00, 12.00, 0.00, 24.00),
(2727, 1, 27, 48, 12.00, 12.00, 0.00, 24.00),
(2728, 1, 28, 48, 12.00, 12.00, 0.00, 24.00),
(2729, 1, 30, 48, 12.00, 8.00, 0.00, 20.00),
(2730, 1, 31, 48, 12.00, 12.00, 8.00, 32.00),
(2731, 1, 32, 48, 12.00, 4.00, 0.00, 16.00),
(2732, 2, 25, 48, 0.00, 0.00, 0.00, 9.33),
(2733, 2, 27, 48, 0.00, 0.00, 0.00, 10.82),
(2734, 2, 7, 48, 0.00, 0.00, 0.00, 14.64),
(2735, 2, 5, 48, 0.00, 0.00, 0.00, 11.18),
(2736, 2, 8, 48, 0.00, 0.00, 0.00, 11.23),
(2737, 2, 6, 48, 0.00, 0.00, 0.00, 3.90),
(2738, 2, 11, 48, 0.00, 0.00, 0.00, 12.11),
(2739, 2, 4, 48, 0.00, 0.00, 0.00, 7.48),
(2740, 2, 15, 48, 0.00, 0.00, 0.00, 10.30),
(2741, 2, 26, 48, 0.00, 0.00, 0.00, 11.96),
(2742, 2, 10, 48, 0.00, 0.00, 0.00, 2.77),
(2743, 2, 9, 48, 0.00, 0.00, 0.00, 0.00),
(2744, 2, 14, 48, 0.00, 0.00, 0.00, 11.18),
(2745, 2, 28, 48, 0.00, 0.00, 0.00, 10.82),
(2746, 2, 13, 48, 0.00, 0.00, 0.00, 5.54),
(2747, 2, 1, 48, 0.00, 0.00, 0.00, 10.13),
(2748, 2, 30, 48, 0.00, 0.00, 0.00, 12.64),
(2749, 2, 23, 48, 0.00, 0.00, 0.00, 11.37),
(2750, 2, 20, 48, 0.00, 0.00, 0.00, 14.64),
(2751, 2, 17, 48, 0.00, 0.00, 0.00, 19.21),
(2752, 2, 21, 48, 0.00, 0.00, 0.00, 12.86),
(2753, 2, 22, 48, 0.00, 0.00, 0.00, 5.40),
(2754, 2, 18, 48, 0.00, 0.00, 0.00, 5.98),
(2755, 2, 32, 48, 0.00, 0.00, 0.00, 5.54),
(2756, 2, 31, 48, 0.00, 0.00, 0.00, 10.96),
(2757, 2, 12, 48, 0.00, 0.00, 0.00, 13.03),
(2758, 2, 2, 48, 0.00, 0.00, 0.00, 10.82),
(2759, 2, 3, 48, 0.00, 0.00, 0.00, 11.05),
(2760, 2, 19, 48, 0.00, 0.00, 0.00, 13.09);

-- --------------------------------------------------------

--
-- Table structure for table `Prediction`
--

DROP TABLE IF EXISTS `Prediction`;
CREATE TABLE IF NOT EXISTS `Prediction` (
`PredictionID` int(11) NOT NULL,
  `UserID` int(11) NOT NULL,
  `MatchID` int(11) NOT NULL,
  `HomeTeamPoints` int(11) DEFAULT NULL,
  `AwayTeamPoints` int(11) DEFAULT NULL,
  `DateAdded` datetime NOT NULL
) ENGINE=InnoDB AUTO_INCREMENT=1376 DEFAULT CHARSET=latin1;

--
-- RELATIONS FOR TABLE `Prediction`:
--   `MatchID`
--       `Match` -> `MatchID`
--   `UserID`
--       `User` -> `UserID`
--

--
-- Dumping data for table `Prediction`
--

INSERT INTO `Prediction` (`PredictionID`, `UserID`, `MatchID`, `HomeTeamPoints`, `AwayTeamPoints`, `DateAdded`) VALUES
(1, 4, 1, 40, 13, '2015-08-17 17:42:37'),
(2, 4, 2, 22, 11, '2015-08-17 17:43:15'),
(3, 4, 3, 42, 6, '2015-08-17 17:43:50'),
(4, 4, 4, 51, 5, '2015-08-17 17:46:30'),
(5, 4, 5, 26, 13, '2015-08-17 17:44:41'),
(6, 4, 6, 20, 5, '2015-08-17 17:44:59'),
(7, 4, 7, 80, 8, '2015-08-17 17:45:17'),
(8, 4, 8, 28, 8, '2015-08-17 17:45:41'),
(9, 25, 1, 18, 8, '2015-08-18 03:05:12'),
(10, 25, 2, 21, 9, '2015-08-18 03:05:51'),
(11, 25, 3, 27, 6, '2015-08-18 03:06:20'),
(12, 25, 4, 47, 3, '2015-08-18 03:06:49'),
(13, 25, 5, 23, 15, '2015-08-18 03:07:24'),
(14, 25, 6, 15, 12, '2015-08-18 03:10:37'),
(15, 25, 7, 19, 10, '2015-08-18 03:10:58'),
(16, 25, 8, 26, 6, '2015-08-18 03:11:29'),
(17, 25, 9, 15, 9, '2015-08-18 03:11:49'),
(18, 25, 10, 27, 12, '2015-08-18 03:12:17'),
(19, 25, 11, 20, 3, '2015-08-18 03:12:52'),
(20, 25, 12, 71, 3, '2015-08-18 03:13:15'),
(21, 25, 13, 18, 6, '2015-08-18 03:13:50'),
(22, 25, 14, 18, 15, '2015-08-18 03:14:17'),
(23, 25, 15, 34, 18, '2015-08-18 03:14:37'),
(24, 25, 16, 24, 21, '2015-08-18 03:14:54'),
(25, 25, 17, 46, 3, '2015-08-18 03:15:09'),
(26, 25, 19, 30, 6, '2015-08-18 03:15:55'),
(27, 25, 20, 24, 11, '2015-08-18 03:16:19'),
(28, 25, 21, 30, 22, '2015-08-18 03:16:49'),
(29, 25, 22, 39, 6, '2015-08-18 03:17:42'),
(30, 25, 23, 59, 3, '2015-08-18 03:17:59'),
(31, 25, 24, 18, 15, '2015-08-18 03:18:17'),
(32, 25, 25, 28, 19, '2015-08-18 03:18:36'),
(33, 25, 26, 18, 26, '2015-08-18 03:18:58'),
(34, 25, 27, 27, 20, '2015-08-18 03:19:19'),
(35, 25, 28, 31, 15, '2015-08-18 03:19:57'),
(36, 25, 29, 22, 15, '2015-08-18 03:20:16'),
(37, 25, 30, 33, 18, '2015-08-18 03:20:39'),
(38, 25, 31, 58, 3, '2015-08-18 03:21:07'),
(39, 25, 32, 25, 21, '2015-08-18 03:21:25'),
(40, 25, 33, 59, 12, '2015-08-18 03:21:43'),
(41, 25, 34, 12, 29, '2015-08-18 03:22:14'),
(42, 25, 35, 29, 18, '2015-08-18 03:22:59'),
(43, 25, 36, 45, 6, '2015-08-18 03:24:41'),
(44, 25, 37, 31, 9, '2015-08-18 03:24:56'),
(45, 25, 38, 19, 12, '2015-08-18 03:25:10'),
(46, 25, 39, 19, 24, '2015-08-18 03:25:36'),
(47, 25, 40, 19, 15, '2015-08-18 03:26:08'),
(48, 25, 18, 20, 15, '2015-08-18 03:27:31'),
(49, 25, 41, 27, 23, '2015-08-18 03:28:32'),
(50, 25, 42, 30, 19, '2015-08-18 03:28:46'),
(51, 25, 43, 23, 18, '2015-10-11 23:09:48'),
(52, 25, 44, 26, 11, '2015-10-11 23:10:20'),
(53, 25, 45, 32, 21, '2015-08-18 03:29:36'),
(54, 25, 46, 26, 18, '2015-08-18 03:30:08'),
(55, 25, 47, 43, 32, '2015-08-18 03:30:21'),
(56, 25, 48, 22, 18, '2015-08-18 03:30:37'),
(57, 27, 1, 30, 9, '2015-08-19 13:26:13'),
(58, 27, 2, 21, 12, '2015-08-19 13:26:35'),
(59, 27, 3, 24, 6, '2015-08-19 13:26:46'),
(60, 27, 4, 45, 12, '2015-08-19 13:27:14'),
(61, 27, 5, 25, 9, '2015-08-19 13:27:32'),
(62, 27, 6, 24, 15, '2015-08-19 13:28:09'),
(63, 27, 7, 24, 15, '2015-08-19 13:28:37'),
(64, 27, 8, 36, 24, '2015-08-19 13:28:48'),
(65, 27, 9, 24, 12, '2015-08-19 13:29:02'),
(66, 27, 10, 45, 18, '2015-08-19 13:29:12'),
(67, 27, 11, 55, 6, '2015-09-23 16:40:17'),
(68, 27, 12, 80, 10, '2015-08-19 13:29:40'),
(69, 27, 13, 12, 9, '2015-08-19 13:30:06'),
(70, 27, 14, 9, 3, '2015-08-19 13:30:18'),
(71, 27, 15, 36, 6, '2015-08-19 13:30:33'),
(72, 27, 16, 25, 22, '2015-08-19 13:31:04'),
(73, 27, 17, 36, 20, '2015-08-19 13:31:16'),
(74, 27, 18, 36, 12, '2015-08-19 13:31:22'),
(75, 27, 19, 35, 9, '2015-08-19 13:31:37'),
(76, 27, 20, 22, 15, '2015-08-19 13:31:53'),
(77, 27, 21, 24, 16, '2015-08-19 13:34:05'),
(78, 27, 22, 24, 6, '2015-08-19 13:34:15'),
(79, 27, 23, 45, 6, '2015-08-19 13:34:30'),
(80, 27, 24, 15, 12, '2015-08-19 13:34:37'),
(81, 27, 25, 36, 9, '2015-08-19 13:34:58'),
(82, 27, 26, 22, 25, '2015-10-03 18:56:19'),
(83, 27, 27, 18, 9, '2015-08-19 13:35:22'),
(84, 27, 28, 18, 12, '2015-08-19 13:35:41'),
(85, 27, 29, 28, 15, '2015-10-05 15:17:05'),
(86, 27, 30, 24, 9, '2015-10-05 15:16:21'),
(87, 27, 31, 24, 8, '2015-08-19 13:36:24'),
(88, 27, 32, 25, 18, '2015-08-19 13:36:42'),
(89, 27, 33, 56, 3, '2015-10-09 17:51:12'),
(90, 27, 34, 9, 22, '2015-10-09 17:53:51'),
(91, 27, 35, 18, 15, '2015-10-09 17:54:32'),
(92, 27, 36, 45, 9, '2015-10-09 17:54:15'),
(93, 27, 37, 27, 6, '2015-10-09 17:55:01'),
(94, 27, 38, 24, 12, '2015-10-09 17:55:14'),
(95, 27, 39, 9, 15, '2015-08-19 13:38:37'),
(96, 27, 40, 24, 16, '2015-08-19 13:38:50'),
(97, 27, 41, 24, 20, '2015-08-19 13:39:04'),
(98, 27, 43, 24, 15, '2015-10-18 11:25:14'),
(99, 27, 44, 45, 12, '2015-10-18 11:25:43'),
(100, 27, 45, 20, 24, '2015-10-23 14:08:41'),
(101, 27, 46, 24, 20, '2015-08-19 13:39:30'),
(102, 27, 47, 24, 20, '2015-08-19 13:39:35'),
(103, 27, 48, 24, 20, '2015-08-19 13:39:40'),
(104, 27, 42, 33, 15, '2015-10-17 19:27:58'),
(105, 7, 1, 45, 12, '2015-08-27 10:41:33'),
(106, 7, 2, 29, 8, '2015-08-27 10:42:17'),
(107, 7, 3, 49, 6, '2015-08-27 10:42:36'),
(108, 7, 4, 62, 0, '2015-08-27 10:42:48'),
(109, 7, 5, 21, 15, '2015-08-27 10:42:56'),
(110, 7, 6, 23, 22, '2015-08-27 10:43:04'),
(111, 7, 7, 65, 5, '2015-08-27 10:43:18'),
(112, 7, 8, 39, 6, '2015-08-27 10:43:30'),
(113, 7, 9, 15, 6, '2015-08-27 10:43:42'),
(114, 7, 10, 38, 3, '2015-08-27 10:43:52'),
(115, 7, 11, 24, 9, '2015-08-27 10:44:00'),
(116, 7, 12, 65, 0, '2015-08-27 10:44:08'),
(117, 7, 13, 23, 6, '2015-08-27 10:44:26'),
(118, 7, 14, 14, 13, '2015-08-27 10:44:36'),
(119, 7, 15, 23, 11, '2015-08-27 10:44:44'),
(120, 7, 16, 18, 21, '2015-08-27 10:44:51'),
(121, 7, 17, 43, 0, '2015-08-27 10:45:01'),
(122, 7, 18, 12, 18, '2015-08-27 10:45:07'),
(123, 7, 19, 27, 14, '2015-08-27 10:45:18'),
(124, 7, 20, 21, 19, '2015-08-27 10:45:24'),
(125, 7, 21, 26, 12, '2015-09-30 00:11:40'),
(126, 7, 22, 29, 10, '2015-09-30 00:11:52'),
(127, 7, 23, 44, 6, '2015-09-30 00:12:04'),
(128, 7, 24, 25, 10, '2015-08-27 10:46:03'),
(129, 7, 25, 35, 13, '2015-09-30 00:12:23'),
(130, 7, 26, 18, 25, '2015-09-30 00:12:33'),
(131, 7, 27, 21, 13, '2015-08-27 10:46:26'),
(132, 7, 28, 25, 17, '2015-08-27 10:46:36'),
(133, 7, 29, 26, 21, '2015-08-27 10:46:44'),
(134, 7, 30, 27, 19, '2015-08-27 10:46:54'),
(135, 7, 31, 42, 13, '2015-08-27 10:47:04'),
(136, 7, 32, 17, 14, '2015-08-27 10:47:21'),
(137, 7, 33, 34, 8, '2015-08-27 10:47:29'),
(138, 7, 34, 16, 25, '2015-08-27 10:47:36'),
(139, 7, 35, 23, 16, '2015-08-27 10:47:45'),
(140, 7, 36, 48, 3, '2015-08-27 10:47:52'),
(141, 7, 37, 29, 12, '2015-08-27 10:48:19'),
(142, 7, 38, 17, 14, '2015-08-27 10:48:40'),
(143, 7, 39, 19, 18, '2015-08-27 10:48:49'),
(144, 7, 40, 18, 16, '2015-08-27 10:48:56'),
(145, 7, 41, 21, 14, '2015-10-15 23:17:11'),
(146, 7, 42, 32, 20, '2015-10-15 23:17:24'),
(147, 7, 43, 27, 18, '2015-10-15 23:17:48'),
(148, 7, 44, 28, 9, '2015-10-15 23:18:09'),
(149, 7, 45, 15, 25, '2015-10-22 15:35:40'),
(150, 7, 46, 18, 28, '2015-10-22 15:36:31'),
(151, 7, 47, 36, 20, '2015-08-27 10:49:44'),
(152, 7, 48, 28, 19, '2015-10-30 11:28:55'),
(153, 13, 1, 32, 12, '2015-08-27 12:20:20'),
(154, 13, 2, 22, 15, '2015-08-27 12:21:11'),
(155, 23, 1, 18, 3, '2015-08-27 12:21:29'),
(156, 13, 3, 43, 8, '2015-08-27 12:21:45'),
(157, 23, 2, 7, 3, '2015-08-27 12:22:03'),
(158, 13, 4, 47, 6, '2015-08-27 12:22:10'),
(159, 23, 3, 32, 14, '2015-09-19 12:15:55'),
(160, 13, 5, 23, 18, '2015-08-27 12:22:35'),
(161, 23, 4, 34, 14, '2015-09-19 12:16:25'),
(162, 23, 5, 24, 17, '2015-09-19 12:16:39'),
(163, 23, 6, 33, 28, '2015-09-19 12:17:23'),
(164, 23, 7, 28, 8, '2015-08-27 12:23:31'),
(165, 23, 8, 24, 14, '2015-08-27 12:23:52'),
(166, 5, 1, 37, 13, '2015-09-18 09:15:32'),
(167, 5, 2, 22, 13, '2015-09-18 09:17:47'),
(168, 5, 3, 47, 6, '2015-09-18 09:20:05'),
(169, 5, 4, 56, 10, '2015-09-18 09:22:08'),
(170, 5, 5, 21, 9, '2015-09-18 09:24:25'),
(171, 5, 6, 28, 13, '2015-09-18 09:26:06'),
(172, 5, 7, 74, 6, '2015-09-18 09:27:16'),
(173, 5, 8, 32, 14, '2015-09-18 10:32:51'),
(174, 5, 9, 27, 17, '2015-09-20 19:39:10'),
(175, 5, 10, 45, 20, '2015-09-20 19:41:41'),
(176, 5, 11, 55, 10, '2015-09-20 19:44:39'),
(177, 5, 12, 94, 0, '2015-08-28 04:53:19'),
(178, 5, 13, 28, 6, '2015-08-28 04:53:42'),
(179, 5, 14, 29, 13, '2015-09-26 10:03:30'),
(180, 5, 15, 34, 16, '2015-09-26 10:05:25'),
(181, 5, 16, 23, 17, '2015-09-26 10:07:32'),
(182, 5, 17, 113, 3, '2015-08-28 04:59:22'),
(183, 5, 18, 35, 10, '2015-08-28 04:59:42'),
(184, 5, 19, 75, 10, '2015-08-28 05:00:09'),
(185, 5, 20, 36, 15, '2015-09-29 16:06:38'),
(186, 5, 21, 31, 17, '2015-09-29 16:11:27'),
(187, 5, 22, 49, 12, '2015-09-29 16:13:24'),
(188, 5, 23, 66, 10, '2015-09-29 16:14:56'),
(189, 5, 24, 29, 19, '2015-09-29 16:16:08'),
(190, 5, 25, 29, 15, '2015-09-29 16:17:41'),
(191, 5, 26, 23, 20, '2015-09-29 16:22:07'),
(192, 5, 27, 33, 13, '2015-10-03 10:18:00'),
(193, 5, 28, 32, 12, '2015-10-03 10:35:32'),
(194, 5, 29, 26, 22, '2015-10-05 08:59:29'),
(195, 5, 30, 47, 9, '2015-10-05 09:01:24'),
(196, 5, 31, 54, 16, '2015-10-05 09:02:07'),
(197, 5, 32, 15, 28, '2015-10-05 09:03:17'),
(198, 5, 33, 52, 13, '2015-10-08 09:37:45'),
(199, 5, 34, 12, 22, '2015-10-05 09:03:59'),
(200, 5, 35, 28, 21, '2015-10-05 09:05:14'),
(201, 5, 36, 68, 9, '2015-10-08 09:41:16'),
(202, 5, 37, 46, 6, '2015-08-28 05:07:02'),
(203, 5, 38, 28, 15, '2015-08-28 05:07:23'),
(204, 5, 39, 14, 18, '2015-08-28 05:08:01'),
(205, 5, 40, 13, 23, '2015-10-08 09:46:05'),
(206, 5, 41, 24, 15, '2015-10-16 09:10:04'),
(207, 5, 42, 26, 13, '2015-10-16 09:11:07'),
(208, 5, 43, 20, 17, '2015-10-18 12:09:10'),
(209, 5, 44, 29, 13, '2015-10-16 09:12:50'),
(210, 5, 45, 12, 20, '2015-10-19 22:08:35'),
(211, 5, 46, 18, 24, '2015-10-24 18:01:39'),
(212, 5, 47, 28, 19, '2015-10-29 22:12:41'),
(213, 5, 48, 24, 18, '2015-10-29 22:15:24'),
(214, 10, 1, 23, 15, '2015-08-28 15:40:32'),
(215, 10, 2, 25, 17, '2015-08-28 15:40:59'),
(216, 10, 3, 50, 10, '2015-09-19 13:02:06'),
(217, 10, 4, 35, 6, '2015-09-19 13:01:44'),
(218, 10, 5, 27, 22, '2015-09-19 13:00:57'),
(219, 10, 6, 23, 14, '2015-08-28 15:43:32'),
(220, 10, 7, 26, 15, '2015-08-28 15:43:47'),
(221, 10, 8, 35, 12, '2015-08-28 15:44:06'),
(222, 10, 9, 20, 13, '2015-08-28 15:44:24'),
(223, 15, 1, 35, 10, '2015-09-18 15:00:58'),
(224, 15, 2, 25, 10, '2015-09-13 21:04:06'),
(225, 15, 3, 55, 7, '2015-09-13 21:04:57'),
(226, 15, 4, 70, 13, '2015-09-13 21:06:14'),
(227, 15, 6, 35, 10, '2015-09-13 21:08:03'),
(228, 15, 7, 81, 7, '2015-09-13 21:08:47'),
(229, 15, 8, 37, 10, '2015-09-13 21:09:20'),
(230, 15, 9, 35, 14, '2015-09-18 15:03:11'),
(231, 15, 10, 45, 10, '2015-09-23 15:32:47'),
(232, 15, 11, 65, 6, '2015-09-13 21:12:36'),
(233, 15, 12, 79, 5, '2015-09-23 15:34:04'),
(234, 15, 5, 28, 10, '2015-08-31 02:58:50'),
(235, 14, 1, 24, 8, '2015-09-01 04:40:37'),
(236, 14, 2, 28, 6, '2015-09-18 16:49:57'),
(237, 14, 3, 24, 6, '2015-09-18 16:49:50'),
(238, 14, 4, 22, 2, '2015-09-01 04:41:47'),
(239, 14, 5, 24, 18, '2015-09-01 04:42:47'),
(240, 14, 6, 18, 14, '2015-09-01 04:43:06'),
(241, 14, 7, 48, 6, '2015-09-01 04:43:25'),
(242, 14, 8, 18, 16, '2015-09-18 16:50:22'),
(243, 8, 1, 40, 18, '2015-09-11 09:50:50'),
(244, 8, 2, 30, 9, '2015-09-11 09:51:04'),
(245, 8, 3, 55, 6, '2015-09-11 09:51:19'),
(246, 8, 4, 44, 12, '2015-09-11 09:51:35'),
(247, 8, 5, 26, 18, '2015-09-11 09:51:55'),
(248, 8, 6, 22, 20, '2015-09-11 09:52:11'),
(249, 8, 7, 28, 15, '2015-09-11 09:52:26'),
(250, 8, 8, 70, 12, '2015-09-11 09:52:40'),
(251, 8, 9, 16, 14, '2015-09-11 09:53:01'),
(252, 8, 10, 52, 20, '2015-09-11 09:53:22'),
(253, 8, 11, 36, 6, '2015-09-11 09:53:43'),
(254, 8, 12, 55, 12, '2015-09-11 09:54:01'),
(255, 8, 13, 26, 10, '2015-09-11 09:54:10'),
(256, 8, 14, 24, 16, '2015-09-26 08:29:04'),
(257, 8, 15, 21, 10, '2015-09-26 08:28:39'),
(258, 8, 16, 25, 20, '2015-09-11 09:54:44'),
(259, 8, 17, 45, 12, '2015-09-26 08:29:57'),
(260, 8, 18, 20, 18, '2015-09-11 09:55:17'),
(261, 8, 19, 45, 9, '2015-09-26 08:30:18'),
(262, 8, 20, 32, 14, '2015-09-26 08:30:45'),
(263, 8, 21, 21, 20, '2015-09-11 09:56:40'),
(264, 8, 22, 42, 12, '2015-09-11 09:57:16'),
(265, 8, 23, 65, 5, '2015-09-11 09:57:35'),
(266, 8, 24, 23, 16, '2015-09-11 09:57:45'),
(267, 8, 25, 36, 12, '2015-09-11 09:57:53'),
(268, 8, 26, 28, 32, '2015-09-11 09:58:06'),
(269, 8, 27, 25, 22, '2015-09-26 08:31:56'),
(270, 8, 28, 30, 15, '2015-09-11 09:58:45'),
(271, 8, 29, 26, 18, '2015-09-11 09:59:07'),
(272, 8, 30, 32, 20, '2015-09-11 09:59:35'),
(273, 8, 31, 25, 11, '2015-09-11 09:59:46'),
(274, 8, 32, 25, 10, '2015-09-26 08:32:38'),
(275, 8, 33, 40, 9, '2015-09-26 08:33:01'),
(276, 8, 34, 26, 16, '2015-09-11 10:00:32'),
(277, 8, 35, 26, 25, '2015-09-11 10:01:03'),
(278, 8, 36, 25, 10, '2015-09-11 10:01:17'),
(279, 8, 37, 22, 12, '2015-09-11 10:01:28'),
(280, 8, 38, 35, 16, '2015-09-11 10:02:12'),
(281, 8, 39, 20, 35, '2015-09-11 10:02:23'),
(282, 8, 40, 10, 22, '2015-09-11 10:02:34'),
(283, 8, 41, 22, 17, '2015-10-13 17:27:38'),
(284, 8, 42, 28, 9, '2015-10-13 17:28:04'),
(285, 8, 43, 32, 6, '2015-10-13 17:28:57'),
(286, 8, 44, 40, 6, '2015-10-13 17:29:18'),
(287, 8, 45, 14, 35, '2015-10-21 13:33:02'),
(288, 8, 46, 15, 25, '2015-10-25 08:40:45'),
(289, 8, 47, 30, 22, '2015-10-28 20:04:35'),
(290, 8, 48, 28, 25, '2015-10-28 20:04:45'),
(291, 21, 1, 38, 13, '2015-09-17 19:23:57'),
(292, 11, 1, 31, 12, '2015-09-11 11:46:48'),
(293, 11, 2, 15, 8, '2015-09-11 11:47:18'),
(294, 11, 3, 47, 3, '2015-09-11 11:47:41'),
(295, 11, 4, 26, 7, '2015-09-11 11:49:38'),
(296, 11, 5, 16, 16, '2015-09-11 11:50:48'),
(297, 1, 1, 30, 13, '2015-09-15 14:16:52'),
(298, 15, 13, 37, 10, '2015-09-25 11:13:11'),
(299, 15, 14, 27, 10, '2015-09-13 21:14:45'),
(300, 15, 15, 31, 10, '2015-09-25 19:54:39'),
(301, 15, 16, 23, 12, '2015-09-25 19:54:16'),
(302, 15, 17, 75, 9, '2015-09-25 19:55:41'),
(303, 15, 18, 35, 6, '2015-09-13 21:16:50'),
(304, 15, 19, 50, 10, '2015-09-25 19:56:49'),
(305, 15, 20, 45, 10, '2015-09-25 19:57:24'),
(306, 15, 21, 35, 14, '2015-10-01 09:02:10'),
(307, 15, 22, 50, 12, '2015-09-13 21:20:07'),
(308, 15, 23, 83, 11, '2015-09-13 21:20:28'),
(309, 15, 24, 25, 21, '2015-10-03 08:18:43'),
(310, 15, 25, 30, 18, '2015-10-03 08:19:16'),
(311, 15, 26, 25, 27, '2015-10-03 08:19:47'),
(312, 15, 27, 35, 12, '2015-09-13 21:21:43'),
(313, 15, 28, 40, 15, '2015-09-13 21:22:14'),
(314, 15, 29, 27, 18, '2015-09-13 21:22:26'),
(315, 15, 30, 57, 12, '2015-09-13 21:22:38'),
(316, 15, 31, 47, 9, '2015-10-06 21:49:59'),
(317, 15, 32, 10, 35, '2015-09-13 21:24:27'),
(318, 15, 33, 57, 12, '2015-09-13 21:24:40'),
(319, 15, 34, 15, 25, '2015-09-13 21:25:04'),
(320, 15, 35, 35, 24, '2015-09-13 21:25:15'),
(321, 15, 36, 65, 8, '2015-09-13 21:25:26'),
(322, 15, 37, 45, 10, '2015-09-13 21:25:39'),
(323, 15, 38, 45, 3, '2015-09-13 21:25:53'),
(324, 15, 39, 28, 30, '2015-09-13 21:26:19'),
(325, 15, 40, 13, 28, '2015-09-13 21:26:30'),
(326, 9, 1, 35, 15, '2015-09-14 11:15:37'),
(327, 9, 2, 28, 10, '2015-09-14 11:15:53'),
(328, 9, 3, 50, 5, '2015-09-14 11:16:04'),
(329, 9, 4, 78, 5, '2015-09-14 11:16:17'),
(330, 9, 5, 30, 10, '2015-09-14 11:16:28'),
(331, 9, 6, 15, 20, '2015-09-14 11:16:42'),
(332, 9, 7, 70, 3, '2015-09-14 11:16:52'),
(333, 9, 8, 38, 10, '2015-09-14 11:17:03'),
(334, 9, 9, 30, 10, '2015-09-14 11:17:17'),
(335, 9, 10, 38, 12, '2015-09-14 11:17:28'),
(336, 9, 11, 50, 5, '2015-09-14 11:17:38'),
(337, 9, 12, 90, 3, '2015-09-14 11:17:47'),
(338, 9, 13, 35, 10, '2015-09-14 11:17:58'),
(339, 9, 14, 20, 5, '2015-09-14 11:18:06'),
(340, 9, 15, 45, 10, '2015-09-14 11:18:15'),
(341, 9, 16, 28, 15, '2015-09-14 11:18:41'),
(342, 9, 17, 80, 6, '2015-09-14 11:18:55'),
(343, 9, 18, 22, 9, '2015-09-14 11:19:06'),
(344, 9, 19, 68, 6, '2015-09-14 11:19:17'),
(345, 9, 20, 30, 9, '2015-09-14 11:19:28'),
(346, 9, 21, 36, 15, '2015-09-14 11:19:40'),
(347, 9, 22, 48, 9, '2015-09-14 11:19:49'),
(348, 9, 23, 80, 6, '2015-09-14 11:19:59'),
(349, 9, 24, 28, 12, '2015-09-14 11:20:10'),
(350, 9, 25, 35, 20, '2015-09-14 11:20:20'),
(351, 9, 26, 28, 22, '2015-09-14 11:20:37'),
(352, 9, 27, 20, 15, '2015-09-14 11:20:54'),
(353, 9, 28, 30, 10, '2015-09-14 11:21:08'),
(354, 9, 29, 20, 18, '2015-09-14 11:21:19'),
(355, 9, 30, 30, 10, '2015-09-14 11:21:27'),
(356, 9, 31, 50, 6, '2015-09-14 11:21:36'),
(357, 9, 32, 10, 20, '2015-09-14 11:21:44'),
(358, 9, 33, 60, 12, '2015-09-14 11:21:53'),
(359, 9, 34, 12, 20, '2015-09-14 11:22:04'),
(360, 9, 35, 32, 20, '2015-09-14 11:22:17'),
(361, 9, 36, 80, 6, '2015-09-14 11:22:26'),
(362, 9, 37, 30, 6, '2015-09-14 11:22:34'),
(363, 9, 38, 28, 10, '2015-09-14 11:22:43'),
(364, 9, 39, 18, 20, '2015-09-14 11:24:40'),
(365, 9, 40, 22, 28, '2015-09-14 11:24:55'),
(366, 1, 2, 25, 14, '2015-09-15 14:17:13'),
(367, 1, 3, 53, 10, '2015-09-15 14:17:26'),
(368, 1, 4, 40, 12, '2015-09-15 14:17:37'),
(369, 1, 5, 35, 12, '2015-09-15 13:37:48'),
(370, 1, 6, 22, 14, '2015-09-15 14:17:50'),
(371, 1, 7, 59, 9, '2015-09-15 14:18:00'),
(372, 1, 8, 44, 11, '2015-09-15 14:18:08'),
(373, 1, 9, 20, 14, '2015-09-15 14:18:18'),
(374, 1, 10, 33, 13, '2015-09-15 14:18:29'),
(375, 1, 11, 43, 11, '2015-09-15 14:18:39'),
(376, 1, 12, 78, 5, '2015-09-24 18:49:20'),
(377, 1, 13, 31, 13, '2015-09-15 13:39:23'),
(378, 1, 14, 22, 14, '2015-09-15 14:18:58'),
(379, 1, 15, 34, 13, '2015-09-15 14:19:05'),
(380, 1, 16, 20, 15, '2015-09-26 18:52:42'),
(381, 1, 17, 64, 9, '2015-09-15 14:19:22'),
(382, 1, 18, 23, 14, '2015-09-15 14:19:30'),
(383, 1, 19, 50, 10, '2015-09-15 14:19:37'),
(384, 1, 20, 40, 11, '2015-09-15 14:19:46'),
(385, 1, 21, 29, 13, '2015-09-15 14:19:55'),
(386, 1, 22, 45, 11, '2015-09-15 14:20:03'),
(387, 1, 23, 62, 9, '2015-09-15 14:20:12'),
(388, 1, 24, 18, 14, '2015-09-15 14:20:23'),
(389, 1, 25, 32, 13, '2015-09-15 14:20:32'),
(390, 1, 26, 20, 22, '2015-10-03 18:51:40'),
(391, 1, 27, 18, 14, '2015-09-15 14:20:52'),
(392, 1, 28, 42, 11, '2015-09-15 14:21:00'),
(393, 1, 29, 15, 13, '2015-09-15 14:21:12'),
(394, 1, 30, 38, 11, '2015-10-06 07:25:44'),
(395, 1, 31, 44, 11, '2015-09-15 14:21:31'),
(396, 1, 32, 13, 27, '2015-09-15 13:43:43'),
(397, 1, 33, 50, 11, '2015-09-15 14:21:44'),
(398, 1, 34, 15, 32, '2015-10-06 07:27:01'),
(399, 1, 35, 28, 15, '2015-10-08 10:15:44'),
(400, 1, 36, 50, 9, '2015-10-08 10:14:19'),
(401, 1, 37, 46, 11, '2015-09-15 14:22:49'),
(402, 1, 38, 20, 14, '2015-09-15 14:23:00'),
(403, 1, 39, 14, 20, '2015-09-15 14:23:08'),
(404, 1, 40, 18, 25, '2015-10-11 19:01:38'),
(405, 20, 1, 27, 10, '2015-09-15 18:02:00'),
(406, 18, 1, 35, 10, '2015-09-15 18:49:46'),
(407, 18, 2, 27, 15, '2015-09-19 02:14:40'),
(408, 18, 3, 55, 3, '2015-09-15 18:50:53'),
(409, 18, 4, 48, 3, '2015-09-15 18:51:20'),
(410, 18, 5, 30, 13, '2015-09-19 02:13:20'),
(411, 18, 6, 30, 10, '2015-09-15 18:52:27'),
(412, 18, 7, 70, 3, '2015-09-15 18:52:50'),
(413, 18, 8, 35, 9, '2015-09-15 18:53:18'),
(414, 26, 1, 36, 13, '2015-09-16 09:55:10'),
(415, 26, 2, 28, 12, '2015-09-19 10:41:49'),
(416, 26, 3, 45, 10, '2015-09-19 11:23:08'),
(417, 26, 4, 62, 9, '2015-09-16 09:57:14'),
(418, 26, 5, 24, 15, '2015-09-16 09:57:44'),
(419, 26, 6, 34, 12, '2015-09-16 09:58:12'),
(420, 26, 7, 53, 6, '2015-09-20 11:00:59'),
(421, 26, 8, 35, 11, '2015-09-20 11:01:21'),
(422, 26, 9, 27, 12, '2015-09-20 11:01:45'),
(423, 26, 10, 31, 13, '2015-09-22 20:44:16'),
(424, 26, 11, 41, 9, '2015-09-22 20:44:29'),
(425, 26, 12, 71, 6, '2015-09-16 10:00:48'),
(426, 26, 13, 30, 11, '2015-09-16 10:01:11'),
(427, 26, 14, 24, 12, '2015-09-16 10:01:28'),
(428, 26, 15, 29, 13, '2015-09-16 10:02:24'),
(429, 26, 16, 21, 18, '2015-09-16 10:02:41'),
(430, 26, 17, 59, 3, '2015-09-25 20:57:15'),
(431, 26, 18, 30, 12, '2015-09-25 20:58:00'),
(432, 26, 19, 43, 9, '2015-09-22 20:45:31'),
(433, 26, 20, 26, 10, '2015-09-28 21:06:43'),
(434, 26, 21, 28, 10, '2015-09-16 10:36:17'),
(435, 26, 22, 38, 9, '2015-09-28 21:04:23'),
(436, 26, 23, 59, 3, '2015-09-22 20:46:22'),
(437, 26, 24, 30, 15, '2015-10-02 22:48:39'),
(438, 26, 25, 29, 15, '2015-10-02 22:47:45'),
(439, 26, 26, 24, 20, '2015-09-16 10:38:24'),
(440, 26, 27, 31, 16, '2015-09-22 20:47:00'),
(441, 26, 28, 29, 12, '2015-09-16 10:39:06'),
(442, 26, 29, 19, 23, '2015-10-06 07:59:13'),
(443, 26, 30, 39, 8, '2015-09-16 10:40:15'),
(444, 26, 31, 44, 9, '2015-09-16 10:41:03'),
(445, 26, 32, 12, 26, '2015-10-07 18:53:16'),
(446, 26, 33, 59, 6, '2015-10-07 18:53:42'),
(447, 26, 34, 14, 18, '2015-10-10 07:55:08'),
(448, 26, 35, 18, 20, '2015-09-16 10:42:53'),
(449, 26, 36, 47, 9, '2015-10-10 07:56:08'),
(450, 26, 37, 44, 9, '2015-10-08 21:29:54'),
(451, 26, 38, 25, 6, '2015-10-10 07:56:37'),
(452, 26, 39, 17, 21, '2015-09-16 10:44:30'),
(453, 26, 40, 18, 26, '2015-10-11 18:43:49'),
(454, 6, 1, 27, 13, '2015-09-16 13:10:18'),
(455, 6, 2, 17, 6, '2015-09-16 13:13:09'),
(456, 6, 4, 47, 3, '2015-09-16 13:13:49'),
(457, 6, 3, 43, 7, '2015-09-19 08:53:57'),
(458, 6, 5, 13, 15, '2015-09-16 13:18:07'),
(459, 6, 6, 10, 3, '2015-09-16 13:18:33'),
(460, 6, 7, 56, 6, '2015-09-20 11:52:34'),
(461, 6, 8, 31, 8, '2015-09-16 13:19:41'),
(462, 6, 9, 18, 3, '2015-09-16 13:26:16'),
(463, 6, 10, 33, 17, '2015-09-23 14:11:28'),
(464, 6, 11, 24, 13, '2015-09-23 14:11:14'),
(465, 6, 12, 70, 0, '2015-09-23 14:12:48'),
(466, 6, 13, 12, 8, '2015-09-16 13:27:36'),
(467, 6, 14, 35, 12, '2015-09-26 09:38:30'),
(468, 6, 15, 28, 13, '2015-09-16 13:28:30'),
(469, 6, 16, 23, 17, '2015-09-16 13:28:56'),
(470, 6, 17, 27, 12, '2015-09-26 09:39:02'),
(471, 6, 18, 26, 12, '2015-09-26 09:39:46'),
(472, 6, 19, 21, 9, '2015-09-26 09:40:11'),
(473, 6, 20, 28, 22, '2015-09-29 13:00:22'),
(474, 6, 21, 16, 15, '2015-09-16 14:21:07'),
(475, 6, 22, 42, 12, '2015-10-01 17:46:16'),
(476, 6, 23, 48, 12, '2015-10-01 17:47:47'),
(477, 6, 24, 26, 22, '2015-10-01 17:53:25'),
(478, 6, 25, 22, 18, '2015-09-16 14:22:14'),
(479, 6, 26, 23, 22, '2015-09-16 14:22:24'),
(480, 6, 27, 32, 18, '2015-10-04 12:55:49'),
(481, 6, 28, 34, 19, '2015-10-04 12:57:42'),
(482, 6, 29, 12, 17, '2015-09-16 14:23:18'),
(483, 6, 30, 18, 17, '2015-09-16 14:23:33'),
(484, 6, 31, 36, 9, '2015-09-16 14:23:52'),
(485, 6, 32, 17, 17, '2015-09-16 14:24:16'),
(486, 6, 33, 25, 18, '2015-09-16 14:24:44'),
(487, 6, 34, 12, 27, '2015-10-10 12:16:01'),
(488, 6, 35, 26, 17, '2015-09-16 14:25:42'),
(489, 6, 36, 47, 10, '2015-10-10 12:17:53'),
(490, 6, 37, 38, 6, '2015-10-10 12:19:41'),
(491, 6, 38, 27, 18, '2015-10-10 12:24:03'),
(492, 6, 39, 12, 23, '2015-09-16 14:26:56'),
(493, 6, 40, 12, 13, '2015-09-16 14:27:03'),
(494, 6, 41, 12, 13, '2015-09-16 14:29:39'),
(495, 6, 42, 28, 13, '2015-09-16 14:30:12'),
(496, 6, 43, 28, 19, '2015-10-18 12:16:59'),
(497, 6, 44, 43, 12, '2015-10-18 12:15:34'),
(498, 6, 45, 17, 18, '2015-09-16 14:31:54'),
(499, 6, 46, 17, 18, '2015-09-16 14:32:51'),
(500, 6, 47, 15, 16, '2015-09-16 14:33:08'),
(501, 6, 48, 18, 9, '2015-09-16 14:33:20'),
(502, 30, 1, 37, 14, '2015-09-18 17:31:48'),
(503, 30, 2, 29, 13, '2015-09-16 16:03:26'),
(504, 30, 3, 29, 8, '2015-09-17 10:36:09'),
(505, 22, 1, 42, 10, '2015-09-16 18:58:35'),
(506, 22, 2, 25, 8, '2015-09-16 18:58:55'),
(507, 22, 3, 40, 10, '2015-09-16 18:59:44'),
(508, 22, 4, 35, 5, '2015-09-16 18:59:59'),
(509, 22, 5, 22, 10, '2015-09-16 19:00:10'),
(510, 22, 6, 33, 15, '2015-09-16 19:03:33'),
(511, 22, 7, 65, 9, '2015-09-16 19:03:53'),
(512, 22, 8, 45, 12, '2015-09-16 19:04:27'),
(513, 12, 1, 23, 7, '2015-09-16 21:16:40'),
(514, 31, 1, 44, 12, '2015-09-17 10:11:41'),
(515, 31, 2, 22, 12, '2015-09-17 10:12:19'),
(516, 31, 3, 51, 6, '2015-09-17 10:13:29'),
(517, 31, 4, 50, 9, '2015-09-17 10:15:26'),
(518, 31, 5, 22, 15, '2015-09-17 10:15:42'),
(519, 31, 6, 25, 11, '2015-09-17 10:16:23'),
(520, 31, 7, 50, 9, '2015-09-18 10:08:51'),
(521, 31, 8, 47, 9, '2015-09-17 10:28:11'),
(522, 30, 4, 43, 9, '2015-09-19 13:13:13'),
(523, 30, 5, 34, 29, '2015-09-17 10:36:54'),
(524, 30, 6, 29, 12, '2015-09-17 10:38:58'),
(525, 30, 7, 47, 9, '2015-09-17 10:40:41'),
(526, 30, 8, 41, 21, '2015-09-17 10:41:20'),
(527, 30, 9, 29, 13, '2015-09-22 13:11:24'),
(528, 11, 6, 23, 14, '2015-09-17 10:59:15'),
(529, 11, 7, 73, 3, '2015-09-17 10:59:27'),
(530, 11, 8, 14, 8, '2015-09-17 10:59:43'),
(531, 11, 9, 32, 22, '2015-09-21 10:04:29'),
(532, 11, 10, 40, 17, '2015-09-21 10:04:37'),
(533, 11, 11, 38, 24, '2015-09-21 09:52:19'),
(534, 11, 12, 54, 12, '2015-09-21 10:04:54'),
(535, 11, 13, 28, 12, '2015-09-21 09:53:05'),
(536, 11, 14, 29, 18, '2015-09-21 10:05:22'),
(537, 17, 1, 28, 13, '2015-09-17 12:31:25'),
(538, 17, 2, 32, 11, '2015-09-17 12:31:40'),
(539, 17, 3, 43, 11, '2015-09-17 12:31:53'),
(540, 17, 4, 58, 6, '2015-09-17 12:32:07'),
(541, 17, 5, 23, 18, '2015-09-17 12:32:16'),
(542, 17, 6, 18, 15, '2015-09-17 12:32:30'),
(543, 17, 7, 39, 13, '2015-09-17 12:32:39'),
(544, 17, 8, 48, 17, '2015-09-17 12:33:15'),
(545, 12, 2, 28, 10, '2015-09-17 12:37:28'),
(546, 12, 3, 35, 20, '2015-09-17 12:38:01'),
(547, 12, 4, 35, 13, '2015-09-17 12:38:15'),
(548, 12, 5, 28, 18, '2015-09-17 12:38:33'),
(549, 12, 6, 40, 15, '2015-09-17 12:38:48'),
(550, 12, 7, 30, 3, '2015-09-17 12:38:58'),
(551, 12, 8, 35, 15, '2015-09-17 12:39:15'),
(552, 12, 9, 18, 23, '2015-09-17 12:39:32'),
(553, 12, 10, 40, 10, '2015-09-22 20:16:55'),
(554, 12, 11, 35, 9, '2015-09-17 12:39:57'),
(555, 12, 12, 53, 6, '2015-09-17 12:40:09'),
(556, 12, 13, 40, 7, '2015-09-22 20:17:27'),
(557, 12, 14, 20, 20, '2015-09-22 20:17:50'),
(558, 12, 15, 35, 20, '2015-09-22 20:18:06'),
(559, 12, 16, 27, 23, '2015-09-22 20:18:18'),
(560, 12, 17, 43, 3, '2015-09-17 12:41:15'),
(561, 12, 18, 20, 18, '2015-09-17 12:41:26'),
(562, 12, 19, 31, 7, '2015-09-17 12:41:41'),
(563, 12, 20, 30, 5, '2015-09-17 12:41:51'),
(564, 12, 21, 20, 15, '2015-10-01 13:38:34'),
(565, 12, 22, 35, 10, '2015-10-01 13:38:47'),
(566, 12, 23, 40, 10, '2015-10-01 13:38:57'),
(567, 12, 24, 25, 20, '2015-10-01 13:39:09'),
(568, 12, 25, 33, 10, '2015-09-17 12:42:58'),
(569, 12, 26, 18, 25, '2015-10-01 13:39:37'),
(570, 12, 27, 40, 20, '2015-10-01 13:39:49'),
(571, 12, 28, 42, 13, '2015-10-01 13:40:00'),
(572, 12, 29, 30, 10, '2015-09-17 12:43:39'),
(573, 12, 30, 25, 15, '2015-09-17 12:43:49'),
(574, 12, 31, 40, 3, '2015-09-17 12:43:58'),
(575, 12, 32, 20, 10, '2015-09-17 12:44:08'),
(576, 12, 33, 20, 21, '2015-09-17 12:44:17'),
(577, 12, 34, 18, 10, '2015-10-10 13:59:55'),
(578, 12, 35, 30, 18, '2015-09-17 12:44:44'),
(579, 12, 36, 31, 8, '2015-09-17 12:44:51'),
(580, 12, 37, 40, 10, '2015-10-11 08:12:51'),
(581, 12, 38, 25, 15, '2015-10-10 14:00:44'),
(582, 12, 39, 18, 15, '2015-09-17 12:45:19'),
(583, 12, 40, 10, 25, '2015-09-17 12:45:30'),
(584, 11, 15, 34, 12, '2015-09-17 12:49:01'),
(585, 11, 16, 34, 14, '2015-09-21 09:53:58'),
(586, 11, 17, 76, 6, '2015-09-21 09:54:17'),
(587, 11, 18, 32, 12, '2015-09-21 09:54:36'),
(588, 11, 19, 38, 13, '2015-09-21 09:54:51'),
(589, 11, 20, 32, 20, '2015-09-21 09:55:05'),
(590, 11, 21, 39, 22, '2015-09-30 09:37:43'),
(591, 32, 1, 36, 14, '2015-09-17 16:58:04'),
(592, 32, 2, 25, 14, '2015-09-17 17:00:44'),
(593, 32, 3, 26, 3, '2015-09-17 17:03:04'),
(594, 32, 4, 40, 14, '2015-09-17 17:01:13'),
(595, 32, 5, 30, 15, '2015-09-17 17:04:42'),
(596, 32, 6, 21, 12, '2015-09-20 11:22:19'),
(597, 32, 7, 72, 5, '2015-09-20 11:27:46'),
(598, 32, 8, 28, 14, '2015-09-20 11:27:49'),
(599, 21, 2, 43, 12, '2015-09-17 19:35:58'),
(600, 21, 3, 52, 6, '2015-09-17 19:26:15'),
(601, 21, 4, 67, 9, '2015-09-17 19:31:25'),
(602, 21, 5, 32, 16, '2015-09-17 19:32:26'),
(603, 21, 6, 20, 10, '2015-09-17 19:33:39'),
(604, 21, 7, 52, 6, '2015-09-17 19:34:28'),
(605, 21, 8, 48, 16, '2015-09-17 19:35:07'),
(606, 28, 1, 30, 10, '2015-09-18 10:03:25'),
(607, 28, 2, 21, 14, '2015-09-18 10:05:12'),
(608, 28, 3, 32, 10, '2015-09-18 10:05:32'),
(609, 28, 4, 58, 6, '2015-09-19 16:15:11'),
(610, 28, 5, 21, 12, '2015-09-19 18:22:40'),
(611, 32, 12, 100, 14, '2015-09-18 11:28:18'),
(612, 32, 11, 45, 7, '2015-09-18 11:28:28'),
(613, 32, 10, 21, 12, '2015-09-18 11:28:41'),
(614, 32, 9, 32, 21, '2015-09-23 09:17:49'),
(615, 32, 13, 35, 10, '2015-09-18 11:29:12'),
(616, 11, 22, 56, 13, '2015-09-30 09:39:35'),
(617, 11, 23, 51, 12, '2015-09-21 09:57:32'),
(618, 30, 10, 46, 24, '2015-09-22 13:11:54'),
(619, 30, 11, 54, 13, '2015-09-22 13:12:13'),
(620, 30, 12, 68, 5, '2015-09-22 13:12:27'),
(621, 30, 13, 40, 16, '2015-09-22 13:12:54'),
(625, 2, 1, 32, 12, '2015-09-18 19:48:56'),
(626, 3, 1, 34, 12, '2015-09-18 19:48:56'),
(627, 19, 1, 33, 13, '2015-09-18 19:48:56'),
(628, 2, 2, 25, 11, '2015-09-19 11:30:36'),
(629, 3, 2, 25, 11, '2015-09-19 11:30:36'),
(630, 19, 2, 25, 12, '2015-09-19 11:30:36'),
(631, 20, 3, 45, 10, '2015-09-19 11:33:37'),
(632, 20, 4, 55, 15, '2015-09-19 11:33:47'),
(633, 20, 5, 40, 17, '2015-09-19 11:38:18'),
(634, 20, 6, 19, 15, '2015-09-19 12:06:08'),
(635, 20, 7, 63, 3, '2015-09-19 12:06:58'),
(636, 20, 8, 32, 17, '2015-09-19 12:07:10'),
(637, 20, 9, 28, 14, '2015-09-23 09:19:29'),
(638, 20, 10, 30, 15, '2015-09-23 09:20:32'),
(639, 13, 6, 25, 19, '2015-09-19 12:16:26'),
(640, 13, 7, 72, 5, '2015-09-19 12:16:55'),
(641, 13, 8, 34, 18, '2015-09-19 12:17:12'),
(642, 13, 9, 21, 12, '2015-09-19 12:17:24'),
(643, 13, 10, 28, 20, '2015-09-19 12:18:04'),
(644, 13, 11, 52, 8, '2015-09-19 12:18:25'),
(645, 28, 6, 30, 6, '2015-09-19 16:31:28'),
(646, 28, 7, 30, 9, '2015-09-19 13:33:47'),
(647, 28, 8, 38, 12, '2015-09-19 13:34:02'),
(648, 28, 9, 25, 14, '2015-09-19 18:20:57'),
(649, 28, 10, 38, 12, '2015-09-23 16:09:27'),
(650, 28, 11, 40, 6, '2015-09-23 18:51:17'),
(651, 2, 3, 42, 8, '2015-09-19 14:03:52'),
(652, 3, 3, 44, 7, '2015-09-19 14:03:52'),
(653, 19, 3, 49, 6, '2015-09-19 14:03:52'),
(654, 2, 4, 48, 8, '2015-09-19 16:15:09'),
(655, 3, 4, 47, 8, '2015-09-19 16:15:09'),
(656, 19, 4, 41, 8, '2015-09-19 16:15:09'),
(657, 2, 5, 26, 15, '2015-09-19 19:47:53'),
(658, 3, 5, 25, 15, '2015-09-19 19:47:53'),
(659, 19, 5, 25, 15, '2015-09-19 19:47:53'),
(660, 10, 10, 35, 15, '2015-09-20 06:44:48'),
(661, 10, 11, 40, 10, '2015-09-20 06:45:08'),
(662, 2, 6, 24, 14, '2015-09-20 11:30:25'),
(663, 3, 6, 23, 14, '2015-09-20 11:30:25'),
(664, 19, 6, 23, 15, '2015-09-20 11:30:25'),
(665, 2, 7, 53, 8, '2015-09-20 14:00:25'),
(666, 3, 7, 55, 7, '2015-09-20 14:00:25'),
(667, 19, 7, 53, 6, '2015-09-20 14:00:25'),
(668, 2, 8, 36, 13, '2015-09-20 16:18:14'),
(669, 3, 8, 35, 12, '2015-09-20 16:18:14'),
(670, 19, 8, 35, 12, '2015-09-20 16:18:14'),
(671, 10, 12, 55, 10, '2015-09-23 21:01:53'),
(672, 10, 13, 25, 20, '2015-09-20 20:32:56'),
(673, 10, 14, 35, 25, '2015-09-20 20:33:39'),
(674, 10, 15, 40, 25, '2015-09-20 20:34:23'),
(675, 10, 16, 35, 25, '2015-09-20 20:35:09'),
(676, 10, 17, 50, 15, '2015-09-25 14:41:38'),
(677, 10, 18, 27, 19, '2015-09-20 20:36:15'),
(678, 10, 19, 35, 10, '2015-09-20 20:36:33'),
(679, 14, 9, 18, 12, '2015-09-21 09:45:01'),
(680, 14, 10, 22, 8, '2015-09-21 09:45:13'),
(681, 14, 11, 42, 6, '2015-09-21 09:45:23'),
(682, 14, 12, 46, 6, '2015-09-21 09:45:43'),
(683, 14, 13, 26, 18, '2015-09-21 09:45:57'),
(684, 14, 14, 42, 12, '2015-09-25 22:49:35'),
(685, 14, 15, 42, 16, '2015-09-21 09:46:27'),
(686, 14, 16, 22, 10, '2015-09-25 22:49:47'),
(687, 14, 17, 36, 6, '2015-09-21 09:46:59'),
(688, 14, 18, 18, 12, '2015-09-25 22:50:13'),
(689, 14, 19, 34, 6, '2015-09-21 09:47:29'),
(690, 11, 24, 32, 19, '2015-09-21 09:57:48'),
(691, 11, 25, 34, 16, '2015-09-30 09:42:31'),
(692, 11, 26, 23, 28, '2015-09-21 09:58:23'),
(693, 11, 27, 46, 14, '2015-09-30 09:51:22'),
(694, 11, 28, 38, 15, '2015-09-30 09:51:34'),
(695, 11, 29, 28, 20, '2015-10-05 10:09:29'),
(696, 11, 30, 41, 19, '2015-10-05 10:09:38'),
(697, 11, 31, 54, 14, '2015-09-21 10:03:27'),
(698, 11, 32, 17, 34, '2015-09-21 10:03:45'),
(699, 11, 33, 49, 10, '2015-10-07 17:38:51'),
(700, 21, 9, 16, 23, '2015-09-21 11:18:47'),
(701, 21, 10, 31, 13, '2015-09-21 11:19:28'),
(702, 21, 11, 46, 9, '2015-09-21 11:22:42'),
(703, 28, 12, 60, 3, '2015-09-23 16:08:58'),
(704, 28, 13, 25, 10, '2015-09-21 17:12:38'),
(705, 28, 14, 22, 9, '2015-09-21 17:12:53'),
(706, 28, 15, 35, 12, '2015-09-21 17:13:14'),
(707, 28, 16, 28, 22, '2015-09-21 17:13:24'),
(708, 4, 9, 37, 16, '2015-09-22 15:01:48'),
(709, 22, 9, 21, 12, '2015-09-22 22:43:11'),
(710, 22, 10, 39, 15, '2015-09-22 22:43:40'),
(711, 22, 11, 50, 8, '2015-09-22 22:43:57'),
(712, 22, 12, 70, 10, '2015-09-22 22:44:46'),
(713, 22, 13, 24, 6, '2015-09-24 16:08:08'),
(714, 22, 14, 25, 7, '2015-09-22 22:45:51'),
(715, 22, 15, 45, 11, '2015-09-22 22:46:33'),
(716, 18, 9, 25, 18, '2015-09-23 08:15:38'),
(717, 18, 10, 35, 10, '2015-09-23 08:16:10'),
(718, 18, 11, 40, 6, '2015-09-23 08:16:30'),
(719, 18, 12, 51, 3, '2015-09-23 08:16:58'),
(720, 18, 13, 26, 20, '2015-09-23 08:17:18'),
(721, 18, 14, 26, 10, '2015-09-23 08:17:49'),
(722, 18, 15, 38, 12, '2015-09-23 08:18:09'),
(723, 18, 16, 18, 24, '2015-09-23 08:18:28'),
(724, 18, 17, 45, 6, '2015-09-23 08:18:46'),
(725, 18, 18, 25, 10, '2015-09-23 08:19:05'),
(726, 18, 19, 40, 6, '2015-09-23 08:19:30'),
(727, 20, 11, 42, 8, '2015-09-23 09:21:54'),
(728, 31, 9, 30, 24, '2015-09-23 10:46:15'),
(729, 31, 10, 40, 13, '2015-09-23 10:50:01'),
(730, 31, 11, 41, 9, '2015-09-23 10:52:25'),
(731, 13, 12, 57, 5, '2015-09-23 13:59:48'),
(732, 2, 9, 24, 15, '2015-09-23 14:00:03'),
(733, 3, 9, 25, 14, '2015-09-23 14:00:03'),
(734, 19, 9, 18, 13, '2015-09-23 14:00:03'),
(735, 13, 13, 18, 10, '2015-09-23 14:00:06'),
(736, 17, 10, 39, 17, '2015-09-23 14:01:29'),
(737, 17, 11, 48, 12, '2015-09-23 14:01:42'),
(738, 17, 12, 64, 7, '2015-09-23 14:01:54'),
(739, 17, 13, 28, 13, '2015-09-23 14:02:08'),
(740, 17, 14, 31, 20, '2015-09-23 14:03:01'),
(741, 17, 15, 44, 12, '2015-09-23 14:03:41'),
(742, 17, 16, 28, 25, '2015-09-23 14:03:59'),
(743, 17, 17, 44, 19, '2015-09-23 14:04:11'),
(744, 17, 18, 36, 14, '2015-09-27 13:28:35'),
(745, 17, 19, 49, 13, '2015-09-27 13:29:28'),
(746, 31, 12, 87, 6, '2015-09-23 14:51:57'),
(747, 23, 10, 32, 22, '2015-09-23 15:34:55'),
(748, 23, 11, 35, 12, '2015-09-23 15:35:12'),
(749, 23, 12, 48, 14, '2015-09-23 15:35:27'),
(750, 23, 13, 30, 15, '2015-09-23 15:35:39'),
(751, 23, 14, 28, 12, '2015-09-23 15:35:55'),
(752, 2, 10, 36, 14, '2015-09-23 16:22:05'),
(753, 3, 10, 38, 13, '2015-09-23 16:22:05'),
(754, 19, 10, 41, 13, '2015-09-23 16:22:05'),
(755, 4, 11, 50, 8, '2015-09-23 16:36:11'),
(760, 11, 34, 13, 32, '2015-09-23 17:48:11'),
(761, 11, 35, 31, 22, '2015-09-30 09:52:22'),
(762, 11, 36, 43, 6, '2015-10-07 17:39:20'),
(763, 11, 37, 42, 8, '2015-10-07 17:39:32'),
(764, 11, 38, 31, 19, '2015-09-23 17:49:07'),
(765, 11, 39, 19, 26, '2015-10-11 08:14:24'),
(766, 11, 40, 16, 37, '2015-10-05 10:11:19'),
(767, 21, 12, 55, 6, '2015-09-23 18:50:38'),
(768, 21, 13, 33, 13, '2015-09-23 18:51:03'),
(769, 2, 11, 43, 9, '2015-09-23 19:30:05'),
(770, 3, 11, 42, 9, '2015-09-23 19:30:05'),
(771, 19, 11, 45, 6, '2015-09-23 19:30:05'),
(772, 23, 15, 40, 30, '2015-09-23 21:46:19'),
(773, 23, 16, 32, 24, '2015-09-23 21:46:34'),
(774, 23, 17, 40, 30, '2015-09-23 21:46:46'),
(775, 23, 18, 30, 28, '2015-09-23 21:47:06'),
(776, 23, 19, 40, 16, '2015-09-23 21:47:14'),
(777, 23, 20, 30, 20, '2015-09-23 21:47:24'),
(778, 23, 21, 40, 28, '2015-09-23 21:47:33'),
(779, 23, 22, 45, 13, '2015-09-23 21:47:48'),
(780, 23, 23, 40, 10, '2015-09-23 21:47:58'),
(781, 23, 24, 20, 28, '2015-09-23 21:48:08'),
(782, 23, 25, 36, 20, '2015-09-23 21:48:19'),
(783, 23, 26, 30, 28, '2015-09-23 21:48:27'),
(784, 23, 27, 38, 28, '2015-09-23 21:48:36'),
(785, 23, 28, 40, 20, '2015-09-23 21:48:51'),
(786, 23, 29, 30, 28, '2015-09-23 21:49:12'),
(787, 23, 30, 30, 30, '2015-09-23 21:49:22'),
(788, 23, 31, 40, 20, '2015-09-23 21:49:35'),
(789, 23, 32, 20, 20, '2015-09-23 21:49:46'),
(790, 23, 33, 40, 20, '2015-09-23 21:49:54'),
(791, 23, 34, 20, 32, '2015-09-23 21:50:16'),
(792, 23, 35, 30, 20, '2015-09-23 21:50:45'),
(793, 23, 36, 30, 18, '2015-09-23 21:51:00'),
(794, 23, 37, 30, 15, '2015-09-23 21:51:24'),
(795, 23, 38, 35, 25, '2015-09-23 21:51:34'),
(796, 23, 39, 14, 45, '2015-09-23 21:51:43'),
(797, 23, 40, 30, 35, '2015-09-23 21:51:54'),
(798, 4, 12, 84, 6, '2015-09-23 22:16:40'),
(799, 4, 13, 27, 6, '2015-09-24 11:58:44'),
(800, 4, 14, 24, 6, '2015-09-23 22:21:25'),
(801, 4, 15, 31, 10, '2015-09-23 22:21:50'),
(802, 4, 16, 20, 11, '2015-09-23 22:22:57'),
(803, 4, 17, 41, 6, '2015-09-23 22:23:27'),
(804, 4, 18, 16, 8, '2015-09-23 22:24:06'),
(805, 4, 19, 46, 6, '2015-09-23 22:24:20'),
(806, 4, 20, 44, 11, '2015-09-23 22:24:34'),
(807, 4, 21, 26, 12, '2015-10-01 13:30:03'),
(808, 4, 22, 39, 8, '2015-10-01 13:30:45'),
(809, 22, 16, 21, 15, '2015-09-24 16:08:28'),
(810, 22, 17, 55, 6, '2015-09-26 18:59:13'),
(811, 2, 12, 68, 6, '2015-09-24 19:30:57'),
(812, 3, 12, 68, 6, '2015-09-24 19:30:57'),
(813, 19, 12, 55, 6, '2015-09-24 19:30:57'),
(814, 21, 14, 43, 16, '2015-09-25 07:55:25'),
(815, 21, 15, 44, 17, '2015-09-25 07:55:58'),
(816, 21, 16, 30, 21, '2015-09-25 08:07:32'),
(817, 21, 17, 56, 12, '2015-09-25 07:56:56'),
(818, 21, 18, 39, 18, '2015-09-25 07:57:40'),
(819, 21, 19, 40, 17, '2015-09-25 07:58:33'),
(820, 20, 13, 32, 15, '2015-09-25 09:05:24'),
(821, 20, 14, 28, 9, '2015-09-25 09:06:48'),
(822, 20, 15, 40, 20, '2015-09-25 09:07:19'),
(823, 20, 16, 23, 17, '2015-09-25 09:08:42'),
(824, 20, 17, 66, 10, '2015-09-25 09:09:22'),
(825, 20, 18, 28, 12, '2015-09-25 09:10:06'),
(826, 20, 19, 55, 12, '2015-09-25 09:10:21'),
(827, 31, 13, 24, 16, '2015-09-25 13:07:49'),
(828, 31, 14, 30, 12, '2015-09-25 13:59:04'),
(829, 31, 15, 29, 15, '2015-09-25 13:59:26'),
(830, 31, 16, 23, 21, '2015-09-25 13:59:47'),
(831, 31, 17, 51, 6, '2015-09-25 14:03:54'),
(832, 31, 18, 41, 9, '2015-09-25 14:04:16'),
(833, 31, 19, 47, 12, '2015-09-25 14:04:53'),
(834, 31, 20, 31, 10, '2015-09-25 14:05:39'),
(835, 30, 14, 27, 9, '2015-09-25 15:36:23'),
(836, 30, 15, 33, 13, '2015-09-25 15:37:12'),
(837, 30, 16, 35, 31, '2015-09-25 15:38:14'),
(838, 30, 17, 47, 9, '2015-09-25 15:39:26'),
(839, 30, 18, 33, 14, '2015-09-25 15:40:53'),
(840, 30, 19, 35, 13, '2015-09-25 15:41:44'),
(841, 2, 13, 27, 11, '2015-09-25 16:17:34'),
(842, 3, 13, 28, 10, '2015-09-25 16:17:34'),
(843, 19, 13, 27, 10, '2015-09-25 16:17:34'),
(844, 13, 14, 24, 12, '2015-09-26 00:34:25'),
(845, 13, 15, 32, 18, '2015-09-26 00:34:54'),
(846, 13, 16, 23, 18, '2015-09-26 00:35:11'),
(847, 13, 17, 64, 7, '2015-09-26 00:35:27'),
(848, 13, 18, 28, 15, '2015-09-26 00:35:44'),
(849, 13, 19, 46, 9, '2015-09-26 00:36:08'),
(850, 32, 15, 35, 21, '2015-09-26 10:48:57'),
(851, 32, 14, 21, 3, '2015-09-26 10:48:53'),
(852, 32, 16, 21, 16, '2015-09-26 10:49:36'),
(853, 32, 18, 35, 10, '2015-09-26 10:50:13'),
(854, 32, 17, 45, 5, '2015-09-26 10:50:07'),
(855, 32, 19, 50, 15, '2015-09-26 10:50:26'),
(856, 2, 14, 26, 12, '2015-09-26 14:00:05'),
(857, 3, 14, 26, 12, '2015-09-26 14:00:05'),
(858, 19, 14, 24, 12, '2015-09-26 14:00:05'),
(859, 2, 15, 35, 15, '2015-09-26 16:15:55'),
(860, 3, 15, 35, 13, '2015-09-26 16:15:55'),
(861, 19, 15, 34, 12, '2015-09-26 16:15:55'),
(862, 22, 18, 25, 3, '2015-09-26 18:58:08'),
(863, 22, 19, 39, 6, '2015-09-26 18:58:26'),
(864, 2, 16, 25, 19, '2015-09-26 19:31:18'),
(865, 3, 16, 23, 19, '2015-09-26 19:31:18'),
(866, 19, 16, 23, 21, '2015-09-26 19:31:19'),
(867, 2, 17, 54, 9, '2015-09-27 11:30:50'),
(868, 3, 17, 47, 6, '2015-09-27 11:30:50'),
(869, 19, 17, 45, 6, '2015-09-27 11:30:50'),
(870, 28, 18, 28, 15, '2015-09-27 13:54:22'),
(871, 28, 19, 40, 6, '2015-09-27 11:31:41'),
(872, 28, 20, 25, 9, '2015-09-27 11:31:50'),
(873, 28, 21, 30, 15, '2015-10-01 15:49:02'),
(874, 28, 22, 35, 18, '2015-10-01 15:49:32'),
(875, 28, 23, 50, 10, '2015-10-01 15:49:43'),
(876, 28, 24, 18, 15, '2015-10-01 22:07:28'),
(877, 28, 25, 45, 18, '2015-09-27 13:55:54'),
(878, 2, 18, 28, 13, '2015-09-27 14:05:06'),
(879, 3, 18, 28, 12, '2015-09-27 14:05:06'),
(880, 19, 18, 28, 12, '2015-09-27 14:05:06'),
(881, 2, 19, 43, 10, '2015-09-27 16:19:35'),
(882, 3, 19, 40, 10, '2015-09-27 16:19:35'),
(883, 19, 19, 40, 6, '2015-09-27 16:19:35'),
(884, 20, 20, 24, 15, '2015-09-27 17:52:50'),
(885, 20, 21, 35, 24, '2015-09-27 17:53:16'),
(886, 20, 22, 42, 10, '2015-09-27 17:53:41'),
(887, 18, 20, 35, 15, '2015-09-27 20:03:12'),
(888, 18, 21, 33, 15, '2015-09-27 20:03:50'),
(889, 18, 22, 53, 8, '2015-09-27 20:04:08'),
(890, 18, 23, 48, 6, '2015-09-27 20:04:26'),
(891, 18, 24, 28, 24, '2015-09-27 20:05:20'),
(892, 18, 25, 38, 13, '2015-09-27 20:05:40'),
(893, 18, 26, 31, 18, '2015-09-27 20:06:04'),
(894, 18, 28, 32, 16, '2015-09-27 20:06:48'),
(895, 10, 20, 35, 10, '2015-09-27 20:25:02'),
(896, 10, 21, 50, 10, '2015-09-27 20:30:40'),
(897, 10, 22, 40, 15, '2015-09-27 20:31:33'),
(898, 10, 23, 65, 10, '2015-09-27 20:32:10'),
(899, 10, 24, 30, 25, '2015-09-27 20:33:00'),
(900, 10, 25, 30, 25, '2015-09-27 20:34:00'),
(901, 10, 26, 30, 25, '2015-09-27 20:34:19'),
(902, 21, 20, 23, 14, '2015-09-27 21:30:10'),
(903, 21, 21, 36, 10, '2015-09-28 13:47:43'),
(904, 21, 22, 30, 13, '2015-10-01 18:49:01'),
(905, 21, 23, 62, 6, '2015-09-28 13:48:00'),
(906, 30, 20, 14, 9, '2015-09-28 12:38:57'),
(907, 30, 21, 26, 12, '2015-09-28 12:40:41'),
(908, 30, 22, 42, 9, '2015-09-28 12:43:47'),
(909, 30, 23, 68, 9, '2015-09-28 12:44:09'),
(910, 22, 20, 53, 9, '2015-09-28 12:55:49'),
(911, 22, 21, 31, 14, '2015-09-28 12:58:44'),
(912, 21, 24, 23, 17, '2015-09-28 13:50:04'),
(913, 21, 25, 28, 21, '2015-09-28 13:51:09'),
(914, 21, 26, 24, 29, '2015-09-28 13:52:56'),
(915, 31, 21, 37, 14, '2015-09-29 09:08:51'),
(916, 31, 22, 47, 14, '2015-09-29 09:09:19'),
(917, 31, 23, 67, 6, '2015-09-29 09:09:43'),
(918, 31, 24, 21, 14, '2015-09-29 09:09:57'),
(919, 31, 25, 35, 33, '2015-09-29 09:10:16'),
(920, 31, 27, 21, 14, '2015-09-29 09:10:51'),
(921, 20, 23, 75, 6, '2015-10-02 14:20:59'),
(922, 17, 20, 31, 13, '2015-09-29 12:22:14'),
(923, 17, 21, 38, 13, '2015-09-29 12:22:45'),
(924, 17, 22, 48, 10, '2015-09-29 12:31:31'),
(925, 17, 23, 55, 10, '2015-09-29 12:33:32'),
(926, 17, 24, 28, 25, '2015-09-29 12:34:33'),
(927, 17, 25, 34, 9, '2015-09-29 12:35:02'),
(928, 17, 26, 25, 21, '2015-09-29 12:45:31'),
(929, 17, 27, 48, 12, '2015-09-29 12:46:07'),
(930, 17, 28, 31, 9, '2015-09-29 12:47:03'),
(931, 14, 20, 48, 9, '2015-09-29 13:36:33'),
(932, 14, 21, 38, 13, '2015-09-29 13:36:58'),
(933, 14, 22, 53, 9, '2015-09-29 13:37:17'),
(934, 14, 23, 68, 12, '2015-09-29 13:37:43'),
(935, 14, 24, 24, 18, '2015-09-29 13:38:02'),
(936, 14, 25, 34, 18, '2015-09-29 13:38:24'),
(937, 14, 26, 16, 24, '2015-09-29 13:38:46'),
(938, 14, 27, 18, 6, '2015-09-29 13:39:03'),
(939, 14, 28, 32, 24, '2015-09-29 13:39:22'),
(940, 14, 29, 18, 16, '2015-09-29 13:39:40'),
(941, 14, 30, 38, 18, '2015-09-29 13:40:02'),
(942, 14, 31, 54, 12, '2015-10-05 10:27:22'),
(943, 14, 32, 6, 18, '2015-09-29 13:40:49'),
(944, 14, 33, 62, 12, '2015-09-29 13:41:10'),
(945, 14, 34, 16, 24, '2015-09-29 13:41:29'),
(946, 14, 35, 24, 10, '2015-09-29 13:41:48'),
(947, 14, 36, 48, 9, '2015-09-29 13:42:01'),
(948, 14, 37, 34, 18, '2015-09-29 13:42:16'),
(949, 14, 38, 26, 9, '2015-09-29 13:42:26'),
(950, 14, 39, 16, 34, '2015-09-29 13:42:45'),
(951, 14, 40, 16, 18, '2015-09-29 13:50:17'),
(952, 2, 20, 32, 13, '2015-09-29 16:15:04'),
(953, 3, 20, 31, 11, '2015-09-29 16:15:04'),
(954, 19, 20, 30, 9, '2015-09-29 16:15:04'),
(955, 13, 21, 25, 18, '2015-09-30 08:03:49'),
(956, 13, 22, 43, 8, '2015-09-30 08:04:06'),
(957, 13, 23, 46, 6, '2015-09-30 08:04:18'),
(958, 13, 24, 23, 20, '2015-09-30 08:04:42'),
(959, 13, 25, 34, 20, '2015-09-30 08:05:16'),
(960, 13, 26, 24, 18, '2015-09-30 08:05:28'),
(961, 13, 28, 32, 12, '2015-09-30 08:05:54'),
(962, 13, 29, 36, 29, '2015-09-30 08:06:08'),
(963, 13, 30, 38, 10, '2015-09-30 08:06:21'),
(964, 32, 21, 21, 25, '2015-09-30 12:51:58'),
(965, 32, 22, 42, 14, '2015-09-30 12:52:18'),
(966, 32, 23, 60, 15, '2015-09-30 12:52:36'),
(967, 32, 26, 21, 18, '2015-09-30 17:40:15'),
(968, 32, 25, 27, 20, '2015-09-30 17:40:28'),
(969, 32, 24, 35, 10, '2015-09-30 17:40:54'),
(970, 32, 27, 35, 14, '2015-09-30 17:41:34'),
(971, 32, 28, 40, 14, '2015-09-30 17:41:48'),
(972, 22, 22, 34, 9, '2015-10-01 10:24:49'),
(973, 22, 23, 59, 9, '2015-10-01 10:25:12'),
(974, 22, 24, 15, 9, '2015-10-01 10:26:46'),
(975, 22, 25, 35, 12, '2015-10-01 10:26:59'),
(976, 22, 26, 22, 15, '2015-10-03 14:24:07'),
(977, 22, 27, 35, 15, '2015-10-01 12:40:54'),
(978, 22, 28, 25, 6, '2015-10-01 12:41:10'),
(979, 4, 23, 60, 6, '2015-10-01 13:31:22'),
(980, 4, 26, 18, 16, '2015-10-01 13:31:59'),
(981, 4, 24, 20, 10, '2015-10-01 13:33:23'),
(982, 4, 25, 30, 15, '2015-10-01 13:33:40'),
(983, 4, 28, 33, 13, '2015-10-01 13:34:20'),
(984, 4, 27, 15, 6, '2015-10-01 13:35:19'),
(985, 21, 27, 47, 16, '2015-10-01 14:50:26'),
(986, 21, 28, 38, 13, '2015-10-01 14:51:16'),
(987, 2, 21, 31, 16, '2015-10-01 16:15:12'),
(988, 3, 21, 31, 15, '2015-10-01 16:15:12'),
(989, 19, 21, 26, 15, '2015-10-01 16:15:12'),
(990, 2, 22, 42, 11, '2015-10-01 19:31:05'),
(991, 3, 22, 42, 10, '2015-10-01 19:31:05'),
(992, 19, 22, 42, 9, '2015-10-01 19:31:05'),
(993, 28, 26, 21, 18, '2015-10-01 22:09:55'),
(994, 28, 27, 24, 15, '2015-10-01 22:10:14'),
(995, 28, 28, 28, 18, '2015-10-04 09:56:15'),
(996, 28, 29, 25, 8, '2015-10-01 22:10:39'),
(997, 28, 30, 35, 6, '2015-10-01 22:10:49'),
(998, 28, 31, 55, 12, '2015-10-01 22:10:58'),
(999, 28, 32, 9, 24, '2015-10-01 22:11:14'),
(1000, 28, 33, 48, 6, '2015-10-01 22:11:31'),
(1001, 28, 34, 10, 30, '2015-10-01 22:11:42'),
(1002, 28, 35, 28, 20, '2015-10-07 20:04:25'),
(1003, 28, 36, 38, 9, '2015-10-01 22:12:13'),
(1004, 28, 37, 22, 6, '2015-10-01 22:12:35'),
(1005, 28, 38, 35, 6, '2015-10-01 22:12:47'),
(1006, 13, 27, 32, 15, '2015-10-02 13:00:56'),
(1007, 20, 24, 23, 21, '2015-10-02 14:21:25'),
(1008, 20, 25, 27, 17, '2015-10-02 14:22:39'),
(1009, 20, 26, 28, 22, '2015-10-02 14:23:07'),
(1010, 20, 27, 29, 15, '2015-10-02 14:24:06'),
(1011, 20, 28, 45, 10, '2015-10-02 14:24:14'),
(1012, 18, 27, 29, 20, '2015-10-02 18:53:55'),
(1013, 18, 29, 19, 31, '2015-10-02 18:55:10'),
(1014, 18, 30, 35, 13, '2015-10-02 18:55:49'),
(1015, 18, 31, 46, 6, '2015-10-02 18:56:22'),
(1016, 18, 32, 12, 37, '2015-10-02 18:57:07'),
(1017, 18, 33, 63, 10, '2015-10-02 18:57:35'),
(1018, 18, 34, 17, 28, '2015-10-02 18:57:56'),
(1019, 18, 35, 28, 22, '2015-10-02 18:58:12'),
(1020, 18, 36, 60, 3, '2015-10-02 18:58:27'),
(1021, 18, 37, 34, 9, '2015-10-02 18:58:43'),
(1022, 18, 38, 31, 13, '2015-10-02 18:58:57'),
(1023, 18, 39, 17, 25, '2015-10-02 18:59:17'),
(1024, 18, 40, 20, 33, '2015-10-11 18:46:39'),
(1025, 2, 23, 59, 8, '2015-10-02 19:31:16'),
(1026, 3, 23, 60, 9, '2015-10-02 19:31:16'),
(1027, 19, 23, 59, 6, '2015-10-02 19:31:16'),
(1028, 2, 24, 24, 17, '2015-10-03 14:06:49'),
(1029, 3, 24, 24, 17, '2015-10-03 14:06:49'),
(1030, 19, 24, 23, 13, '2015-10-03 14:06:49'),
(1031, 30, 25, 32, 23, '2015-10-03 14:22:54'),
(1032, 30, 26, 24, 21, '2015-10-03 14:23:41'),
(1033, 30, 27, 43, 21, '2015-10-03 14:24:26'),
(1034, 30, 28, 39, 21, '2015-10-03 14:25:26'),
(1035, 30, 29, 19, 7, '2015-10-05 08:59:36'),
(1036, 10, 27, 40, 30, '2015-10-03 14:53:20'),
(1037, 10, 28, 35, 15, '2015-10-04 14:39:56'),
(1038, 10, 29, 20, 15, '2015-10-03 14:55:04'),
(1039, 10, 30, 20, 15, '2015-10-03 14:55:55'),
(1040, 10, 31, 50, 16, '2015-10-03 14:57:30'),
(1041, 10, 32, 20, 15, '2015-10-03 14:58:12'),
(1042, 2, 25, 32, 17, '2015-10-03 16:24:53'),
(1043, 3, 25, 34, 18, '2015-10-03 16:24:53'),
(1044, 19, 25, 35, 19, '2015-10-03 16:24:53'),
(1045, 13, 31, 42, 8, '2015-10-03 18:42:27'),
(1046, 13, 32, 15, 17, '2015-10-03 18:42:39'),
(1047, 13, 33, 42, 12, '2015-10-03 18:42:51'),
(1048, 13, 34, 24, 28, '2015-10-03 18:43:04'),
(1049, 13, 35, 27, 18, '2015-10-03 18:43:14'),
(1050, 13, 36, 56, 8, '2015-10-03 18:43:28'),
(1051, 13, 37, 34, 6, '2015-10-03 18:43:37'),
(1052, 13, 38, 34, 15, '2015-10-03 18:43:58'),
(1053, 13, 39, 21, 27, '2015-10-03 18:44:12'),
(1054, 13, 40, 10, 26, '2015-10-03 18:44:23'),
(1055, 2, 26, 23, 23, '2015-10-03 19:36:39'),
(1056, 3, 26, 23, 22, '2015-10-03 19:36:39'),
(1057, 19, 26, 21, 22, '2015-10-03 19:36:39'),
(1058, 2, 27, 31, 16, '2015-10-04 14:08:09'),
(1059, 3, 27, 32, 15, '2015-10-04 14:08:09'),
(1060, 19, 27, 27, 15, '2015-10-04 14:08:09'),
(1061, 2, 28, 34, 14, '2015-10-04 16:15:43'),
(1062, 3, 28, 32, 14, '2015-10-04 16:15:43'),
(1063, 19, 28, 32, 15, '2015-10-04 16:15:43'),
(1064, 30, 30, 37, 7, '2015-10-05 09:00:35'),
(1065, 30, 31, 49, 13, '2015-10-05 09:01:09'),
(1066, 30, 32, 5, 21, '2015-10-05 09:02:00'),
(1067, 30, 33, 59, 21, '2015-10-05 09:02:32'),
(1068, 20, 29, 26, 15, '2015-10-05 09:34:44'),
(1069, 20, 30, 40, 10, '2015-10-05 09:34:59'),
(1070, 20, 31, 45, 15, '2015-10-05 09:36:15'),
(1071, 20, 32, 15, 28, '2015-10-05 09:36:29'),
(1072, 17, 29, 23, 14, '2015-10-05 11:16:41'),
(1073, 17, 30, 35, 12, '2015-10-05 11:17:15'),
(1074, 17, 31, 47, 11, '2015-10-05 11:17:44'),
(1075, 17, 32, 20, 22, '2015-10-05 11:18:19'),
(1076, 17, 33, 48, 16, '2015-10-05 11:18:54'),
(1077, 4, 29, 18, 13, '2015-10-05 18:06:36'),
(1078, 4, 30, 41, 9, '2015-10-05 18:07:12'),
(1079, 31, 29, 17, 24, '2015-10-06 10:21:15'),
(1080, 31, 30, 30, 22, '2015-10-06 10:21:39'),
(1081, 22, 29, 25, 15, '2015-10-06 13:49:30'),
(1082, 22, 30, 40, 9, '2015-10-06 13:49:49'),
(1083, 22, 31, 35, 6, '2015-10-06 13:50:02'),
(1084, 22, 32, 6, 21, '2015-10-06 13:50:27'),
(1085, 22, 33, 50, 6, '2015-10-06 13:50:50'),
(1086, 22, 34, 6, 21, '2015-10-06 13:52:30'),
(1087, 22, 35, 25, 18, '2015-10-06 13:52:43'),
(1088, 22, 36, 55, 6, '2015-10-06 13:53:13'),
(1089, 22, 37, 50, 6, '2015-10-06 13:53:30'),
(1090, 22, 38, 25, 6, '2015-10-06 13:54:08'),
(1091, 22, 39, 24, 18, '2015-10-06 13:54:21'),
(1092, 22, 40, 15, 22, '2015-10-06 13:54:36'),
(1093, 2, 29, 23, 18, '2015-10-06 16:25:11'),
(1094, 3, 29, 24, 17, '2015-10-06 16:25:11'),
(1095, 19, 29, 26, 15, '2015-10-06 16:25:11'),
(1096, 4, 31, 42, 8, '2015-10-06 16:49:20'),
(1097, 4, 32, 13, 24, '2015-10-06 16:50:04'),
(1098, 21, 30, 32, 9, '2015-10-06 16:59:58'),
(1099, 32, 30, 45, 21, '2015-10-06 17:11:14'),
(1100, 32, 31, 40, 18, '2015-10-06 17:11:27'),
(1101, 32, 32, 15, 24, '2015-10-06 17:11:40'),
(1102, 32, 33, 40, 14, '2015-10-06 17:11:54'),
(1103, 32, 34, 14, 35, '2015-10-06 17:18:37'),
(1104, 2, 30, 35, 14, '2015-10-06 19:36:52'),
(1105, 3, 30, 35, 12, '2015-10-06 19:36:52'),
(1106, 19, 30, 34, 9, '2015-10-06 19:36:52'),
(1107, 31, 31, 51, 10, '2015-10-07 09:24:22'),
(1108, 31, 32, 9, 17, '2015-10-07 09:24:39'),
(1109, 2, 31, 45, 11, '2015-10-07 16:47:48'),
(1110, 3, 31, 45, 11, '2015-10-07 16:47:48'),
(1111, 19, 31, 45, 9, '2015-10-07 16:47:48'),
(1112, 21, 32, 14, 24, '2015-10-07 19:11:49'),
(1113, 2, 32, 15, 22, '2015-10-07 20:00:17'),
(1114, 3, 32, 15, 21, '2015-10-07 20:00:17'),
(1115, 19, 32, 18, 24, '2015-10-07 20:00:17'),
(1116, 28, 39, 16, 20, '2015-10-07 20:04:57'),
(1117, 4, 33, 35, 10, '2015-10-07 23:47:44'),
(1118, 4, 34, 6, 15, '2015-10-07 23:48:16'),
(1119, 4, 35, 12, 6, '2015-10-07 23:48:35'),
(1120, 4, 36, 58, 0, '2015-10-07 23:48:58'),
(1121, 4, 37, 22, 8, '2015-10-07 23:51:01'),
(1122, 31, 33, 44, 9, '2015-10-08 13:39:09'),
(1123, 31, 34, 12, 24, '2015-10-08 13:39:18'),
(1124, 4, 38, 17, 8, '2015-10-08 20:57:09'),
(1125, 4, 39, 12, 14, '2015-10-08 20:57:02'),
(1126, 4, 40, 8, 16, '2015-10-08 20:56:58'),
(1127, 20, 33, 58, 6, '2015-10-08 21:34:00'),
(1128, 17, 34, 13, 24, '2015-10-09 09:01:10'),
(1129, 17, 35, 28, 24, '2015-10-09 09:01:39'),
(1130, 17, 36, 54, 6, '2015-10-09 09:02:13'),
(1131, 17, 37, 55, 6, '2015-10-09 09:02:45'),
(1132, 17, 38, 25, 17, '2015-10-09 09:03:59'),
(1133, 17, 39, 18, 23, '2015-10-09 09:04:49'),
(1134, 17, 40, 22, 30, '2015-10-09 09:05:34'),
(1135, 30, 34, 13, 37, '2015-10-09 11:14:14'),
(1136, 30, 35, 35, 33, '2015-10-09 11:15:03'),
(1137, 30, 36, 57, 7, '2015-10-09 11:15:29'),
(1138, 30, 37, 46, 5, '2015-10-09 11:16:14'),
(1139, 30, 38, 32, 13, '2015-10-09 11:16:38'),
(1140, 30, 39, 26, 23, '2015-10-09 11:16:54'),
(1141, 30, 40, 13, 24, '2015-10-09 11:17:09'),
(1142, 32, 35, 30, 18, '2015-10-09 13:50:05'),
(1143, 32, 36, 45, 7, '2015-10-09 13:50:18'),
(1144, 32, 37, 35, 10, '2015-10-09 13:50:29'),
(1145, 32, 38, 10, 12, '2015-10-09 13:50:47'),
(1146, 32, 39, 25, 16, '2015-10-09 13:50:56'),
(1147, 32, 40, 12, 21, '2015-10-09 13:51:09'),
(1148, 2, 33, 48, 12, '2015-10-09 19:32:26'),
(1149, 3, 33, 50, 12, '2015-10-09 19:32:26'),
(1150, 19, 33, 50, 12, '2015-10-09 19:32:26'),
(1151, 10, 34, 15, 45, '2015-10-09 19:34:32'),
(1152, 10, 35, 30, 25, '2015-10-09 19:35:17'),
(1153, 10, 36, 40, 10, '2015-10-09 19:35:40'),
(1154, 10, 37, 45, 15, '2015-10-09 19:36:40'),
(1155, 10, 38, 20, 10, '2015-10-09 19:37:31'),
(1156, 10, 39, 20, 25, '2015-10-09 19:38:25'),
(1157, 10, 40, 15, 25, '2015-10-09 19:40:28'),
(1158, 31, 35, 28, 22, '2015-10-10 08:24:14'),
(1159, 31, 36, 31, 12, '2015-10-10 08:24:43'),
(1160, 31, 37, 35, 9, '2015-10-10 08:25:27'),
(1161, 21, 34, 16, 31, '2015-10-10 11:34:50');
INSERT INTO `Prediction` (`PredictionID`, `UserID`, `MatchID`, `HomeTeamPoints`, `AwayTeamPoints`, `DateAdded`) VALUES
(1162, 21, 35, 30, 23, '2015-10-10 11:35:25'),
(1163, 21, 36, 55, 9, '2015-10-10 11:35:53'),
(1164, 21, 37, 39, 10, '2015-10-10 11:36:29'),
(1165, 21, 38, 44, 10, '2015-10-10 11:37:02'),
(1166, 21, 39, 23, 30, '2015-10-10 11:37:35'),
(1167, 21, 40, 14, 38, '2015-10-10 11:38:52'),
(1168, 20, 34, 17, 28, '2015-10-10 12:13:44'),
(1169, 20, 35, 26, 15, '2015-10-10 12:14:02'),
(1170, 20, 36, 54, 8, '2015-10-10 12:14:17'),
(1171, 20, 37, 40, 10, '2015-10-10 12:14:28'),
(1172, 20, 38, 27, 12, '2015-10-10 12:14:40'),
(1173, 20, 39, 21, 20, '2015-10-10 12:14:58'),
(1174, 20, 40, 15, 29, '2015-10-10 12:15:14'),
(1175, 2, 34, 14, 26, '2015-10-10 14:00:03'),
(1176, 3, 34, 14, 26, '2015-10-10 14:00:03'),
(1177, 19, 34, 12, 28, '2015-10-10 14:00:03'),
(1178, 2, 35, 27, 19, '2015-10-10 16:16:32'),
(1179, 3, 35, 28, 20, '2015-10-10 16:16:32'),
(1180, 19, 35, 28, 18, '2015-10-10 16:16:32'),
(1181, 2, 36, 49, 8, '2015-10-10 19:39:10'),
(1182, 3, 36, 48, 8, '2015-10-10 19:39:10'),
(1183, 19, 36, 45, 9, '2015-10-10 19:39:10'),
(1184, 2, 37, 37, 9, '2015-10-11 12:05:24'),
(1185, 3, 37, 37, 9, '2015-10-11 12:05:24'),
(1186, 19, 37, 34, 6, '2015-10-11 12:05:24'),
(1187, 2, 38, 27, 12, '2015-10-11 14:04:39'),
(1188, 3, 38, 27, 12, '2015-10-11 14:04:39'),
(1189, 19, 38, 25, 12, '2015-10-11 14:04:39'),
(1190, 26, 41, 21, 19, '2015-10-11 15:13:10'),
(1191, 2, 39, 18, 23, '2015-10-11 16:25:50'),
(1192, 3, 39, 18, 23, '2015-10-11 16:25:50'),
(1193, 19, 39, 17, 20, '2015-10-11 16:25:50'),
(1194, 31, 40, 12, 42, '2015-10-11 16:45:02'),
(1195, 18, 41, 15, 22, '2015-10-11 18:47:15'),
(1196, 2, 40, 16, 25, '2015-10-11 19:30:58'),
(1197, 3, 40, 15, 25, '2015-10-11 19:30:58'),
(1198, 19, 40, 14, 21, '2015-10-11 19:30:58'),
(1199, 26, 42, 31, 12, '2015-10-11 21:45:49'),
(1200, 26, 43, 19, 20, '2015-10-15 21:04:13'),
(1201, 26, 44, 34, 12, '2015-10-11 21:46:43'),
(1202, 26, 45, 19, 29, '2015-10-11 21:47:20'),
(1203, 26, 46, 18, 28, '2015-10-18 18:40:02'),
(1204, 9, 41, 20, 12, '2015-10-12 10:15:08'),
(1205, 9, 42, 28, 9, '2015-10-12 10:15:18'),
(1206, 9, 43, 22, 9, '2015-10-12 10:15:33'),
(1207, 9, 44, 35, 12, '2015-10-12 10:15:47'),
(1208, 23, 41, 35, 28, '2015-10-12 11:19:47'),
(1209, 23, 44, 64, 20, '2015-10-12 11:20:18'),
(1210, 23, 42, 45, 35, '2015-10-12 11:20:39'),
(1211, 23, 43, 48, 28, '2015-10-12 11:20:48'),
(1212, 4, 41, 20, 12, '2015-10-12 21:45:55'),
(1213, 4, 42, 24, 12, '2015-10-12 21:46:10'),
(1214, 4, 43, 20, 15, '2015-10-12 21:46:25'),
(1215, 4, 44, 23, 6, '2015-10-12 21:46:48'),
(1216, 1, 42, 25, 10, '2015-10-17 10:39:16'),
(1217, 1, 41, 17, 11, '2015-10-17 10:39:02'),
(1218, 1, 43, 25, 18, '2015-10-13 08:48:50'),
(1219, 1, 44, 32, 12, '2015-10-13 08:49:14'),
(1220, 21, 41, 20, 16, '2015-10-13 10:16:02'),
(1221, 21, 42, 32, 13, '2015-10-13 10:16:32'),
(1222, 21, 43, 28, 13, '2015-10-17 12:17:24'),
(1223, 21, 44, 26, 10, '2015-10-17 12:17:35'),
(1224, 11, 41, 24, 16, '2015-10-13 10:55:34'),
(1225, 11, 42, 34, 18, '2015-10-13 10:55:55'),
(1226, 11, 43, 26, 24, '2015-10-13 10:56:20'),
(1227, 11, 44, 46, 6, '2015-10-13 10:56:35'),
(1228, 11, 45, 26, 38, '2015-10-19 18:20:32'),
(1229, 11, 46, 28, 23, '2015-10-23 15:30:57'),
(1230, 11, 47, 14, 21, '2015-10-13 10:58:20'),
(1231, 11, 48, 35, 26, '2015-10-19 18:22:18'),
(1232, 10, 41, 35, 25, '2015-10-13 14:19:20'),
(1233, 10, 42, 30, 20, '2015-10-13 14:20:55'),
(1234, 10, 43, 15, 25, '2015-10-17 19:43:13'),
(1235, 10, 44, 25, 15, '2015-10-17 19:43:33'),
(1236, 14, 41, 24, 12, '2015-10-14 22:42:40'),
(1237, 14, 42, 24, 12, '2015-10-14 22:42:49'),
(1238, 14, 43, 24, 6, '2015-10-14 22:43:08'),
(1239, 14, 44, 34, 6, '2015-10-14 22:43:18'),
(1240, 15, 41, 20, 13, '2015-10-16 11:59:08'),
(1241, 15, 42, 30, 20, '2015-10-16 12:33:51'),
(1242, 15, 43, 25, 22, '2015-10-16 12:35:30'),
(1243, 15, 44, 25, 15, '2015-10-16 12:36:58'),
(1244, 28, 41, 20, 23, '2015-10-16 15:31:34'),
(1245, 28, 42, 30, 18, '2015-10-17 17:58:03'),
(1246, 28, 43, 23, 17, '2015-10-18 12:27:03'),
(1247, 28, 44, 38, 15, '2015-10-17 22:07:24'),
(1248, 30, 41, 23, 14, '2015-10-16 16:17:14'),
(1249, 30, 42, 34, 21, '2015-10-16 16:17:53'),
(1250, 30, 43, 21, 19, '2015-10-16 16:18:16'),
(1251, 30, 44, 35, 19, '2015-10-16 16:18:30'),
(1252, 20, 41, 17, 12, '2015-10-16 17:57:13'),
(1253, 20, 42, 28, 9, '2015-10-16 17:58:52'),
(1254, 20, 43, 26, 15, '2015-10-16 18:00:31'),
(1255, 20, 44, 35, 10, '2015-10-16 18:01:03'),
(1256, 13, 41, 25, 19, '2015-10-17 01:30:06'),
(1257, 13, 42, 18, 15, '2015-10-17 01:30:21'),
(1258, 13, 43, 26, 19, '2015-10-17 01:30:37'),
(1259, 13, 44, 32, 18, '2015-10-17 01:30:52'),
(1260, 22, 41, 30, 21, '2015-10-17 10:39:21'),
(1261, 31, 41, 23, 17, '2015-10-17 10:51:19'),
(1262, 31, 42, 27, 9, '2015-10-17 10:52:00'),
(1263, 17, 41, 23, 19, '2015-10-17 11:07:12'),
(1264, 17, 42, 31, 10, '2015-10-17 11:07:44'),
(1265, 17, 43, 28, 17, '2015-10-17 11:08:11'),
(1266, 17, 44, 31, 15, '2015-10-17 11:08:46'),
(1267, 32, 42, 25, 18, '2015-10-17 11:23:44'),
(1268, 32, 41, 18, 12, '2015-10-17 11:24:13'),
(1269, 32, 43, 25, 19, '2015-10-17 11:26:37'),
(1270, 32, 44, 30, 12, '2015-10-17 11:26:56'),
(1271, 12, 41, 24, 13, '2015-10-17 15:29:43'),
(1272, 12, 42, 29, 18, '2015-10-17 15:25:21'),
(1273, 12, 43, 22, 15, '2015-10-17 15:29:01'),
(1274, 12, 44, 35, 10, '2015-10-17 15:27:51'),
(1275, 2, 41, 22, 17, '2015-10-17 15:39:50'),
(1276, 3, 41, 23, 16, '2015-10-17 15:39:50'),
(1277, 19, 41, 22, 12, '2015-10-17 15:39:50'),
(1278, 18, 42, 34, 17, '2015-10-17 19:06:48'),
(1279, 18, 43, 21, 15, '2015-10-17 19:06:59'),
(1280, 18, 44, 34, 10, '2015-10-17 19:07:09'),
(1281, 2, 42, 29, 15, '2015-10-17 19:41:48'),
(1282, 3, 42, 30, 15, '2015-10-17 19:41:48'),
(1283, 19, 42, 29, 14, '2015-10-17 19:41:48'),
(1284, 22, 43, 18, 21, '2015-10-17 21:25:05'),
(1285, 22, 44, 45, 12, '2015-10-18 15:18:54'),
(1286, 2, 43, 25, 17, '2015-10-18 12:43:39'),
(1287, 3, 43, 24, 18, '2015-10-18 12:43:40'),
(1288, 19, 43, 26, 15, '2015-10-18 12:43:40'),
(1289, 31, 44, 37, 15, '2015-10-18 12:51:40'),
(1290, 2, 44, 35, 12, '2015-10-18 15:53:31'),
(1291, 3, 44, 34, 12, '2015-10-18 15:53:31'),
(1292, 19, 44, 35, 12, '2015-10-18 15:53:31'),
(1293, 9, 45, 15, 21, '2015-10-19 09:35:19'),
(1294, 9, 46, 12, 18, '2015-10-19 09:35:51'),
(1295, 4, 45, 24, 16, '2015-10-19 20:33:00'),
(1296, 4, 46, 22, 16, '2015-10-19 20:33:16'),
(1297, 4, 47, 22, 16, '2015-10-19 20:33:26'),
(1298, 4, 48, 20, 16, '2015-10-28 20:41:34'),
(1299, 21, 45, 16, 38, '2015-10-22 10:18:03'),
(1300, 21, 46, 20, 33, '2015-10-22 10:18:49'),
(1301, 14, 45, 18, 36, '2015-10-22 17:39:56'),
(1302, 14, 46, 12, 18, '2015-10-22 17:40:22'),
(1303, 10, 45, 20, 30, '2015-10-22 19:50:19'),
(1304, 10, 46, 15, 25, '2015-10-22 19:51:46'),
(1305, 20, 45, 12, 35, '2015-10-23 10:43:15'),
(1306, 20, 46, 18, 32, '2015-10-23 10:43:28'),
(1307, 15, 45, 13, 27, '2015-10-23 14:48:52'),
(1308, 15, 46, 20, 27, '2015-10-23 15:00:29'),
(1309, 15, 47, 25, 12, '2015-10-30 18:24:27'),
(1310, 15, 48, 23, 17, '2015-10-23 15:01:13'),
(1311, 13, 45, 19, 34, '2015-10-23 15:02:46'),
(1312, 13, 46, 24, 18, '2015-10-25 15:24:33'),
(1313, 32, 45, 21, 28, '2015-10-23 15:16:36'),
(1314, 32, 46, 35, 25, '2015-10-23 15:17:01'),
(1315, 17, 45, 18, 36, '2015-10-23 15:42:33'),
(1316, 17, 46, 21, 29, '2015-10-23 15:43:04'),
(1317, 1, 45, 15, 35, '2015-10-23 17:08:19'),
(1318, 1, 46, 21, 34, '2015-10-23 17:08:56'),
(1319, 30, 45, 24, 33, '2015-10-23 17:25:42'),
(1320, 30, 46, 21, 27, '2015-10-23 17:26:53'),
(1321, 23, 46, 32, 35, '2015-10-23 17:32:26'),
(1322, 23, 45, 34, 48, '2015-10-23 17:32:29'),
(1323, 22, 45, 15, 35, '2015-10-23 17:53:51'),
(1324, 22, 46, 15, 22, '2015-10-23 17:54:49'),
(1325, 28, 45, 20, 25, '2015-10-24 13:22:10'),
(1326, 28, 46, 20, 32, '2015-10-23 20:13:22'),
(1327, 12, 46, 20, 15, '2015-10-24 04:02:21'),
(1328, 12, 45, 20, 30, '2015-10-24 04:02:48'),
(1329, 31, 45, 14, 27, '2015-10-24 06:55:49'),
(1330, 31, 46, 24, 27, '2015-10-24 06:56:24'),
(1331, 18, 45, 23, 20, '2015-10-24 13:24:05'),
(1332, 18, 46, 14, 28, '2015-10-24 13:23:46'),
(1333, 2, 45, 19, 29, '2015-10-24 15:36:24'),
(1334, 3, 45, 19, 30, '2015-10-24 15:36:24'),
(1335, 19, 45, 18, 35, '2015-10-24 15:36:24'),
(1336, 2, 46, 20, 25, '2015-10-25 15:32:01'),
(1337, 3, 46, 20, 25, '2015-10-25 15:32:01'),
(1338, 19, 46, 19, 18, '2015-10-25 15:32:01'),
(1339, 26, 47, 28, 15, '2015-10-29 20:56:09'),
(1340, 26, 48, 25, 19, '2015-10-29 20:57:34'),
(1341, 10, 47, 25, 20, '2015-10-25 22:22:56'),
(1342, 10, 48, 20, 30, '2015-10-25 22:23:41'),
(1343, 9, 47, 20, 15, '2015-10-26 09:17:56'),
(1344, 9, 48, 12, 15, '2015-10-26 09:18:11'),
(1345, 14, 47, 42, 12, '2015-10-27 16:15:14'),
(1346, 14, 48, 24, 18, '2015-10-27 16:15:25'),
(1347, 28, 47, 30, 22, '2015-10-28 20:53:37'),
(1348, 28, 48, 24, 20, '2015-10-28 20:54:41'),
(1349, 13, 47, 36, 28, '2015-10-28 22:12:49'),
(1350, 13, 48, 18, 15, '2015-10-28 22:13:00'),
(1351, 1, 47, 18, 12, '2015-10-29 08:00:21'),
(1352, 1, 48, 23, 15, '2015-10-29 08:09:19'),
(1353, 30, 47, 25, 16, '2015-10-29 13:36:56'),
(1354, 30, 48, 28, 23, '2015-10-29 13:37:28'),
(1355, 23, 47, 32, 15, '2015-10-29 14:16:44'),
(1356, 23, 48, 30, 26, '2015-10-29 14:17:00'),
(1357, 20, 47, 26, 19, '2015-10-30 09:46:03'),
(1358, 20, 48, 28, 19, '2015-10-30 09:46:39'),
(1359, 17, 47, 29, 21, '2015-10-30 09:59:25'),
(1360, 17, 48, 33, 18, '2015-10-30 10:00:33'),
(1361, 21, 47, 37, 17, '2015-10-30 12:11:28'),
(1362, 21, 48, 26, 19, '2015-10-30 12:11:49'),
(1363, 22, 47, 15, 22, '2015-10-30 16:53:31'),
(1364, 22, 48, 22, 28, '2015-10-30 16:53:44'),
(1365, 12, 47, 20, 30, '2015-10-30 19:29:33'),
(1366, 2, 47, 27, 19, '2015-10-30 19:30:01'),
(1367, 3, 47, 26, 19, '2015-10-30 19:30:01'),
(1368, 19, 47, 25, 17, '2015-10-30 19:30:01'),
(1369, 18, 48, 20, 24, '2015-10-31 01:28:58'),
(1370, 32, 48, 18, 15, '2015-10-31 09:15:14'),
(1371, 31, 48, 25, 12, '2015-10-31 12:32:21'),
(1372, 12, 48, 30, 24, '2015-10-31 13:15:04'),
(1373, 2, 48, 24, 20, '2015-10-31 15:41:33'),
(1374, 3, 48, 24, 19, '2015-10-31 15:41:33'),
(1375, 19, 48, 26, 17, '2015-10-31 15:41:33');

-- --------------------------------------------------------

--
-- Table structure for table `RememberMe`
--

DROP TABLE IF EXISTS `RememberMe`;
CREATE TABLE IF NOT EXISTS `RememberMe` (
  `UserID` int(11) NOT NULL,
  `SeriesID` int(11) NOT NULL,
  `Token` varchar(50) NOT NULL,
  `DateAdded` datetime NOT NULL
) ENGINE=InnoDB DEFAULT CHARSET=latin1;

--
-- RELATIONS FOR TABLE `RememberMe`:
--   `UserID`
--       `User` -> `UserID`
--

--
-- Dumping data for table `RememberMe`
--

INSERT INTO `RememberMe` (`UserID`, `SeriesID`, `Token`, `DateAdded`) VALUES
(27, 392788410, 'a314de22103fdfa3fe6d5cd47209a242', '2015-08-19 13:24:53'),
(27, 612395660, '7a5cb041f5fcffe66d6b29c3b2de465b', '2015-10-30 17:10:31'),
(7, 911106566, '9a38dd8223fa34f0cd01cdd51b039398', '2015-08-27 10:41:04'),
(7, 787752433, '6333fdfbbb99520b2ac42645cb26e829', '2015-10-15 23:15:53'),
(5, 240094781, '2754de38630987e28b55127c00539f66', '2015-08-28 04:33:38'),
(5, 316424390, '6080f9a4d9b6394bdfac1488e3910f62', '2015-08-28 04:33:38'),
(10, 962265525, 'cf2e7d8d1f5110df6135c8a94fcd8571', '2015-08-28 15:38:59'),
(10, 797445172, 'fefa4b3a319a3d32e1d5da36e9d5a85a', '2015-11-16 22:12:03'),
(15, 691560004, '6a165bc525005dcdb6adec2a60ac3c46', '2015-08-31 02:54:11'),
(15, 217223737, '39757c04731dce31cb7cabd86bc90d13', '2015-11-13 19:22:07'),
(14, 964875320, '1dfa3cacb0af13486ae9aada4edb04aa', '2015-09-01 04:37:33'),
(14, 466706437, '2bb13f4c7b0c14738f197137f250af34', '2015-09-01 04:37:33'),
(11, 605075904, '0e5b49a6b24301aed5f2f0eb0dbef1c2', '2015-09-11 11:30:21'),
(11, 821894518, '89d733663db5f482fc5f4d13910b09eb', '2015-10-01 11:59:08'),
(1, 810757275, '265d1c9d1e6e3fa0fb2e93476d6bb381', '2015-09-15 13:18:18'),
(1, 252374328, '92860addcf80ff566ccaf38a35e7cafb', '2015-11-02 08:12:43'),
(14, 373115375, '13d73652d68705261a304f750bea0b74', '2015-09-16 09:59:03'),
(14, 575144290, 'c2315100a882100b536d4604f375598b', '2015-10-27 16:15:01'),
(6, 479207959, 'a268ef344a72ca7fa1821ff33146113e', '2015-09-16 13:05:34'),
(6, 419386057, 'fe12327719de337d79535a2a7970ee37', '2015-10-01 17:43:24'),
(30, 799207114, '833c13abd72ca1b44a9f586f1b92d2d7', '2015-09-17 10:34:14'),
(30, 923601720, '55852b6cca9b82c27c8e720ae31508c0', '2015-09-17 10:34:14'),
(20, 932538055, 'c9cf37ec045067852d1018db46bb7029', '2015-09-18 01:12:09'),
(20, 605136623, '641c280d3173073596f6e965ded13a83', '2015-10-24 23:02:23'),
(17, 667453883, 'f7bcfae6b486a89dd7bc88da76271e66', '2015-09-18 17:27:09'),
(17, 588349229, '30dd01968c64601ddb084e2ccff10532', '2015-10-31 17:49:04'),
(1, 227563586, '87079c9c3d62c1293194bdcf6710aa25', '2015-09-18 19:27:21'),
(1, 48102511, '35f820fe80b9e6d48028323a17c3c360', '2015-09-18 19:27:21'),
(1, 791990878, 'a38dd33bf70788d5393337602d8bdf2e', '2015-09-18 19:27:21'),
(1, 234564549, 'e3ed4e41bd216ce0564facf436b659b9', '2015-11-01 12:53:50'),
(1, 513823370, 'd4c1e76c1214e8b0bd10bb2f18127ccc', '2015-09-18 19:27:26'),
(1, 760156808, '2a231c83a305016270495d18a410d015', '2015-09-18 19:27:26'),
(1, 943145119, '6bf1435cf3ab3a4ba41d3c7bde8cbfb0', '2015-09-18 19:49:29'),
(1, 5043477, '9eb86c27d74db717dc74f392c4d910db', '2015-10-05 10:47:13'),
(6, 431896051, '036be7e3691df6c9283c748a92030cdb', '2015-09-18 20:32:36'),
(6, 396949456, '64cc6d4869c47de6c01d4c404e32b7f4', '2015-09-19 08:43:51'),
(18, 903603868, 'a3f610771a12db4027a1f78272911016', '2015-09-19 02:11:30'),
(18, 836734990, '1e246e30a85c623c87206c92b6952b91', '2015-09-19 02:11:30'),
(6, 42086300, 'acfcb76003d0926429bf4de11983ea43', '2015-09-19 08:55:42'),
(6, 430636472, '8ed999298578a1ae08dae472c3d493b2', '2015-10-18 22:16:04'),
(6, 71693712, '669f2893c665fc42a817ee9313d67a10', '2015-09-19 09:26:32'),
(6, 841955377, 'f813b8ce52cd330a3f0b0ae50514d70a', '2015-10-18 15:24:02'),
(23, 3868181, '0d67e6fca88daa58ae2dcfaa32fe1ec2', '2015-09-19 12:15:26'),
(23, 852192669, '1052f433868f98f304e234700ccce5be', '2015-10-03 10:12:26'),
(28, 56970644, 'f82673a43981b8eef5b899d5127849f1', '2015-09-19 13:29:06'),
(28, 97979582, 'f6d5edc49fd9ee1722d8cc046e1921d3', '2015-09-19 18:19:42'),
(30, 243528621, '9662844d8a77d272526a79b21c7616e3', '2015-09-19 17:54:11'),
(30, 467114758, 'f09e103b0b6d74ecc5dc5a16e04de886', '2015-09-28 09:07:18'),
(28, 917016082, '7e5c91409bb53968f52b30cb25723a12', '2015-09-19 18:20:12'),
(28, 31367758, 'a4ec51ec350e03d34defacd6f4e44937', '2015-10-17 17:55:57'),
(30, 87717122, 'fc8b46a08ddb31fb1300c4e045cf1410', '2015-09-20 16:14:43'),
(30, 484866212, 'e666d029db3c06a4b5d44ef8d3536ec7', '2015-09-24 23:32:31'),
(31, 784195268, '7059fd7f02a7d62e76e038c4f8cfe415', '2015-09-21 08:44:30'),
(31, 201617935, '5b05e21297e7f4be5b2d8fb67264f066', '2015-10-08 15:45:27'),
(4, 352181214, '25957e33a2be7cf2bc8a5cf66f041882', '2015-09-22 15:01:36'),
(4, 305462240, '59c69ac606878a24d1517a018a012fe5', '2015-09-22 15:01:36'),
(4, 234244206, '4863fd4027f9e5c8dc5c080f5221d0ba', '2015-09-22 15:17:30'),
(4, 282775363, '77d9e3dc74043a87b0c617eb7026e55b', '2015-10-28 20:40:20'),
(18, 821240879, '323fa53e3e7b00533697e3703382b6d8', '2015-09-23 08:15:05'),
(18, 364808190, 'd5d808fb15de49b7446bbcd6f96ede1b', '2015-10-31 01:28:32'),
(20, 178869073, 'f1ada61d8c245c75d23eb82dcce5fef6', '2015-09-23 09:19:14'),
(20, 721161770, 'd2c4ed7b1ac2cf9192cb8859bb73fab9', '2015-10-30 09:41:30'),
(17, 129048887, 'ff78affe6b4cba50a5a2823efafe45c7', '2015-09-23 14:01:06'),
(17, 995933355, '04799a75cda69a70a10c0b16e73aef36', '2015-09-23 14:01:06'),
(13, 461368837, 'd8c78ea8540977a4e664da6e80d52259', '2015-09-26 00:33:53'),
(13, 411735025, '309ea6450fdeeb55643260d7a85e606b', '2015-10-18 11:11:52'),
(5, 922065614, 'ed2de8b2328c89f9f639758ac4be84dd', '2015-09-26 10:03:03'),
(5, 940281039, 'a5a2a7f853964130d41eae3b215a7890', '2015-10-31 17:55:52'),
(17, 647236568, '48536e69411467f694fe1a6a7c29ccb3', '2015-09-26 19:05:12'),
(17, 1657694, '616fb36265cad9ca2bbd1f3c70efc2b8', '2015-09-27 13:26:06'),
(21, 394562530, 'e13b367b59161d432346345619c21aa6', '2015-09-28 13:44:01'),
(21, 225188127, '544be7ff03fc081e9664454eacd6e390', '2015-11-01 12:32:25'),
(21, 286240137, 'edf01783e5328ffd1533873ba74f926c', '2015-10-01 18:34:17'),
(21, 612784749, 'c0eca2c65bbfa1198b0468aa1ade8ee0', '2015-10-31 17:45:37'),
(27, 840021551, '3f291b793f04dce7529ea5a337ecf8e7', '2015-10-03 18:35:43'),
(27, 942325519, 'de8e0ba2029e54951862a250212d7e5c', '2015-10-18 11:24:33'),
(11, 116438510, '8ffbe153ee4333cb3318228e3323e810', '2015-10-05 09:35:44'),
(11, 646519038, '977c688d7866f03de55fc7ffb63b5801', '2015-10-23 15:29:09'),
(31, 43932503, 'e7ef2556568a937e64f96a415ec03152', '2015-10-10 08:23:14'),
(31, 680453154, '131262145af7a1e95a671e9b6da2f108', '2015-10-16 14:32:48'),
(11, 226979355, 'b9272291b28556bef3cac57fb2566bd7', '2015-10-11 08:11:12'),
(11, 303544412, 'e3b536baf148446800fb46b1f21a3fa1', '2015-10-11 14:28:19'),
(25, 915438882, '52ae022826261a61fdf891fa50236d60', '2015-10-11 23:08:48'),
(25, 220161407, 'e2012895a436787336dd8b72b3d4520d', '2015-10-12 23:59:25'),
(28, 549011270, '6f9b1b5ccf1fd3328807444d07240fe9', '2015-10-17 17:57:25'),
(28, 676678789, '81e8992b5d3a2eefeee5498d02b4c94f', '2015-10-31 09:18:22'),
(22, 914718547, '4a3ba7a1a2d44dfa02dff4f886f85f76', '2015-10-17 21:24:32'),
(22, 300534265, 'de8d7e726ee160adf121d9d09df4147b', '2015-10-17 21:24:32'),
(4, 270700044, 'aa891319bc45d0dfcdf33a5542d6bd63', '2015-10-19 20:30:54'),
(4, 836570294, '288da731fe1adbf6b702d7cf3c7b7409', '2015-10-19 20:30:54'),
(1, 893733839, 'a6aba8fab1760b48c98daf20cbf0822e', '2015-10-23 17:04:48'),
(1, 319020377, 'fd36076c6ecc4367227da5db8dc1d24a', '2015-10-30 21:44:03'),
(17, 155016660, '17021ebe4d1266eca83ffd41aef66345', '2015-10-25 17:46:37'),
(17, 458288107, '53f381226ada412f7e74767df2183a22', '2015-10-31 00:41:29');

-- --------------------------------------------------------

--
-- Table structure for table `Role`
--

DROP TABLE IF EXISTS `Role`;
CREATE TABLE IF NOT EXISTS `Role` (
`RoleID` int(11) NOT NULL,
  `Role` varchar(50) NOT NULL
) ENGINE=InnoDB AUTO_INCREMENT=5 DEFAULT CHARSET=latin1;

--
-- Dumping data for table `Role`
--

INSERT INTO `Role` (`RoleID`, `Role`) VALUES
(1, 'Admin'),
(2, 'Mr Mean'),
(3, 'Mr Median'),
(4, 'Mr Mode');

-- --------------------------------------------------------

--
-- Table structure for table `ScoringSystem`
--

DROP TABLE IF EXISTS `ScoringSystem`;
CREATE TABLE IF NOT EXISTS `ScoringSystem` (
  `ScoringSystemID` int(11) NOT NULL,
  `Name` varchar(50) NOT NULL
) ENGINE=InnoDB DEFAULT CHARSET=latin1;

--
-- Dumping data for table `ScoringSystem`
--

INSERT INTO `ScoringSystem` (`ScoringSystemID`, `Name`) VALUES
(1, 'Official'),
(2, 'AutoQuiz');

-- --------------------------------------------------------

--
-- Table structure for table `Stage`
--

DROP TABLE IF EXISTS `Stage`;
CREATE TABLE IF NOT EXISTS `Stage` (
`StageID` int(11) NOT NULL,
  `Name` varchar(50) NOT NULL
) ENGINE=InnoDB AUTO_INCREMENT=6 DEFAULT CHARSET=latin1;

--
-- Dumping data for table `Stage`
--

INSERT INTO `Stage` (`StageID`, `Name`) VALUES
(1, 'Group Stages'),
(2, 'Quarter Finals'),
(3, 'Semi Finals'),
(4, '3rd 4th Place Play-off'),
(5, 'Final');

-- --------------------------------------------------------

--
-- Table structure for table `Team`
--

DROP TABLE IF EXISTS `Team`;
CREATE TABLE IF NOT EXISTS `Team` (
`TeamID` int(11) NOT NULL,
  `Name` varchar(50) NOT NULL,
  `ShortName` varchar(10) NOT NULL
) ENGINE=InnoDB AUTO_INCREMENT=21 DEFAULT CHARSET=latin1;

--
-- Dumping data for table `Team`
--

INSERT INTO `Team` (`TeamID`, `Name`, `ShortName`) VALUES
(1, 'Australia', 'AUS'),
(2, 'England', 'ENG'),
(3, 'Wales', 'WAL'),
(4, 'Fiji', 'FIJ'),
(5, 'Uruguay', 'URU'),
(6, 'South Africa', 'RSA'),
(7, 'Samoa', 'SAM'),
(8, 'Japan', 'JPN'),
(9, 'Scotland', 'SCO'),
(10, 'United States', 'USA'),
(11, 'New Zealand', 'NZL'),
(12, 'Argentina', 'ARG'),
(13, 'Tonga', 'TGA'),
(14, 'Georgia', 'GEO'),
(15, 'Namibia', 'NAM'),
(16, 'France', 'FRA'),
(17, 'Ireland', 'IRL'),
(18, 'Italy', 'ITA'),
(19, 'Canada', 'CAN'),
(20, 'Romania', 'ROU');

-- --------------------------------------------------------

--
-- Table structure for table `TournamentRole`
--

DROP TABLE IF EXISTS `TournamentRole`;
CREATE TABLE IF NOT EXISTS `TournamentRole` (
`TournamentRoleID` int(11) NOT NULL,
  `Name` varchar(50) NOT NULL,
  `TeamID` int(11) DEFAULT NULL,
  `FromMatchID` int(11) DEFAULT NULL,
  `FromGroupID` int(11) DEFAULT NULL,
  `StageID` int(11) NOT NULL
) ENGINE=InnoDB AUTO_INCREMENT=37 DEFAULT CHARSET=latin1;

--
-- RELATIONS FOR TABLE `TournamentRole`:
--   `FromGroupID`
--       `Group` -> `GroupID`
--   `FromMatchID`
--       `Match` -> `MatchID`
--   `StageID`
--       `Stage` -> `StageID`
--   `TeamID`
--       `Team` -> `TeamID`
--

--
-- Dumping data for table `TournamentRole`
--

INSERT INTO `TournamentRole` (`TournamentRoleID`, `Name`, `TeamID`, `FromMatchID`, `FromGroupID`, `StageID`) VALUES
(1, 'Group A Team 1', 1, NULL, 1, 1),
(2, 'Group A Team 2', 2, NULL, 1, 1),
(3, 'Group A Team 3', 3, NULL, 1, 1),
(4, 'Group A Team 4', 4, NULL, 1, 1),
(5, 'Group A Team 5', 5, NULL, 1, 1),
(6, 'Group B Team 1', 6, NULL, 2, 1),
(7, 'Group B Team 2', 7, NULL, 2, 1),
(8, 'Group B Team 3', 8, NULL, 2, 1),
(9, 'Group B Team 4', 9, NULL, 2, 1),
(10, 'Group B Team 5', 10, NULL, 2, 1),
(11, 'Group C Team 1', 11, NULL, 3, 1),
(12, 'Group C Team 2', 12, NULL, 3, 1),
(13, 'Group C Team 3', 13, NULL, 3, 1),
(14, 'Group C Team 4', 14, NULL, 3, 1),
(15, 'Group C Team 5', 15, NULL, 3, 1),
(16, 'Group D Team 1', 16, NULL, 4, 1),
(17, 'Group D Team 2', 17, NULL, 4, 1),
(18, 'Group D Team 3', 18, NULL, 4, 1),
(19, 'Group D Team 4', 19, NULL, 4, 1),
(20, 'Group D Team 5', 20, NULL, 4, 1),
(21, 'Winner Group A', 1, NULL, 1, 2),
(22, 'Runner Up Group A', 3, NULL, 1, 2),
(23, 'Winner Group B', 6, NULL, 2, 2),
(24, 'Runner Up Group B', 9, NULL, 2, 2),
(25, 'Winner Group C', 11, NULL, 3, 2),
(26, 'Runner Up Group C', 12, NULL, 3, 2),
(27, 'Winner Group D', 17, NULL, 4, 2),
(28, 'Runner Up Group D', 16, NULL, 4, 2),
(29, 'Winner Quarter-Final 1', 6, 41, NULL, 3),
(30, 'Winner Quarter-Final 2', 11, 42, NULL, 3),
(31, 'Winner Quarter-Final 3', 12, 43, NULL, 3),
(32, 'Winner Quarter-Final 4', 1, 44, NULL, 3),
(33, 'Loser Semi-Final 1', 6, 45, NULL, 4),
(34, 'Loser Semi-Final 2', 12, 46, NULL, 4),
(35, 'Winner Semi-Final 1', 11, 45, NULL, 5),
(36, 'Winner Semi-Final 2', 1, 46, NULL, 5);

-- --------------------------------------------------------

--
-- Table structure for table `User`
--

DROP TABLE IF EXISTS `User`;
CREATE TABLE IF NOT EXISTS `User` (
`UserID` int(11) NOT NULL,
  `FirstName` varchar(50) NOT NULL,
  `LastName` varchar(50) NOT NULL,
  `DisplayName` varchar(50) NOT NULL,
  `Email` varchar(50) NOT NULL,
  `Password` varchar(50) NOT NULL
) ENGINE=InnoDB AUTO_INCREMENT=33 DEFAULT CHARSET=latin1;

--
-- Dumping data for table `User`
--

INSERT INTO `User` (`UserID`, `FirstName`, `LastName`, `DisplayName`, `Email`, `Password`) VALUES
(1, 'James', 'MacAdie', 'Maccas', 'james.macadie@telerealtrillium.com', 'e30a23724ec797c00135c9a6eccda61c'),
(2, 'Mr.', 'Mean', 'Mr. Mean', 'mrmean@julianrimet.com', 'f0c9a442ef67e81b3a1340ae95700eb3'),
(3, 'Mr.', 'Median', 'Mr. Median', 'mrmedian@julianrimet.com', 'f0c9a442ef67e81b3a1340ae95700eb3'),
(4, 'Richard', 'Morrison', 'Binary Boy', 'richard.morrison3@googlemail.com', '4039d3083f93bb8623b58b626b50d7b0'),
(5, 'Dan', 'Smith', 'DTM', 'dan.smith@citi.com', '9cf2146a2ebedb2e23af62c4e0d41f98'),
(6, 'William', 'MacAdie', 'Will Mac', 'will.macadie@gmail.com', '74c46d2453cc27f2911432363c986746'),
(7, 'Richard', 'Kowenicki', 'Kov', 'doctorkov@googlemail.com', '4011bbf0faf06684cc7eba99d2d016dd'),
(8, 'Sarah', 'Kowenicki', 'Sammie', 'sarahkowenicki@hotmail.com', 'eeaae7a93367d447ef056708acbc6116'),
(9, 'Mark', 'Rusling', 'The Councillor', 'markrusling@hotmail.com', '6d73f43911551b5ed98b7d6d712bf591'),
(10, 'Clare', 'MacAdie', 'Clare Mac', 'clare@macadie.co.uk', 'e706adb60ed514bd612e49c915425ed1'),
(11, 'Tom', 'MacAdie', 'Tom Mac', 'thomasmacadie@eversheds.com', '45a79221ef9f6bc2dfb4e21ad6c6f9d9'),
(12, 'Fiona', 'MacAdie', 'Fi Mac', 'fknox1@hotmail.com', '713dc3d995d57eb25e632786983ee2f3'),
(13, 'Matt', 'Margrett', 'Matt', 'mattmargrett@gmail.com', '2d0fb7f2e960f8c47ce514ce8a863c69'),
(14, 'Graham', 'Morrison', 'G.Mozz', 'gmorrison@cantab.net', 'baaf4a1cc7c187378e67535a2fb148a6'),
(15, 'James', 'Hall', 'Haller', 'james.russell.hall@gmail.com', '6e20c6b09ad5c38d6da40696f6713c8f'),
(17, 'Benjamin ', 'Hart', 'Ben', 'ben@benhart.co.uk', '2566ce3b7e59f9f23baeb77e7d4fe044'),
(18, 'Oliver', 'Peck', 'Ollie', 'oliver.peck@rocketmail.com', 'f8b4ad619a9b4f9f50451943b0b268ba'),
(19, 'Mr.', 'Mode', 'Mr. Mode', 'mrmode@julianrimet.com', 'f0c9a442ef67e81b3a1340ae95700eb3'),
(20, 'David', 'Hart', 'David', 'david@davidhart.co.uk', '52ce8dcc2d13295f76dcba6025b0f8ef'),
(21, 'Paul', 'Coupar', 'Coups', 'pcoupar@hotmail.com', '96ed9a860e90485c20c1030095b3b16c'),
(22, 'Tom', 'Peck', 'Peck', 'tompeck1000@gmail.com', '9d37874755d2f8f9cd2779996048f97f'),
(23, 'Genevieve', 'Smith', 'Gen', 'gen.smith@gmail.com', 'c4683de7ded706807b711abf5b37f79b'),
(25, 'Ross', 'Allen', 'Ross', 'rceallen@gmail.com', '410e30c15c7c9f7b5dde86ee9227c458'),
(26, 'Mark', 'Spinks', 'Mark S', 'maspinks@hotmail.com', '00a51fd1eea9f936d90f4809e62bc423'),
(27, 'Des', 'McEwan', 'Mond', 'desmcewan@hotmail.com', 'dcfab7445dd7fb9779750c56ce581e54'),
(28, 'Charlotte', 'Peck', 'Lottie', 'happylottie@hotmail.com', 'efbed475f64469145e9b8d19f838b588'),
(30, 'Alice', 'Jones', 'Lady Peck', 'a.jones@independent.co.uk', '78c8566f78eb142414d15bd1e73bcffe'),
(31, 'Sam', 'Gallagher', 'galsnakes', 'Sam.Gallagher@progressivecp.com', '876a9703f04b99cc019c7bc6df3c02b4'),
(32, 'Jonny', 'Pearson', 'Jonny', 'jonnyzpearson@gmail.com', '87a7c24bf14d213c9f9ddbcb2c04dddc');

-- --------------------------------------------------------

--
-- Table structure for table `UserRole`
--

DROP TABLE IF EXISTS `UserRole`;
CREATE TABLE IF NOT EXISTS `UserRole` (
`UserRoleID` int(11) NOT NULL,
  `UserID` int(11) NOT NULL,
  `RoleID` int(11) NOT NULL
) ENGINE=InnoDB AUTO_INCREMENT=5 DEFAULT CHARSET=latin1;

--
-- RELATIONS FOR TABLE `UserRole`:
--   `RoleID`
--       `Role` -> `RoleID`
--   `UserID`
--       `User` -> `UserID`
--

--
-- Dumping data for table `UserRole`
--

INSERT INTO `UserRole` (`UserRoleID`, `UserID`, `RoleID`) VALUES
(1, 1, 1),
(2, 2, 2),
(3, 3, 3),
(4, 19, 4);

-- --------------------------------------------------------

--
-- Table structure for table `Venue`
--

DROP TABLE IF EXISTS `Venue`;
CREATE TABLE IF NOT EXISTS `Venue` (
`VenueID` int(11) NOT NULL,
  `Name` varchar(50) NOT NULL,
  `City` varchar(50) NOT NULL,
  `Capacity` int(11) NOT NULL
) ENGINE=InnoDB AUTO_INCREMENT=14 DEFAULT CHARSET=latin1;

--
-- Dumping data for table `Venue`
--

INSERT INTO `Venue` (`VenueID`, `Name`, `City`, `Capacity`) VALUES
(1, 'Brighton Community Stadium', 'Brighton', 30750),
(2, 'Elland Road', 'Leeds', 37914),
(3, 'Kingsholm Stadium', 'Gloucester', 16500),
(4, 'Leicester City Stadium', 'Leicester', 32312),
(5, 'Manchester City Stadium', 'Manchester', 47800),
(6, 'Millennium Stadium', 'Cardiff', 74154),
(7, 'Queen Elizabeth Olympic Park', 'London', 54000),
(8, 'Sandy Park', 'Exeter', 12300),
(9, 'St James Park', 'Newcastle', 52409),
(10, 'Stadium MK', ' Milton Keynes', 30717),
(11, 'Twickenham Stadium', 'London', 81605),
(12, 'Villa Park', 'Birmingham', 42785),
(13, 'Wembley Stadium', 'London', 90000);

--
-- Indexes for dumped tables
--

--
-- Indexes for table `Broadcaster`
--
ALTER TABLE `Broadcaster`
 ADD PRIMARY KEY (`BroadcasterID`);

--
-- Indexes for table `Emails`
--
ALTER TABLE `Emails`
 ADD PRIMARY KEY (`EmailsID`), ADD KEY `FK_Email_Match` (`MatchID`);

--
-- Indexes for table `Group`
--
ALTER TABLE `Group`
 ADD PRIMARY KEY (`GroupID`);

--
-- Indexes for table `Match`
--
ALTER TABLE `Match`
 ADD PRIMARY KEY (`MatchID`), ADD KEY `FK_Match_Venue` (`VenueID`), ADD KEY `FK_Match_Home_Team` (`HomeTeamID`), ADD KEY `FK_Match_Away_team` (`AwayTeamID`), ADD KEY `FK_Match_Broadcaster` (`BroadcasterID`), ADD KEY `FK_Match_Stage` (`StageID`), ADD KEY `FK_Match_User` (`ResultPostedBy`);

--
-- Indexes for table `Points`
--
ALTER TABLE `Points`
 ADD PRIMARY KEY (`PointsID`), ADD KEY `FK_Points_Match` (`MatchID`), ADD KEY `FK_Points_User` (`UserID`), ADD KEY `FK_Points_ScoringSystem` (`ScoringSystemID`);

--
-- Indexes for table `Prediction`
--
ALTER TABLE `Prediction`
 ADD PRIMARY KEY (`PredictionID`), ADD KEY `FK_Prediction_User` (`UserID`), ADD KEY `FK_Prediction_Match` (`MatchID`);

--
-- Indexes for table `RememberMe`
--
ALTER TABLE `RememberMe`
 ADD KEY `UserID` (`UserID`);

--
-- Indexes for table `Role`
--
ALTER TABLE `Role`
 ADD PRIMARY KEY (`RoleID`);

--
-- Indexes for table `ScoringSystem`
--
ALTER TABLE `ScoringSystem`
 ADD PRIMARY KEY (`ScoringSystemID`);

--
-- Indexes for table `Stage`
--
ALTER TABLE `Stage`
 ADD PRIMARY KEY (`StageID`);

--
-- Indexes for table `Team`
--
ALTER TABLE `Team`
 ADD PRIMARY KEY (`TeamID`);

--
-- Indexes for table `TournamentRole`
--
ALTER TABLE `TournamentRole`
 ADD PRIMARY KEY (`TournamentRoleID`), ADD KEY `FK_TournamentRole_Team` (`TeamID`), ADD KEY `FK_TournamentRole_Match` (`FromMatchID`), ADD KEY `FK_TournamentRole_Group` (`FromGroupID`), ADD KEY `FK_TournamentRole_Stage` (`StageID`);

--
-- Indexes for table `User`
--
ALTER TABLE `User`
 ADD PRIMARY KEY (`UserID`);

--
-- Indexes for table `UserRole`
--
ALTER TABLE `UserRole`
 ADD PRIMARY KEY (`UserRoleID`), ADD KEY `FK_UserRole_User` (`UserID`), ADD KEY `FK_UserRole_Role` (`RoleID`);

--
-- Indexes for table `Venue`
--
ALTER TABLE `Venue`
 ADD PRIMARY KEY (`VenueID`);

--
-- AUTO_INCREMENT for dumped tables
--

--
-- AUTO_INCREMENT for table `Broadcaster`
--
ALTER TABLE `Broadcaster`
MODIFY `BroadcasterID` int(11) NOT NULL AUTO_INCREMENT,AUTO_INCREMENT=4;
--
-- AUTO_INCREMENT for table `Emails`
--
ALTER TABLE `Emails`
MODIFY `EmailsID` int(11) NOT NULL AUTO_INCREMENT,AUTO_INCREMENT=49;
--
-- AUTO_INCREMENT for table `Group`
--
ALTER TABLE `Group`
MODIFY `GroupID` int(11) NOT NULL AUTO_INCREMENT,AUTO_INCREMENT=5;
--
-- AUTO_INCREMENT for table `Match`
--
ALTER TABLE `Match`
MODIFY `MatchID` int(11) NOT NULL AUTO_INCREMENT,AUTO_INCREMENT=49;
--
-- AUTO_INCREMENT for table `Points`
--
ALTER TABLE `Points`
MODIFY `PointsID` int(11) NOT NULL AUTO_INCREMENT,AUTO_INCREMENT=2761;
--
-- AUTO_INCREMENT for table `Prediction`
--
ALTER TABLE `Prediction`
MODIFY `PredictionID` int(11) NOT NULL AUTO_INCREMENT,AUTO_INCREMENT=1376;
--
-- AUTO_INCREMENT for table `Role`
--
ALTER TABLE `Role`
MODIFY `RoleID` int(11) NOT NULL AUTO_INCREMENT,AUTO_INCREMENT=5;
--
-- AUTO_INCREMENT for table `Stage`
--
ALTER TABLE `Stage`
MODIFY `StageID` int(11) NOT NULL AUTO_INCREMENT,AUTO_INCREMENT=6;
--
-- AUTO_INCREMENT for table `Team`
--
ALTER TABLE `Team`
MODIFY `TeamID` int(11) NOT NULL AUTO_INCREMENT,AUTO_INCREMENT=21;
--
-- AUTO_INCREMENT for table `TournamentRole`
--
ALTER TABLE `TournamentRole`
MODIFY `TournamentRoleID` int(11) NOT NULL AUTO_INCREMENT,AUTO_INCREMENT=37;
--
-- AUTO_INCREMENT for table `User`
--
ALTER TABLE `User`
MODIFY `UserID` int(11) NOT NULL AUTO_INCREMENT,AUTO_INCREMENT=33;
--
-- AUTO_INCREMENT for table `UserRole`
--
ALTER TABLE `UserRole`
MODIFY `UserRoleID` int(11) NOT NULL AUTO_INCREMENT,AUTO_INCREMENT=5;
--
-- AUTO_INCREMENT for table `Venue`
--
ALTER TABLE `Venue`
MODIFY `VenueID` int(11) NOT NULL AUTO_INCREMENT,AUTO_INCREMENT=14;
--
-- Constraints for dumped tables
--

--
-- Constraints for table `Emails`
--
ALTER TABLE `Emails`
ADD CONSTRAINT `FK_Email_Match` FOREIGN KEY (`MatchID`) REFERENCES `Match` (`MatchID`) ON DELETE CASCADE ON UPDATE CASCADE;

--
-- Constraints for table `Match`
--
ALTER TABLE `Match`
ADD CONSTRAINT `FK_Match_Away_Team` FOREIGN KEY (`AwayTeamID`) REFERENCES `TournamentRole` (`TournamentRoleID`) ON DELETE CASCADE ON UPDATE CASCADE,
ADD CONSTRAINT `FK_Match_Broadcaster` FOREIGN KEY (`BroadcasterID`) REFERENCES `Broadcaster` (`BroadcasterID`) ON DELETE CASCADE ON UPDATE CASCADE,
ADD CONSTRAINT `FK_Match_Home_team` FOREIGN KEY (`HomeTeamID`) REFERENCES `TournamentRole` (`TournamentRoleID`) ON DELETE CASCADE ON UPDATE CASCADE,
ADD CONSTRAINT `FK_Match_Stage` FOREIGN KEY (`StageID`) REFERENCES `Stage` (`StageID`) ON DELETE CASCADE ON UPDATE CASCADE,
ADD CONSTRAINT `FK_Match_User` FOREIGN KEY (`ResultPostedBy`) REFERENCES `User` (`UserID`) ON DELETE CASCADE ON UPDATE CASCADE,
ADD CONSTRAINT `FK_Match_Venue` FOREIGN KEY (`VenueID`) REFERENCES `Venue` (`VenueID`) ON DELETE CASCADE ON UPDATE CASCADE;

--
-- Constraints for table `Points`
--
ALTER TABLE `Points`
ADD CONSTRAINT `FK_Points_Match` FOREIGN KEY (`MatchID`) REFERENCES `Match` (`MatchID`) ON DELETE CASCADE ON UPDATE CASCADE,
ADD CONSTRAINT `FK_Points_ScoringSystem` FOREIGN KEY (`ScoringSystemID`) REFERENCES `ScoringSystem` (`ScoringSystemID`) ON DELETE CASCADE ON UPDATE CASCADE,
ADD CONSTRAINT `FK_Points_User` FOREIGN KEY (`UserID`) REFERENCES `User` (`UserID`) ON DELETE CASCADE ON UPDATE CASCADE;

--
-- Constraints for table `Prediction`
--
ALTER TABLE `Prediction`
ADD CONSTRAINT `FK_Prediction_Match` FOREIGN KEY (`MatchID`) REFERENCES `Match` (`MatchID`) ON DELETE CASCADE ON UPDATE CASCADE,
ADD CONSTRAINT `FK_Prediction_User` FOREIGN KEY (`UserID`) REFERENCES `User` (`UserID`) ON DELETE CASCADE ON UPDATE CASCADE;

--
-- Constraints for table `RememberMe`
--
ALTER TABLE `RememberMe`
ADD CONSTRAINT `FK_RememberMe_User` FOREIGN KEY (`UserID`) REFERENCES `User` (`UserID`) ON DELETE CASCADE ON UPDATE CASCADE;

--
-- Constraints for table `TournamentRole`
--
ALTER TABLE `TournamentRole`
ADD CONSTRAINT `FK_TournamentRole_Group` FOREIGN KEY (`FromGroupID`) REFERENCES `Group` (`GroupID`) ON DELETE CASCADE ON UPDATE CASCADE,
ADD CONSTRAINT `FK_TournamentRole_Match` FOREIGN KEY (`FromMatchID`) REFERENCES `Match` (`MatchID`) ON DELETE CASCADE ON UPDATE CASCADE,
ADD CONSTRAINT `FK_TournamentRole_Stage` FOREIGN KEY (`StageID`) REFERENCES `Stage` (`StageID`) ON DELETE CASCADE ON UPDATE CASCADE,
ADD CONSTRAINT `FK_TournamentRole_Team` FOREIGN KEY (`TeamID`) REFERENCES `Team` (`TeamID`) ON DELETE CASCADE ON UPDATE CASCADE;

--
-- Constraints for table `UserRole`
--
ALTER TABLE `UserRole`
ADD CONSTRAINT `FK_UserRole_Role` FOREIGN KEY (`RoleID`) REFERENCES `Role` (`RoleID`) ON DELETE CASCADE ON UPDATE CASCADE,
ADD CONSTRAINT `FK_UserRole_User` FOREIGN KEY (`UserID`) REFERENCES `User` (`UserID`) ON DELETE CASCADE ON UPDATE CASCADE;

/*!40101 SET CHARACTER_SET_CLIENT=@OLD_CHARACTER_SET_CLIENT */;
/*!40101 SET CHARACTER_SET_RESULTS=@OLD_CHARACTER_SET_RESULTS */;
/*!40101 SET COLLATION_CONNECTION=@OLD_COLLATION_CONNECTION */;
