-- phpMyAdmin SQL Dump
-- version 4.2.12deb2+deb8u2
-- http://www.phpmyadmin.net
--
-- Host: localhost
-- Generation Time: May 15, 2018 at 08:32 AM
-- Server version: 5.5.60-0+deb8u1
-- PHP Version: 5.6.33-0+deb8u1

SET SQL_MODE = "NO_AUTO_VALUE_ON_ZERO";
SET time_zone = "+00:00";


/*!40101 SET @OLD_CHARACTER_SET_CLIENT=@@CHARACTER_SET_CLIENT */;
/*!40101 SET @OLD_CHARACTER_SET_RESULTS=@@CHARACTER_SET_RESULTS */;
/*!40101 SET @OLD_COLLATION_CONNECTION=@@COLLATION_CONNECTION */;
/*!40101 SET NAMES utf8 */;

--
-- Database: `jrpl_prod`
--
CREATE DATABASE IF NOT EXISTS `jrpl_prod` DEFAULT CHARACTER SET latin1 COLLATE latin1_swedish_ci;
USE `jrpl_prod`;

DELIMITER $$
--
-- Procedures
--
DROP PROCEDURE IF EXISTS `ViewPredictions`$$
CREATE DEFINER=`root`@`localhost` PROCEDURE `ViewPredictions`()
    NO SQL
SELECT
	IFNULL(u.`DisplayName`,CONCAT(u.`FirstName`, ' ', u.`LastName`)) AS Name
    ,COUNT(p.`PredictionID`) AS Predictions
FROM `Prediction` AS p
	RIGHT JOIN `User` AS u ON
    	u.`UserID` = p.`UserID`
    LEFT JOIN `UserRole` AS ur ON
    	ur.`UserID` = u.`UserID`
    LEFT JOIN `Role` AS r ON
    	r.`RoleID` = ur.`RoleID`
WHERE
	r.`Role` IS NULL OR
    r.`Role` NOT IN ('Mr Mean', 'Mr Median', 'Mr Mode')
GROUP BY u.`UserID`
ORDER BY COUNT(p.`PredictionID`) DESC$$

DELIMITER ;

-- --------------------------------------------------------

--
-- Table structure for table `Broadcaster`
--

DROP TABLE IF EXISTS `Broadcaster`;
CREATE TABLE IF NOT EXISTS `Broadcaster` (
`BroadcasterID` int(11) NOT NULL,
  `Name` varchar(10) NOT NULL
) ENGINE=InnoDB AUTO_INCREMENT=4 DEFAULT CHARSET=latin1;

--
-- Dumping data for table `Broadcaster`
--

INSERT INTO `Broadcaster` (`BroadcasterID`, `Name`) VALUES
(1, 'BBC'),
(2, 'ITV'),
(3, 'TBC');

-- --------------------------------------------------------

--
-- Table structure for table `Emails`
--

DROP TABLE IF EXISTS `Emails`;
CREATE TABLE IF NOT EXISTS `Emails` (
`EmailsID` int(11) NOT NULL,
  `MatchID` int(11) NOT NULL,
  `PredictionsSent` tinyint(1) NOT NULL,
  `ResultsSent` tinyint(1) NOT NULL
) ENGINE=InnoDB AUTO_INCREMENT=52 DEFAULT CHARSET=latin1;

--
-- Dumping data for table `Emails`
--

INSERT INTO `Emails` (`EmailsID`, `MatchID`, `PredictionsSent`, `ResultsSent`) VALUES
(1, 1, 1, 1),
(2, 2, 1, 1),
(3, 3, 1, 1),
(4, 4, 1, 1),
(5, 5, 1, 1),
(6, 6, 1, 1),
(7, 7, 1, 1),
(8, 8, 1, 1),
(9, 9, 1, 1),
(10, 10, 1, 1),
(11, 11, 1, 1),
(12, 12, 1, 1),
(13, 13, 1, 1),
(14, 14, 1, 1),
(15, 15, 1, 1),
(16, 16, 1, 1),
(17, 17, 1, 1),
(18, 18, 1, 1),
(19, 19, 1, 1),
(20, 20, 1, 1),
(21, 21, 1, 1),
(22, 22, 1, 1),
(23, 23, 1, 1),
(24, 24, 1, 1),
(25, 25, 1, 1),
(26, 26, 1, 1),
(27, 27, 1, 1),
(28, 28, 1, 1),
(29, 29, 1, 1),
(30, 30, 1, 1),
(31, 31, 1, 1),
(32, 32, 1, 1),
(33, 33, 1, 1),
(34, 34, 1, 1),
(35, 35, 1, 1),
(36, 36, 1, 1),
(37, 37, 1, 1),
(38, 38, 1, 1),
(39, 39, 1, 1),
(40, 40, 1, 1),
(41, 41, 1, 1),
(42, 42, 1, 1),
(43, 43, 1, 1),
(44, 44, 1, 1),
(45, 45, 1, 1),
(46, 46, 1, 1),
(47, 47, 1, 1),
(48, 48, 1, 1),
(49, 49, 1, 1),
(50, 50, 1, 1),
(51, 51, 1, 1);

-- --------------------------------------------------------

--
-- Table structure for table `Group`
--

DROP TABLE IF EXISTS `Group`;
CREATE TABLE IF NOT EXISTS `Group` (
`GroupID` int(11) NOT NULL,
  `Name` varchar(10) NOT NULL
) ENGINE=InnoDB AUTO_INCREMENT=7 DEFAULT CHARSET=latin1;

--
-- Dumping data for table `Group`
--

INSERT INTO `Group` (`GroupID`, `Name`) VALUES
(1, 'A'),
(2, 'B'),
(3, 'C'),
(4, 'D'),
(5, 'E'),
(6, 'F');

-- --------------------------------------------------------

--
-- Table structure for table `Match`
--

DROP TABLE IF EXISTS `Match`;
CREATE TABLE IF NOT EXISTS `Match` (
`MatchID` int(11) NOT NULL,
  `Date` date NOT NULL,
  `KickOff` time NOT NULL,
  `VenueID` int(11) NOT NULL,
  `HomeTeamID` int(11) NOT NULL,
  `AwayTeamID` int(11) NOT NULL,
  `HomeTeamPoints` int(11) DEFAULT NULL,
  `AwayTeamPoints` int(11) DEFAULT NULL,
  `ResultPostedBy` int(11) DEFAULT NULL,
  `ResultPostedOn` datetime DEFAULT NULL,
  `StageID` int(11) NOT NULL DEFAULT '1',
  `BroadcasterID` int(11) NOT NULL
) ENGINE=InnoDB AUTO_INCREMENT=52 DEFAULT CHARSET=latin1;

--
-- Dumping data for table `Match`
--

INSERT INTO `Match` (`MatchID`, `Date`, `KickOff`, `VenueID`, `HomeTeamID`, `AwayTeamID`, `HomeTeamPoints`, `AwayTeamPoints`, `ResultPostedBy`, `ResultPostedOn`, `StageID`, `BroadcasterID`) VALUES
(1, '2016-06-10', '20:00:00', 2, 2, 3, 2, 1, 1, '2016-06-10 21:53:56', 1, 2),
(2, '2016-06-11', '14:00:00', 4, 1, 4, 0, 1, 1, '2016-06-11 15:50:41', 1, 1),
(3, '2016-06-11', '17:00:00', 3, 8, 7, 2, 1, 1, '2016-06-11 18:52:26', 1, 1),
(4, '2016-06-11', '20:00:00', 7, 5, 6, 1, 1, 1, '2016-06-11 21:48:12', 1, 2),
(5, '2016-06-12', '14:00:00', 1, 16, 13, 0, 1, 1, '2016-06-12 15:54:03', 1, 2),
(6, '2016-06-12', '17:00:00', 8, 11, 10, 1, 0, 1, '2016-06-12 18:50:48', 1, 1),
(7, '2016-06-12', '20:00:00', 5, 9, 12, 2, 0, 1, '2016-06-12 21:50:12', 1, 1),
(8, '2016-06-13', '14:00:00', 10, 15, 14, 1, 0, 1, '2016-06-13 15:49:46', 1, 2),
(9, '2016-06-13', '17:00:00', 2, 19, 20, 1, 1, 1, '2016-06-13 18:54:27', 1, 1),
(10, '2016-06-13', '20:00:00', 6, 17, 18, 0, 2, 1, '2016-06-13 21:50:37', 1, 1),
(11, '2016-06-14', '17:00:00', 3, 21, 22, 0, 2, 1, '2016-06-14 18:53:10', 1, 2),
(12, '2016-06-14', '20:00:00', 9, 24, 23, 1, 1, 1, '2016-06-14 21:50:36', 1, 1),
(13, '2016-06-15', '14:00:00', 5, 6, 7, 1, 2, 1, '2016-06-15 15:50:33', 1, 1),
(14, '2016-06-15', '17:00:00', 1, 3, 4, 1, 1, 1, '2016-06-15 18:59:33', 1, 2),
(15, '2016-06-15', '20:00:00', 7, 2, 1, 2, 0, 1, '2016-06-15 21:55:44', 1, 2),
(16, '2016-06-16', '14:00:00', 4, 5, 8, 2, 1, 1, '2016-06-16 15:54:00', 1, 1),
(17, '2016-06-16', '17:00:00', 6, 12, 10, 0, 2, 1, '2016-06-16 18:54:47', 1, 2),
(18, '2016-06-16', '20:00:00', 2, 9, 11, 0, 0, 1, '2016-06-16 21:52:10', 1, 2),
(19, '2016-06-17', '14:00:00', 10, 18, 20, 1, 0, 1, '2016-06-17 15:51:38', 1, 2),
(20, '2016-06-17', '17:00:00', 9, 14, 13, 2, 2, 1, '2016-06-17 18:57:06', 1, 1),
(21, '2016-06-17', '20:00:00', 8, 15, 16, 3, 0, 1, '2016-06-17 21:50:25', 1, 2),
(22, '2016-06-18', '14:00:00', 3, 17, 19, 3, 0, 1, '2016-06-18 15:53:43', 1, 2),
(23, '2016-06-18', '17:00:00', 7, 23, 22, 1, 1, 1, '2016-06-18 18:52:43', 1, 1),
(24, '2016-06-18', '20:00:00', 1, 24, 21, 0, 0, 1, '2016-06-18 21:49:01', 1, 1),
(25, '2016-06-19', '20:00:00', 6, 3, 1, 0, 1, 1, '2016-06-19 21:54:08', 1, 1),
(26, '2016-06-19', '20:00:00', 5, 4, 2, 0, 0, 1, '2016-06-19 21:48:31', 1, 1),
(27, '2016-06-20', '20:00:00', 9, 7, 5, 0, 0, 1, '2016-06-20 21:51:20', 1, 2),
(28, '2016-06-20', '20:00:00', 10, 6, 8, 0, 3, 1, '2016-06-20 21:49:16', 1, 2),
(29, '2016-06-21', '17:00:00', 1, 10, 9, 0, 1, 1, '2016-06-21 18:51:38', 1, 1),
(30, '2016-06-21', '17:00:00', 7, 12, 11, 0, 1, 1, '2016-06-21 18:53:14', 1, 1),
(31, '2016-06-21', '20:00:00', 3, 13, 15, 2, 1, 1, '2016-06-21 21:52:46', 1, 2),
(32, '2016-06-21', '20:00:00', 4, 14, 16, 0, 2, 1, '2016-06-21 21:53:14', 1, 2),
(33, '2016-06-22', '17:00:00', 2, 23, 21, 2, 1, 1, '2016-06-22 21:47:39', 1, 1),
(34, '2016-06-22', '17:00:00', 6, 22, 24, 3, 3, 1, '2016-06-22 21:48:00', 1, 1),
(35, '2016-06-22', '20:00:00', 5, 18, 19, 0, 1, 1, '2016-06-22 21:52:00', 1, 2),
(36, '2016-06-22', '20:00:00', 8, 20, 17, 0, 1, 1, '2016-06-22 21:52:54', 1, 2),
(37, '2016-06-25', '14:00:00', 9, 26, 30, 1, 1, 1, '2016-06-25 19:10:55', 2, 3),
(38, '2016-06-25', '17:00:00', 1, 27, 37, 1, 0, 1, '2016-06-25 18:55:03', 2, 3),
(39, '2016-06-25', '20:00:00', 4, 31, 38, 0, 1, 1, '2016-06-25 22:31:52', 2, 3),
(40, '2016-06-26', '14:00:00', 6, 25, 39, 2, 1, 1, '2016-06-26 16:23:41', 2, 3),
(41, '2016-06-26', '17:00:00', 5, 29, 40, 3, 0, 1, '2016-06-26 19:05:36', 2, 3),
(42, '2016-06-26', '20:00:00', 10, 35, 34, 0, 4, 1, '2016-06-26 21:48:34', 2, 3),
(43, '2016-06-27', '17:00:00', 2, 33, 32, 2, 0, 1, '2016-06-27 18:54:26', 2, 3),
(44, '2016-06-27', '20:00:00', 8, 28, 36, 1, 2, 1, '2016-06-27 21:50:19', 2, 3),
(45, '2016-06-30', '20:00:00', 7, 41, 43, 1, 1, 1, '2016-06-30 22:45:25', 3, 3),
(46, '2016-07-01', '20:00:00', 5, 42, 46, 3, 1, 1, '2016-07-01 21:49:53', 3, 3),
(47, '2016-07-02', '20:00:00', 3, 45, 47, 1, 1, 1, '2016-07-02 22:32:53', 3, 3),
(48, '2016-07-03', '20:00:00', 2, 44, 48, 5, 2, 1, '2016-07-03 21:57:16', 3, 3),
(49, '2016-07-06', '20:00:00', 6, 49, 50, 2, 0, 1, '2016-07-06 21:49:17', 4, 3),
(50, '2016-07-07', '20:00:00', 7, 51, 52, 0, 2, 1, '2016-07-07 21:53:20', 4, 3),
(51, '2016-07-10', '20:00:00', 2, 53, 54, 1, 0, 1, '2016-07-10 22:32:25', 5, 1);

-- --------------------------------------------------------

--
-- Table structure for table `MetaGroup`
--

DROP TABLE IF EXISTS `MetaGroup`;
CREATE TABLE IF NOT EXISTS `MetaGroup` (
  `MetaGroupID` int(11) NOT NULL,
  `Name` varchar(10) NOT NULL
) ENGINE=InnoDB DEFAULT CHARSET=latin1;

--
-- Dumping data for table `MetaGroup`
--

INSERT INTO `MetaGroup` (`MetaGroupID`, `Name`) VALUES
(1, 'A'),
(2, 'B'),
(3, 'C'),
(4, 'D'),
(5, 'E'),
(6, 'F'),
(7, 'A/C/D'),
(8, 'B/E/F'),
(9, 'C/D/E'),
(10, 'A/B/F');

-- --------------------------------------------------------

--
-- Table structure for table `MetaGroupMap`
--

DROP TABLE IF EXISTS `MetaGroupMap`;
CREATE TABLE IF NOT EXISTS `MetaGroupMap` (
  `MetaGroupID` int(11) NOT NULL,
  `GroupID` int(11) NOT NULL
) ENGINE=InnoDB DEFAULT CHARSET=latin1;

--
-- Dumping data for table `MetaGroupMap`
--

INSERT INTO `MetaGroupMap` (`MetaGroupID`, `GroupID`) VALUES
(1, 1),
(2, 2),
(3, 3),
(4, 4),
(5, 5),
(6, 6),
(7, 1),
(7, 3),
(7, 4),
(8, 2),
(8, 5),
(8, 6),
(9, 3),
(9, 4),
(9, 5),
(10, 1),
(10, 2),
(10, 6);

-- --------------------------------------------------------

--
-- Table structure for table `Points`
--

DROP TABLE IF EXISTS `Points`;
CREATE TABLE IF NOT EXISTS `Points` (
`PointsID` int(11) NOT NULL,
  `ScoringSystemID` int(11) NOT NULL DEFAULT '1',
  `UserID` int(11) NOT NULL,
  `MatchID` int(11) NOT NULL,
  `ResultPoints` decimal(6,2) NOT NULL,
  `ScorePoints` decimal(6,2) NOT NULL,
  `TotalPoints` decimal(6,2) NOT NULL
) ENGINE=InnoDB AUTO_INCREMENT=1684 DEFAULT CHARSET=latin1;

--
-- Dumping data for table `Points`
--

INSERT INTO `Points` (`PointsID`, `ScoringSystemID`, `UserID`, `MatchID`, `ResultPoints`, `ScorePoints`, `TotalPoints`) VALUES
(1, 1, 1, 1, 1.00, 0.00, 1.00),
(2, 1, 2, 1, 1.00, 0.00, 1.00),
(3, 1, 3, 1, 1.00, 0.00, 1.00),
(4, 1, 4, 1, 1.00, 0.00, 1.00),
(5, 1, 5, 1, 1.00, 0.00, 1.00),
(6, 1, 6, 1, 1.00, 0.00, 1.00),
(7, 1, 7, 1, 1.00, 0.00, 1.00),
(8, 1, 8, 1, 1.00, 0.00, 1.00),
(9, 1, 9, 1, 1.00, 0.00, 1.00),
(10, 1, 10, 1, 1.00, 0.00, 1.00),
(11, 1, 11, 1, 1.00, 0.00, 1.00),
(12, 1, 12, 1, 1.00, 0.00, 1.00),
(13, 1, 13, 1, 1.00, 0.00, 1.00),
(14, 1, 14, 1, 1.00, 0.00, 1.00),
(15, 1, 15, 1, 1.00, 0.00, 1.00),
(16, 1, 17, 1, 1.00, 0.00, 1.00),
(17, 1, 18, 1, 1.00, 0.00, 1.00),
(18, 1, 19, 1, 1.00, 0.00, 1.00),
(19, 1, 20, 1, 1.00, 0.00, 1.00),
(20, 1, 21, 1, 1.00, 0.00, 1.00),
(21, 1, 22, 1, 0.00, 0.00, 0.00),
(22, 1, 23, 1, 1.00, 2.00, 3.00),
(23, 1, 25, 1, 1.00, 2.00, 3.00),
(24, 1, 26, 1, 1.00, 0.00, 1.00),
(25, 1, 27, 1, 1.00, 0.00, 1.00),
(26, 1, 28, 1, 1.00, 0.00, 1.00),
(27, 1, 30, 1, 1.00, 0.00, 1.00),
(28, 1, 31, 1, 1.00, 0.00, 1.00),
(29, 1, 32, 1, 1.00, 0.00, 1.00),
(30, 1, 33, 1, 1.00, 0.00, 1.00),
(31, 1, 34, 1, 1.00, 0.00, 1.00),
(32, 1, 35, 1, 1.00, 0.00, 1.00),
(33, 1, 36, 1, 1.00, 2.00, 3.00),
(34, 1, 1, 2, 1.00, 0.00, 1.00),
(35, 1, 2, 2, 1.00, 0.00, 1.00),
(36, 1, 3, 2, 1.00, 0.00, 1.00),
(37, 1, 4, 2, 0.00, 0.00, 0.00),
(38, 1, 5, 2, 1.00, 2.00, 3.00),
(39, 1, 6, 2, 1.00, 0.00, 1.00),
(40, 1, 7, 2, 1.00, 2.00, 3.00),
(41, 1, 8, 2, 1.00, 2.00, 3.00),
(42, 1, 9, 2, 1.00, 0.00, 1.00),
(43, 1, 10, 2, 1.00, 0.00, 1.00),
(44, 1, 11, 2, 1.00, 0.00, 1.00),
(45, 1, 12, 2, 1.00, 0.00, 1.00),
(46, 1, 13, 2, 1.00, 0.00, 1.00),
(47, 1, 14, 2, 1.00, 2.00, 3.00),
(48, 1, 15, 2, 1.00, 0.00, 1.00),
(49, 1, 17, 2, 1.00, 0.00, 1.00),
(50, 1, 18, 2, 1.00, 2.00, 3.00),
(51, 1, 19, 2, 1.00, 0.00, 1.00),
(52, 1, 20, 2, 1.00, 2.00, 3.00),
(53, 1, 21, 2, 1.00, 0.00, 1.00),
(54, 1, 22, 2, 1.00, 0.00, 1.00),
(55, 1, 23, 2, 1.00, 0.00, 1.00),
(56, 1, 25, 2, 1.00, 2.00, 3.00),
(57, 1, 26, 2, 1.00, 2.00, 3.00),
(58, 1, 27, 2, 0.00, 0.00, 0.00),
(59, 1, 28, 2, 1.00, 0.00, 1.00),
(60, 1, 30, 2, 1.00, 2.00, 3.00),
(61, 1, 31, 2, 1.00, 0.00, 1.00),
(62, 1, 32, 2, 0.00, 0.00, 0.00),
(63, 1, 33, 2, 1.00, 2.00, 3.00),
(64, 1, 34, 2, 1.00, 2.00, 3.00),
(65, 1, 35, 2, 1.00, 0.00, 1.00),
(66, 1, 36, 2, 0.00, 0.00, 0.00),
(67, 1, 1, 3, 0.00, 0.00, 0.00),
(68, 1, 2, 3, 0.00, 0.00, 0.00),
(69, 1, 3, 3, 0.00, 0.00, 0.00),
(70, 1, 4, 3, 0.00, 0.00, 0.00),
(71, 1, 5, 3, 0.00, 0.00, 0.00),
(72, 1, 6, 3, 0.00, 0.00, 0.00),
(73, 1, 7, 3, 1.00, 0.00, 1.00),
(74, 1, 8, 3, 0.00, 0.00, 0.00),
(75, 1, 9, 3, 0.00, 0.00, 0.00),
(76, 1, 10, 3, 0.00, 0.00, 0.00),
(77, 1, 11, 3, 0.00, 0.00, 0.00),
(78, 1, 12, 3, 1.00, 0.00, 1.00),
(79, 1, 13, 3, 0.00, 0.00, 0.00),
(80, 1, 14, 3, 1.00, 0.00, 1.00),
(81, 1, 15, 3, 0.00, 0.00, 0.00),
(82, 1, 17, 3, 0.00, 0.00, 0.00),
(83, 1, 18, 3, 0.00, 0.00, 0.00),
(84, 1, 19, 3, 0.00, 0.00, 0.00),
(85, 1, 20, 3, 0.00, 0.00, 0.00),
(86, 1, 21, 3, 0.00, 0.00, 0.00),
(87, 1, 22, 3, 0.00, 0.00, 0.00),
(88, 1, 23, 3, 0.00, 0.00, 0.00),
(89, 1, 25, 3, 0.00, 0.00, 0.00),
(90, 1, 26, 3, 0.00, 0.00, 0.00),
(91, 1, 27, 3, 1.00, 0.00, 1.00),
(92, 1, 28, 3, 1.00, 0.00, 1.00),
(93, 1, 30, 3, 0.00, 0.00, 0.00),
(94, 1, 31, 3, 0.00, 0.00, 0.00),
(95, 1, 32, 3, 0.00, 0.00, 0.00),
(96, 1, 33, 3, 0.00, 0.00, 0.00),
(97, 1, 34, 3, 0.00, 0.00, 0.00),
(98, 1, 35, 3, 1.00, 0.00, 1.00),
(99, 1, 36, 3, 0.00, 0.00, 0.00),
(100, 1, 1, 4, 0.00, 0.00, 0.00),
(101, 1, 2, 4, 0.00, 0.00, 0.00),
(102, 1, 3, 4, 0.00, 0.00, 0.00),
(103, 1, 4, 4, 1.00, 2.00, 3.00),
(104, 1, 5, 4, 0.00, 0.00, 0.00),
(105, 1, 6, 4, 0.00, 0.00, 0.00),
(106, 1, 7, 4, 1.00, 0.00, 1.00),
(107, 1, 8, 4, 0.00, 0.00, 0.00),
(108, 1, 9, 4, 0.00, 0.00, 0.00),
(109, 1, 10, 4, 0.00, 0.00, 0.00),
(110, 1, 11, 4, 0.00, 0.00, 0.00),
(111, 1, 12, 4, 0.00, 0.00, 0.00),
(112, 1, 13, 4, 0.00, 0.00, 0.00),
(113, 1, 14, 4, 0.00, 0.00, 0.00),
(114, 1, 15, 4, 0.00, 0.00, 0.00),
(115, 1, 17, 4, 0.00, 0.00, 0.00),
(116, 1, 18, 4, 0.00, 0.00, 0.00),
(117, 1, 19, 4, 0.00, 0.00, 0.00),
(118, 1, 20, 4, 0.00, 0.00, 0.00),
(119, 1, 21, 4, 0.00, 0.00, 0.00),
(120, 1, 22, 4, 0.00, 0.00, 0.00),
(121, 1, 23, 4, 0.00, 0.00, 0.00),
(122, 1, 25, 4, 0.00, 0.00, 0.00),
(123, 1, 26, 4, 0.00, 0.00, 0.00),
(124, 1, 27, 4, 0.00, 0.00, 0.00),
(125, 1, 28, 4, 0.00, 0.00, 0.00),
(126, 1, 30, 4, 1.00, 2.00, 3.00),
(127, 1, 31, 4, 0.00, 0.00, 0.00),
(128, 1, 32, 4, 0.00, 0.00, 0.00),
(129, 1, 33, 4, 0.00, 0.00, 0.00),
(130, 1, 34, 4, 0.00, 0.00, 0.00),
(131, 1, 35, 4, 0.00, 0.00, 0.00),
(132, 1, 36, 4, 0.00, 0.00, 0.00),
(133, 1, 1, 5, 1.00, 0.00, 1.00),
(134, 1, 2, 5, 0.00, 0.00, 0.00),
(135, 1, 3, 5, 0.00, 0.00, 0.00),
(136, 1, 4, 5, 0.00, 0.00, 0.00),
(137, 1, 5, 5, 1.00, 2.00, 3.00),
(138, 1, 6, 5, 1.00, 0.00, 1.00),
(139, 1, 7, 5, 0.00, 0.00, 0.00),
(140, 1, 8, 5, 1.00, 0.00, 1.00),
(141, 1, 9, 5, 0.00, 0.00, 0.00),
(142, 1, 10, 5, 1.00, 0.00, 1.00),
(143, 1, 11, 5, 0.00, 0.00, 0.00),
(144, 1, 12, 5, 0.00, 0.00, 0.00),
(145, 1, 13, 5, 0.00, 0.00, 0.00),
(146, 1, 14, 5, 0.00, 0.00, 0.00),
(147, 1, 15, 5, 0.00, 0.00, 0.00),
(148, 1, 17, 5, 1.00, 2.00, 3.00),
(149, 1, 18, 5, 1.00, 2.00, 3.00),
(150, 1, 19, 5, 0.00, 0.00, 0.00),
(151, 1, 20, 5, 1.00, 2.00, 3.00),
(152, 1, 21, 5, 0.00, 0.00, 0.00),
(153, 1, 22, 5, 1.00, 0.00, 1.00),
(154, 1, 23, 5, 0.00, 0.00, 0.00),
(155, 1, 25, 5, 1.00, 0.00, 1.00),
(156, 1, 26, 5, 0.00, 0.00, 0.00),
(157, 1, 27, 5, 1.00, 2.00, 3.00),
(158, 1, 28, 5, 1.00, 0.00, 1.00),
(159, 1, 30, 5, 1.00, 0.00, 1.00),
(160, 1, 31, 5, 1.00, 0.00, 1.00),
(161, 1, 32, 5, 1.00, 0.00, 1.00),
(162, 1, 33, 5, 1.00, 2.00, 3.00),
(163, 1, 34, 5, 0.00, 0.00, 0.00),
(164, 1, 35, 5, 0.00, 0.00, 0.00),
(165, 1, 36, 5, 0.00, 0.00, 0.00),
(166, 1, 1, 6, 1.00, 0.00, 1.00),
(167, 1, 2, 6, 1.00, 0.00, 1.00),
(168, 1, 3, 6, 1.00, 0.00, 1.00),
(169, 1, 4, 6, 0.00, 0.00, 0.00),
(170, 1, 5, 6, 1.00, 2.00, 3.00),
(171, 1, 6, 6, 1.00, 2.00, 3.00),
(172, 1, 7, 6, 1.00, 0.00, 1.00),
(173, 1, 8, 6, 1.00, 0.00, 1.00),
(174, 1, 9, 6, 1.00, 0.00, 1.00),
(175, 1, 10, 6, 0.00, 0.00, 0.00),
(176, 1, 11, 6, 1.00, 0.00, 1.00),
(177, 1, 12, 6, 1.00, 0.00, 1.00),
(178, 1, 13, 6, 0.00, 0.00, 0.00),
(179, 1, 14, 6, 1.00, 0.00, 1.00),
(180, 1, 15, 6, 1.00, 0.00, 1.00),
(181, 1, 17, 6, 1.00, 0.00, 1.00),
(182, 1, 18, 6, 1.00, 2.00, 3.00),
(183, 1, 19, 6, 1.00, 0.00, 1.00),
(184, 1, 20, 6, 1.00, 0.00, 1.00),
(185, 1, 21, 6, 1.00, 0.00, 1.00),
(186, 1, 22, 6, 1.00, 0.00, 1.00),
(187, 1, 23, 6, 0.00, 0.00, 0.00),
(188, 1, 25, 6, 1.00, 0.00, 1.00),
(189, 1, 26, 6, 1.00, 0.00, 1.00),
(190, 1, 27, 6, 0.00, 0.00, 0.00),
(191, 1, 28, 6, 1.00, 0.00, 1.00),
(192, 1, 30, 6, 1.00, 0.00, 1.00),
(193, 1, 31, 6, 1.00, 0.00, 1.00),
(194, 1, 32, 6, 0.00, 0.00, 0.00),
(195, 1, 33, 6, 1.00, 2.00, 3.00),
(196, 1, 34, 6, 1.00, 0.00, 1.00),
(197, 1, 35, 6, 1.00, 0.00, 1.00),
(198, 1, 36, 6, 0.00, 0.00, 0.00),
(199, 1, 1, 7, 1.00, 2.00, 3.00),
(200, 1, 2, 7, 1.00, 2.00, 3.00),
(201, 1, 3, 7, 1.00, 2.00, 3.00),
(202, 1, 4, 7, 1.00, 2.00, 3.00),
(203, 1, 5, 7, 1.00, 0.00, 1.00),
(204, 1, 6, 7, 1.00, 2.00, 3.00),
(205, 1, 7, 7, 1.00, 0.00, 1.00),
(206, 1, 8, 7, 1.00, 0.00, 1.00),
(207, 1, 9, 7, 1.00, 2.00, 3.00),
(208, 1, 10, 7, 1.00, 0.00, 1.00),
(209, 1, 11, 7, 1.00, 2.00, 3.00),
(210, 1, 12, 7, 1.00, 0.00, 1.00),
(211, 1, 13, 7, 1.00, 0.00, 1.00),
(212, 1, 14, 7, 1.00, 0.00, 1.00),
(213, 1, 15, 7, 1.00, 0.00, 1.00),
(214, 1, 17, 7, 1.00, 0.00, 1.00),
(215, 1, 18, 7, 1.00, 0.00, 1.00),
(216, 1, 19, 7, 1.00, 2.00, 3.00),
(217, 1, 20, 7, 1.00, 0.00, 1.00),
(218, 1, 21, 7, 1.00, 2.00, 3.00),
(219, 1, 22, 7, 1.00, 2.00, 3.00),
(220, 1, 23, 7, 1.00, 0.00, 1.00),
(221, 1, 25, 7, 1.00, 0.00, 1.00),
(222, 1, 26, 7, 1.00, 2.00, 3.00),
(223, 1, 27, 7, 1.00, 0.00, 1.00),
(224, 1, 28, 7, 1.00, 2.00, 3.00),
(225, 1, 30, 7, 1.00, 0.00, 1.00),
(226, 1, 31, 7, 1.00, 2.00, 3.00),
(227, 1, 32, 7, 1.00, 0.00, 1.00),
(228, 1, 33, 7, 1.00, 2.00, 3.00),
(229, 1, 34, 7, 1.00, 0.00, 1.00),
(230, 1, 35, 7, 1.00, 2.00, 3.00),
(231, 1, 36, 7, 1.00, 0.00, 1.00),
(232, 1, 1, 8, 1.00, 0.00, 1.00),
(233, 1, 2, 8, 1.00, 0.00, 1.00),
(234, 1, 3, 8, 1.00, 0.00, 1.00),
(235, 1, 4, 8, 1.00, 0.00, 1.00),
(236, 1, 5, 8, 1.00, 0.00, 1.00),
(237, 1, 6, 8, 1.00, 0.00, 1.00),
(238, 1, 7, 8, 1.00, 0.00, 1.00),
(239, 1, 8, 8, 1.00, 0.00, 1.00),
(240, 1, 9, 8, 1.00, 0.00, 1.00),
(241, 1, 10, 8, 1.00, 0.00, 1.00),
(242, 1, 11, 8, 0.00, 0.00, 0.00),
(243, 1, 12, 8, 1.00, 0.00, 1.00),
(244, 1, 13, 8, 1.00, 0.00, 1.00),
(245, 1, 14, 8, 1.00, 0.00, 1.00),
(246, 1, 15, 8, 1.00, 0.00, 1.00),
(247, 1, 17, 8, 1.00, 2.00, 3.00),
(248, 1, 18, 8, 1.00, 2.00, 3.00),
(249, 1, 19, 8, 1.00, 0.00, 1.00),
(250, 1, 20, 8, 1.00, 0.00, 1.00),
(251, 1, 21, 8, 1.00, 0.00, 1.00),
(252, 1, 22, 8, 1.00, 0.00, 1.00),
(253, 1, 23, 8, 1.00, 0.00, 1.00),
(254, 1, 25, 8, 1.00, 2.00, 3.00),
(255, 1, 26, 8, 1.00, 0.00, 1.00),
(256, 1, 27, 8, 0.00, 0.00, 0.00),
(257, 1, 28, 8, 1.00, 0.00, 1.00),
(258, 1, 30, 8, 1.00, 0.00, 1.00),
(259, 1, 31, 8, 1.00, 0.00, 1.00),
(260, 1, 32, 8, 1.00, 2.00, 3.00),
(261, 1, 33, 8, 1.00, 2.00, 3.00),
(262, 1, 34, 8, 0.00, 0.00, 0.00),
(263, 1, 35, 8, 1.00, 0.00, 1.00),
(264, 1, 36, 8, 1.00, 0.00, 1.00),
(265, 1, 1, 9, 1.00, 2.00, 3.00),
(266, 1, 2, 9, 1.00, 2.00, 3.00),
(267, 1, 3, 9, 1.00, 2.00, 3.00),
(268, 1, 4, 9, 0.00, 0.00, 0.00),
(269, 1, 5, 9, 1.00, 2.00, 3.00),
(270, 1, 6, 9, 0.00, 0.00, 0.00),
(271, 1, 7, 9, 0.00, 0.00, 0.00),
(272, 1, 8, 9, 0.00, 0.00, 0.00),
(273, 1, 9, 9, 0.00, 0.00, 0.00),
(274, 1, 10, 9, 0.00, 0.00, 0.00),
(275, 1, 11, 9, 0.00, 0.00, 0.00),
(276, 1, 12, 9, 0.00, 0.00, 0.00),
(277, 1, 13, 9, 0.00, 0.00, 0.00),
(278, 1, 14, 9, 0.00, 0.00, 0.00),
(279, 1, 15, 9, 1.00, 2.00, 3.00),
(280, 1, 17, 9, 1.00, 2.00, 3.00),
(281, 1, 18, 9, 1.00, 0.00, 1.00),
(282, 1, 19, 9, 1.00, 2.00, 3.00),
(283, 1, 20, 9, 0.00, 0.00, 0.00),
(284, 1, 21, 9, 0.00, 0.00, 0.00),
(285, 1, 22, 9, 0.00, 0.00, 0.00),
(286, 1, 23, 9, 1.00, 0.00, 1.00),
(287, 1, 25, 9, 1.00, 2.00, 3.00),
(288, 1, 26, 9, 0.00, 0.00, 0.00),
(289, 1, 27, 9, 0.00, 0.00, 0.00),
(290, 1, 28, 9, 1.00, 2.00, 3.00),
(291, 1, 30, 9, 1.00, 0.00, 1.00),
(292, 1, 31, 9, 1.00, 2.00, 3.00),
(293, 1, 32, 9, 0.00, 0.00, 0.00),
(294, 1, 33, 9, 0.00, 0.00, 0.00),
(295, 1, 34, 9, 0.00, 0.00, 0.00),
(296, 1, 35, 9, 1.00, 2.00, 3.00),
(297, 1, 36, 9, 1.00, 2.00, 3.00),
(298, 1, 1, 10, 0.00, 0.00, 0.00),
(299, 1, 2, 10, 0.00, 0.00, 0.00),
(300, 1, 3, 10, 0.00, 0.00, 0.00),
(301, 1, 4, 10, 0.00, 0.00, 0.00),
(302, 1, 5, 10, 0.00, 0.00, 0.00),
(303, 1, 6, 10, 0.00, 0.00, 0.00),
(304, 1, 7, 10, 1.00, 0.00, 1.00),
(305, 1, 8, 10, 1.00, 2.00, 3.00),
(306, 1, 9, 10, 0.00, 0.00, 0.00),
(307, 1, 10, 10, 1.00, 0.00, 1.00),
(308, 1, 11, 10, 0.00, 0.00, 0.00),
(309, 1, 12, 10, 0.00, 0.00, 0.00),
(310, 1, 13, 10, 0.00, 0.00, 0.00),
(311, 1, 14, 10, 1.00, 2.00, 3.00),
(312, 1, 15, 10, 1.00, 0.00, 1.00),
(313, 1, 17, 10, 0.00, 0.00, 0.00),
(314, 1, 18, 10, 0.00, 0.00, 0.00),
(315, 1, 19, 10, 0.00, 0.00, 0.00),
(316, 1, 20, 10, 0.00, 0.00, 0.00),
(317, 1, 21, 10, 0.00, 0.00, 0.00),
(318, 1, 22, 10, 0.00, 0.00, 0.00),
(319, 1, 23, 10, 0.00, 0.00, 0.00),
(320, 1, 25, 10, 1.00, 2.00, 3.00),
(321, 1, 26, 10, 0.00, 0.00, 0.00),
(322, 1, 27, 10, 1.00, 0.00, 1.00),
(323, 1, 28, 10, 1.00, 0.00, 1.00),
(324, 1, 30, 10, 0.00, 0.00, 0.00),
(325, 1, 31, 10, 0.00, 0.00, 0.00),
(326, 1, 32, 10, 0.00, 0.00, 0.00),
(327, 1, 33, 10, 0.00, 0.00, 0.00),
(328, 1, 34, 10, 0.00, 0.00, 0.00),
(329, 1, 35, 10, 0.00, 0.00, 0.00),
(330, 1, 36, 10, 0.00, 0.00, 0.00),
(331, 1, 1, 11, 0.00, 0.00, 0.00),
(332, 1, 2, 11, 0.00, 0.00, 0.00),
(333, 1, 3, 11, 0.00, 0.00, 0.00),
(334, 1, 4, 11, 0.00, 0.00, 0.00),
(335, 1, 5, 11, 0.00, 0.00, 0.00),
(336, 1, 6, 11, 0.00, 0.00, 0.00),
(337, 1, 7, 11, 0.00, 0.00, 0.00),
(338, 1, 8, 11, 1.00, 0.00, 1.00),
(339, 1, 9, 11, 0.00, 0.00, 0.00),
(340, 1, 10, 11, 0.00, 0.00, 0.00),
(341, 1, 11, 11, 0.00, 0.00, 0.00),
(342, 1, 12, 11, 0.00, 0.00, 0.00),
(343, 1, 13, 11, 0.00, 0.00, 0.00),
(344, 1, 14, 11, 0.00, 0.00, 0.00),
(345, 1, 15, 11, 0.00, 0.00, 0.00),
(346, 1, 17, 11, 0.00, 0.00, 0.00),
(347, 1, 18, 11, 0.00, 0.00, 0.00),
(348, 1, 19, 11, 0.00, 0.00, 0.00),
(349, 1, 20, 11, 0.00, 0.00, 0.00),
(350, 1, 21, 11, 0.00, 0.00, 0.00),
(351, 1, 22, 11, 0.00, 0.00, 0.00),
(352, 1, 23, 11, 0.00, 0.00, 0.00),
(353, 1, 25, 11, 0.00, 0.00, 0.00),
(354, 1, 26, 11, 0.00, 0.00, 0.00),
(355, 1, 27, 11, 0.00, 0.00, 0.00),
(356, 1, 28, 11, 0.00, 0.00, 0.00),
(357, 1, 30, 11, 0.00, 0.00, 0.00),
(358, 1, 31, 11, 0.00, 0.00, 0.00),
(359, 1, 32, 11, 0.00, 0.00, 0.00),
(360, 1, 33, 11, 0.00, 0.00, 0.00),
(361, 1, 34, 11, 0.00, 0.00, 0.00),
(362, 1, 35, 11, 0.00, 0.00, 0.00),
(363, 1, 36, 11, 0.00, 0.00, 0.00),
(364, 1, 1, 12, 0.00, 0.00, 0.00),
(365, 1, 2, 12, 0.00, 0.00, 0.00),
(366, 1, 3, 12, 0.00, 0.00, 0.00),
(367, 1, 4, 12, 0.00, 0.00, 0.00),
(368, 1, 5, 12, 0.00, 0.00, 0.00),
(369, 1, 6, 12, 0.00, 0.00, 0.00),
(370, 1, 7, 12, 0.00, 0.00, 0.00),
(371, 1, 8, 12, 0.00, 0.00, 0.00),
(372, 1, 9, 12, 0.00, 0.00, 0.00),
(373, 1, 10, 12, 0.00, 0.00, 0.00),
(374, 1, 11, 12, 0.00, 0.00, 0.00),
(375, 1, 12, 12, 0.00, 0.00, 0.00),
(376, 1, 13, 12, 0.00, 0.00, 0.00),
(377, 1, 14, 12, 0.00, 0.00, 0.00),
(378, 1, 15, 12, 0.00, 0.00, 0.00),
(379, 1, 17, 12, 0.00, 0.00, 0.00),
(380, 1, 18, 12, 0.00, 0.00, 0.00),
(381, 1, 19, 12, 0.00, 0.00, 0.00),
(382, 1, 20, 12, 1.00, 0.00, 1.00),
(383, 1, 21, 12, 0.00, 0.00, 0.00),
(384, 1, 22, 12, 0.00, 0.00, 0.00),
(385, 1, 23, 12, 0.00, 0.00, 0.00),
(386, 1, 25, 12, 0.00, 0.00, 0.00),
(387, 1, 26, 12, 0.00, 0.00, 0.00),
(388, 1, 27, 12, 0.00, 0.00, 0.00),
(389, 1, 28, 12, 0.00, 0.00, 0.00),
(390, 1, 30, 12, 0.00, 0.00, 0.00),
(391, 1, 31, 12, 0.00, 0.00, 0.00),
(392, 1, 32, 12, 0.00, 0.00, 0.00),
(393, 1, 33, 12, 0.00, 0.00, 0.00),
(394, 1, 34, 12, 0.00, 0.00, 0.00),
(395, 1, 35, 12, 0.00, 0.00, 0.00),
(396, 1, 36, 12, 0.00, 0.00, 0.00),
(397, 1, 1, 13, 0.00, 0.00, 0.00),
(398, 1, 2, 13, 0.00, 0.00, 0.00),
(399, 1, 3, 13, 0.00, 0.00, 0.00),
(400, 1, 4, 13, 0.00, 0.00, 0.00),
(401, 1, 5, 13, 0.00, 0.00, 0.00),
(402, 1, 6, 13, 1.00, 0.00, 1.00),
(403, 1, 7, 13, 0.00, 0.00, 0.00),
(404, 1, 8, 13, 0.00, 0.00, 0.00),
(405, 1, 9, 13, 0.00, 0.00, 0.00),
(406, 1, 10, 13, 0.00, 0.00, 0.00),
(407, 1, 11, 13, 1.00, 0.00, 1.00),
(408, 1, 12, 13, 0.00, 0.00, 0.00),
(409, 1, 13, 13, 0.00, 0.00, 0.00),
(410, 1, 14, 13, 0.00, 0.00, 0.00),
(411, 1, 15, 13, 0.00, 0.00, 0.00),
(412, 1, 17, 13, 1.00, 0.00, 1.00),
(413, 1, 18, 13, 0.00, 0.00, 0.00),
(414, 1, 19, 13, 0.00, 0.00, 0.00),
(415, 1, 20, 13, 0.00, 0.00, 0.00),
(416, 1, 21, 13, 0.00, 0.00, 0.00),
(417, 1, 22, 13, 0.00, 0.00, 0.00),
(418, 1, 23, 13, 1.00, 2.00, 3.00),
(419, 1, 25, 13, 0.00, 0.00, 0.00),
(420, 1, 26, 13, 0.00, 0.00, 0.00),
(421, 1, 27, 13, 0.00, 0.00, 0.00),
(422, 1, 28, 13, 0.00, 0.00, 0.00),
(423, 1, 30, 13, 0.00, 0.00, 0.00),
(424, 1, 31, 13, 0.00, 0.00, 0.00),
(425, 1, 32, 13, 0.00, 0.00, 0.00),
(426, 1, 33, 13, 0.00, 0.00, 0.00),
(427, 1, 34, 13, 1.00, 0.00, 1.00),
(428, 1, 35, 13, 0.00, 0.00, 0.00),
(429, 1, 36, 13, 0.00, 0.00, 0.00),
(430, 1, 1, 14, 0.00, 0.00, 0.00),
(431, 1, 2, 14, 1.00, 2.00, 3.00),
(432, 1, 3, 14, 1.00, 2.00, 3.00),
(433, 1, 4, 14, 1.00, 2.00, 3.00),
(434, 1, 5, 14, 1.00, 2.00, 3.00),
(435, 1, 6, 14, 0.00, 0.00, 0.00),
(436, 1, 7, 14, 1.00, 2.00, 3.00),
(437, 1, 8, 14, 1.00, 0.00, 1.00),
(438, 1, 9, 14, 0.00, 0.00, 0.00),
(439, 1, 10, 14, 0.00, 0.00, 0.00),
(440, 1, 11, 14, 0.00, 0.00, 0.00),
(441, 1, 12, 14, 1.00, 2.00, 3.00),
(442, 1, 13, 14, 1.00, 2.00, 3.00),
(443, 1, 14, 14, 0.00, 0.00, 0.00),
(444, 1, 15, 14, 0.00, 0.00, 0.00),
(445, 1, 17, 14, 0.00, 0.00, 0.00),
(446, 1, 18, 14, 0.00, 0.00, 0.00),
(447, 1, 19, 14, 1.00, 2.00, 3.00),
(448, 1, 20, 14, 1.00, 0.00, 1.00),
(449, 1, 21, 14, 0.00, 0.00, 0.00),
(450, 1, 22, 14, 0.00, 0.00, 0.00),
(451, 1, 23, 14, 0.00, 0.00, 0.00),
(452, 1, 25, 14, 0.00, 0.00, 0.00),
(453, 1, 26, 14, 0.00, 0.00, 0.00),
(454, 1, 27, 14, 0.00, 0.00, 0.00),
(455, 1, 28, 14, 0.00, 0.00, 0.00),
(456, 1, 30, 14, 1.00, 0.00, 1.00),
(457, 1, 31, 14, 1.00, 2.00, 3.00),
(458, 1, 32, 14, 1.00, 2.00, 3.00),
(459, 1, 33, 14, 0.00, 0.00, 0.00),
(460, 1, 34, 14, 1.00, 2.00, 3.00),
(461, 1, 35, 14, 0.00, 0.00, 0.00),
(462, 1, 36, 14, 1.00, 2.00, 3.00),
(463, 1, 1, 15, 1.00, 2.00, 3.00),
(464, 1, 2, 15, 1.00, 2.00, 3.00),
(465, 1, 3, 15, 1.00, 2.00, 3.00),
(466, 1, 4, 15, 1.00, 2.00, 3.00),
(467, 1, 5, 15, 1.00, 2.00, 3.00),
(468, 1, 6, 15, 1.00, 2.00, 3.00),
(469, 1, 7, 15, 1.00, 0.00, 1.00),
(470, 1, 8, 15, 1.00, 0.00, 1.00),
(471, 1, 9, 15, 1.00, 2.00, 3.00),
(472, 1, 10, 15, 1.00, 2.00, 3.00),
(473, 1, 11, 15, 1.00, 2.00, 3.00),
(474, 1, 12, 15, 1.00, 0.00, 1.00),
(475, 1, 13, 15, 1.00, 2.00, 3.00),
(476, 1, 14, 15, 1.00, 0.00, 1.00),
(477, 1, 15, 15, 1.00, 0.00, 1.00),
(478, 1, 17, 15, 1.00, 0.00, 1.00),
(479, 1, 18, 15, 1.00, 2.00, 3.00),
(480, 1, 19, 15, 1.00, 2.00, 3.00),
(481, 1, 20, 15, 1.00, 0.00, 1.00),
(482, 1, 21, 15, 1.00, 0.00, 1.00),
(483, 1, 22, 15, 1.00, 2.00, 3.00),
(484, 1, 23, 15, 0.00, 0.00, 0.00),
(485, 1, 25, 15, 1.00, 0.00, 1.00),
(486, 1, 26, 15, 1.00, 0.00, 1.00),
(487, 1, 27, 15, 1.00, 0.00, 1.00),
(488, 1, 28, 15, 1.00, 2.00, 3.00),
(489, 1, 30, 15, 1.00, 0.00, 1.00),
(490, 1, 31, 15, 1.00, 2.00, 3.00),
(491, 1, 32, 15, 1.00, 2.00, 3.00),
(492, 1, 33, 15, 1.00, 2.00, 3.00),
(493, 1, 34, 15, 1.00, 0.00, 1.00),
(494, 1, 35, 15, 1.00, 0.00, 1.00),
(495, 1, 36, 15, 1.00, 0.00, 1.00),
(496, 1, 1, 16, 1.00, 0.00, 1.00),
(497, 1, 2, 16, 1.00, 2.00, 3.00),
(498, 1, 3, 16, 1.00, 2.00, 3.00),
(499, 1, 4, 16, 1.00, 0.00, 1.00),
(500, 1, 5, 16, 1.00, 0.00, 1.00),
(501, 1, 6, 16, 1.00, 0.00, 1.00),
(502, 1, 7, 16, 0.00, 0.00, 0.00),
(503, 1, 8, 16, 1.00, 0.00, 1.00),
(504, 1, 9, 16, 1.00, 2.00, 3.00),
(505, 1, 10, 16, 1.00, 0.00, 1.00),
(506, 1, 11, 16, 1.00, 0.00, 1.00),
(507, 1, 12, 16, 0.00, 0.00, 0.00),
(508, 1, 13, 16, 1.00, 2.00, 3.00),
(509, 1, 14, 16, 1.00, 2.00, 3.00),
(510, 1, 15, 16, 1.00, 2.00, 3.00),
(511, 1, 17, 16, 1.00, 2.00, 3.00),
(512, 1, 18, 16, 1.00, 0.00, 1.00),
(513, 1, 19, 16, 1.00, 2.00, 3.00),
(514, 1, 20, 16, 1.00, 0.00, 1.00),
(515, 1, 21, 16, 1.00, 0.00, 1.00),
(516, 1, 22, 16, 1.00, 2.00, 3.00),
(517, 1, 23, 16, 1.00, 2.00, 3.00),
(518, 1, 25, 16, 1.00, 0.00, 1.00),
(519, 1, 26, 16, 1.00, 0.00, 1.00),
(520, 1, 27, 16, 1.00, 0.00, 1.00),
(521, 1, 28, 16, 1.00, 2.00, 3.00),
(522, 1, 30, 16, 1.00, 0.00, 1.00),
(523, 1, 31, 16, 1.00, 0.00, 1.00),
(524, 1, 32, 16, 1.00, 0.00, 1.00),
(525, 1, 33, 16, 1.00, 2.00, 3.00),
(526, 1, 34, 16, 0.00, 0.00, 0.00),
(527, 1, 35, 16, 1.00, 2.00, 3.00),
(528, 1, 36, 16, 1.00, 2.00, 3.00),
(529, 1, 1, 17, 0.00, 0.00, 0.00),
(530, 1, 2, 17, 0.00, 0.00, 0.00),
(531, 1, 3, 17, 0.00, 0.00, 0.00),
(532, 1, 4, 17, 0.00, 0.00, 0.00),
(533, 1, 5, 17, 0.00, 0.00, 0.00),
(534, 1, 6, 17, 0.00, 0.00, 0.00),
(535, 1, 7, 17, 0.00, 0.00, 0.00),
(536, 1, 8, 17, 0.00, 0.00, 0.00),
(537, 1, 9, 17, 0.00, 0.00, 0.00),
(538, 1, 10, 17, 1.00, 0.00, 1.00),
(539, 1, 11, 17, 0.00, 0.00, 0.00),
(540, 1, 12, 17, 0.00, 0.00, 0.00),
(541, 1, 13, 17, 0.00, 0.00, 0.00),
(542, 1, 14, 17, 0.00, 0.00, 0.00),
(543, 1, 15, 17, 0.00, 0.00, 0.00),
(544, 1, 17, 17, 0.00, 0.00, 0.00),
(545, 1, 18, 17, 0.00, 0.00, 0.00),
(546, 1, 19, 17, 0.00, 0.00, 0.00),
(547, 1, 20, 17, 0.00, 0.00, 0.00),
(548, 1, 21, 17, 0.00, 0.00, 0.00),
(549, 1, 22, 17, 0.00, 0.00, 0.00),
(550, 1, 23, 17, 0.00, 0.00, 0.00),
(551, 1, 25, 17, 0.00, 0.00, 0.00),
(552, 1, 26, 17, 0.00, 0.00, 0.00),
(553, 1, 27, 17, 0.00, 0.00, 0.00),
(554, 1, 28, 17, 0.00, 0.00, 0.00),
(555, 1, 30, 17, 0.00, 0.00, 0.00),
(556, 1, 31, 17, 0.00, 0.00, 0.00),
(557, 1, 32, 17, 0.00, 0.00, 0.00),
(558, 1, 33, 17, 0.00, 0.00, 0.00),
(559, 1, 34, 17, 0.00, 0.00, 0.00),
(560, 1, 35, 17, 0.00, 0.00, 0.00),
(561, 1, 36, 17, 0.00, 0.00, 0.00),
(562, 1, 1, 18, 0.00, 0.00, 0.00),
(563, 1, 2, 18, 0.00, 0.00, 0.00),
(564, 1, 3, 18, 0.00, 0.00, 0.00),
(565, 1, 4, 18, 0.00, 0.00, 0.00),
(566, 1, 5, 18, 0.00, 0.00, 0.00),
(567, 1, 6, 18, 0.00, 0.00, 0.00),
(568, 1, 7, 18, 0.00, 0.00, 0.00),
(569, 1, 8, 18, 0.00, 0.00, 0.00),
(570, 1, 9, 18, 0.00, 0.00, 0.00),
(571, 1, 10, 18, 0.00, 0.00, 0.00),
(572, 1, 11, 18, 1.00, 0.00, 1.00),
(573, 1, 12, 18, 0.00, 0.00, 0.00),
(574, 1, 13, 18, 0.00, 0.00, 0.00),
(575, 1, 14, 18, 0.00, 0.00, 0.00),
(576, 1, 15, 18, 0.00, 0.00, 0.00),
(577, 1, 17, 18, 0.00, 0.00, 0.00),
(578, 1, 18, 18, 0.00, 0.00, 0.00),
(579, 1, 19, 18, 0.00, 0.00, 0.00),
(580, 1, 20, 18, 0.00, 0.00, 0.00),
(581, 1, 21, 18, 0.00, 0.00, 0.00),
(582, 1, 22, 18, 0.00, 0.00, 0.00),
(583, 1, 23, 18, 0.00, 0.00, 0.00),
(584, 1, 25, 18, 0.00, 0.00, 0.00),
(585, 1, 26, 18, 0.00, 0.00, 0.00),
(586, 1, 27, 18, 0.00, 0.00, 0.00),
(587, 1, 28, 18, 0.00, 0.00, 0.00),
(588, 1, 30, 18, 0.00, 0.00, 0.00),
(589, 1, 31, 18, 0.00, 0.00, 0.00),
(590, 1, 32, 18, 0.00, 0.00, 0.00),
(591, 1, 33, 18, 0.00, 0.00, 0.00),
(592, 1, 34, 18, 0.00, 0.00, 0.00),
(593, 1, 35, 18, 0.00, 0.00, 0.00),
(594, 1, 36, 18, 0.00, 0.00, 0.00),
(595, 1, 1, 19, 1.00, 2.00, 3.00),
(596, 1, 2, 19, 1.00, 0.00, 1.00),
(597, 1, 3, 19, 1.00, 0.00, 1.00),
(598, 1, 4, 19, 0.00, 0.00, 0.00),
(599, 1, 5, 19, 1.00, 2.00, 3.00),
(600, 1, 6, 19, 1.00, 2.00, 3.00),
(601, 1, 7, 19, 1.00, 2.00, 3.00),
(602, 1, 8, 19, 1.00, 2.00, 3.00),
(603, 1, 9, 19, 1.00, 0.00, 1.00),
(604, 1, 10, 19, 1.00, 0.00, 1.00),
(605, 1, 11, 19, 1.00, 0.00, 1.00),
(606, 1, 12, 19, 1.00, 0.00, 1.00),
(607, 1, 13, 19, 1.00, 2.00, 3.00),
(608, 1, 14, 19, 1.00, 0.00, 1.00),
(609, 1, 15, 19, 1.00, 0.00, 1.00),
(610, 1, 17, 19, 1.00, 0.00, 1.00),
(611, 1, 18, 19, 1.00, 2.00, 3.00),
(612, 1, 19, 19, 1.00, 0.00, 1.00),
(613, 1, 20, 19, 1.00, 0.00, 1.00),
(614, 1, 21, 19, 1.00, 0.00, 1.00),
(615, 1, 22, 19, 0.00, 0.00, 0.00),
(616, 1, 23, 19, 1.00, 2.00, 3.00),
(617, 1, 25, 19, 1.00, 0.00, 1.00),
(618, 1, 26, 19, 1.00, 2.00, 3.00),
(619, 1, 27, 19, 1.00, 0.00, 1.00),
(620, 1, 28, 19, 1.00, 0.00, 1.00),
(621, 1, 30, 19, 1.00, 2.00, 3.00),
(622, 1, 31, 19, 1.00, 0.00, 1.00),
(623, 1, 32, 19, 1.00, 0.00, 1.00),
(624, 1, 33, 19, 1.00, 2.00, 3.00),
(625, 1, 34, 19, 1.00, 0.00, 1.00),
(626, 1, 35, 19, 1.00, 0.00, 1.00),
(627, 1, 36, 19, 0.00, 0.00, 0.00),
(628, 1, 1, 20, 1.00, 0.00, 1.00),
(629, 1, 2, 20, 1.00, 0.00, 1.00),
(630, 1, 3, 20, 1.00, 0.00, 1.00),
(631, 1, 4, 20, 1.00, 0.00, 1.00),
(632, 1, 5, 20, 0.00, 0.00, 0.00),
(633, 1, 6, 20, 1.00, 0.00, 1.00),
(634, 1, 7, 20, 0.00, 0.00, 0.00),
(635, 1, 8, 20, 0.00, 0.00, 0.00),
(636, 1, 9, 20, 0.00, 0.00, 0.00),
(637, 1, 10, 20, 0.00, 0.00, 0.00),
(638, 1, 11, 20, 0.00, 0.00, 0.00),
(639, 1, 12, 20, 0.00, 0.00, 0.00),
(640, 1, 13, 20, 0.00, 0.00, 0.00),
(641, 1, 14, 20, 0.00, 0.00, 0.00),
(642, 1, 15, 20, 1.00, 2.00, 3.00),
(643, 1, 17, 20, 0.00, 0.00, 0.00),
(644, 1, 18, 20, 0.00, 0.00, 0.00),
(645, 1, 19, 20, 1.00, 0.00, 1.00),
(646, 1, 20, 20, 1.00, 0.00, 1.00),
(647, 1, 21, 20, 1.00, 0.00, 1.00),
(648, 1, 22, 20, 0.00, 0.00, 0.00),
(649, 1, 23, 20, 0.00, 0.00, 0.00),
(650, 1, 25, 20, 0.00, 0.00, 0.00),
(651, 1, 26, 20, 0.00, 0.00, 0.00),
(652, 1, 27, 20, 0.00, 0.00, 0.00),
(653, 1, 28, 20, 1.00, 0.00, 1.00),
(654, 1, 30, 20, 1.00, 0.00, 1.00),
(655, 1, 31, 20, 0.00, 0.00, 0.00),
(656, 1, 32, 20, 0.00, 0.00, 0.00),
(657, 1, 33, 20, 0.00, 0.00, 0.00),
(658, 1, 34, 20, 0.00, 0.00, 0.00),
(659, 1, 35, 20, 1.00, 0.00, 1.00),
(660, 1, 36, 20, 1.00, 0.00, 1.00),
(661, 1, 1, 21, 1.00, 0.00, 1.00),
(662, 1, 2, 21, 1.00, 0.00, 1.00),
(663, 1, 3, 21, 1.00, 0.00, 1.00),
(664, 1, 4, 21, 1.00, 0.00, 1.00),
(665, 1, 5, 21, 1.00, 0.00, 1.00),
(666, 1, 6, 21, 1.00, 0.00, 1.00),
(667, 1, 7, 21, 1.00, 0.00, 1.00),
(668, 1, 8, 21, 1.00, 0.00, 1.00),
(669, 1, 9, 21, 1.00, 0.00, 1.00),
(670, 1, 10, 21, 1.00, 0.00, 1.00),
(671, 1, 11, 21, 1.00, 0.00, 1.00),
(672, 1, 12, 21, 1.00, 0.00, 1.00),
(673, 1, 13, 21, 1.00, 0.00, 1.00),
(674, 1, 14, 21, 1.00, 0.00, 1.00),
(675, 1, 15, 21, 1.00, 0.00, 1.00),
(676, 1, 17, 21, 1.00, 0.00, 1.00),
(677, 1, 18, 21, 1.00, 0.00, 1.00),
(678, 1, 19, 21, 1.00, 0.00, 1.00),
(679, 1, 20, 21, 1.00, 0.00, 1.00),
(680, 1, 21, 21, 1.00, 0.00, 1.00),
(681, 1, 22, 21, 1.00, 0.00, 1.00),
(682, 1, 23, 21, 1.00, 0.00, 1.00),
(683, 1, 25, 21, 1.00, 0.00, 1.00),
(684, 1, 26, 21, 1.00, 0.00, 1.00),
(685, 1, 27, 21, 1.00, 0.00, 1.00),
(686, 1, 28, 21, 1.00, 0.00, 1.00),
(687, 1, 30, 21, 1.00, 0.00, 1.00),
(688, 1, 31, 21, 1.00, 0.00, 1.00),
(689, 1, 32, 21, 1.00, 0.00, 1.00),
(690, 1, 33, 21, 1.00, 0.00, 1.00),
(691, 1, 34, 21, 1.00, 0.00, 1.00),
(692, 1, 35, 21, 1.00, 0.00, 1.00),
(693, 1, 36, 21, 1.00, 0.00, 1.00),
(694, 1, 1, 22, 1.00, 0.00, 1.00),
(695, 1, 2, 22, 1.00, 0.00, 1.00),
(696, 1, 3, 22, 1.00, 0.00, 1.00),
(697, 1, 4, 22, 1.00, 0.00, 1.00),
(698, 1, 5, 22, 1.00, 0.00, 1.00),
(699, 1, 6, 22, 1.00, 0.00, 1.00),
(700, 1, 7, 22, 0.00, 0.00, 0.00),
(701, 1, 8, 22, 1.00, 0.00, 1.00),
(702, 1, 9, 22, 0.00, 0.00, 0.00),
(703, 1, 10, 22, 1.00, 0.00, 1.00),
(704, 1, 11, 22, 1.00, 0.00, 1.00),
(705, 1, 12, 22, 1.00, 0.00, 1.00),
(706, 1, 13, 22, 0.00, 0.00, 0.00),
(707, 1, 14, 22, 1.00, 0.00, 1.00),
(708, 1, 15, 22, 1.00, 0.00, 1.00),
(709, 1, 17, 22, 1.00, 0.00, 1.00),
(710, 1, 18, 22, 1.00, 0.00, 1.00),
(711, 1, 19, 22, 1.00, 0.00, 1.00),
(712, 1, 20, 22, 1.00, 0.00, 1.00),
(713, 1, 21, 22, 0.00, 0.00, 0.00),
(714, 1, 22, 22, 1.00, 0.00, 1.00),
(715, 1, 23, 22, 0.00, 0.00, 0.00),
(716, 1, 25, 22, 1.00, 0.00, 1.00),
(717, 1, 26, 22, 1.00, 0.00, 1.00),
(718, 1, 27, 22, 1.00, 2.00, 3.00),
(719, 1, 28, 22, 1.00, 0.00, 1.00),
(720, 1, 30, 22, 1.00, 0.00, 1.00),
(721, 1, 31, 22, 1.00, 0.00, 1.00),
(722, 1, 32, 22, 1.00, 0.00, 1.00),
(723, 1, 33, 22, 0.00, 0.00, 0.00),
(724, 1, 34, 22, 1.00, 0.00, 1.00),
(725, 1, 35, 22, 0.00, 0.00, 0.00),
(726, 1, 36, 22, 0.00, 0.00, 0.00),
(727, 1, 1, 23, 1.00, 2.00, 3.00),
(728, 1, 2, 23, 1.00, 2.00, 3.00),
(729, 1, 3, 23, 1.00, 2.00, 3.00),
(730, 1, 4, 23, 0.00, 0.00, 0.00),
(731, 1, 5, 23, 1.00, 2.00, 3.00),
(732, 1, 6, 23, 1.00, 2.00, 3.00),
(733, 1, 7, 23, 0.00, 0.00, 0.00),
(734, 1, 8, 23, 0.00, 0.00, 0.00),
(735, 1, 9, 23, 1.00, 2.00, 3.00),
(736, 1, 10, 23, 0.00, 0.00, 0.00),
(737, 1, 11, 23, 0.00, 0.00, 0.00),
(738, 1, 12, 23, 1.00, 0.00, 1.00),
(739, 1, 13, 23, 0.00, 0.00, 0.00),
(740, 1, 14, 23, 0.00, 0.00, 0.00),
(741, 1, 15, 23, 0.00, 0.00, 0.00),
(742, 1, 17, 23, 1.00, 2.00, 3.00),
(743, 1, 18, 23, 1.00, 2.00, 3.00),
(744, 1, 19, 23, 1.00, 2.00, 3.00),
(745, 1, 20, 23, 0.00, 0.00, 0.00),
(746, 1, 21, 23, 0.00, 0.00, 0.00),
(747, 1, 22, 23, 1.00, 2.00, 3.00),
(748, 1, 23, 23, 1.00, 2.00, 3.00),
(749, 1, 25, 23, 1.00, 2.00, 3.00),
(750, 1, 26, 23, 1.00, 2.00, 3.00),
(751, 1, 27, 23, 0.00, 0.00, 0.00),
(752, 1, 28, 23, 1.00, 2.00, 3.00),
(753, 1, 30, 23, 0.00, 0.00, 0.00),
(754, 1, 31, 23, 1.00, 0.00, 1.00),
(755, 1, 32, 23, 1.00, 0.00, 1.00),
(756, 1, 33, 23, 0.00, 0.00, 0.00),
(757, 1, 34, 23, 1.00, 2.00, 3.00),
(758, 1, 35, 23, 1.00, 2.00, 3.00),
(759, 1, 36, 23, 1.00, 2.00, 3.00),
(760, 1, 1, 24, 0.00, 0.00, 0.00),
(761, 1, 2, 24, 0.00, 0.00, 0.00),
(762, 1, 3, 24, 0.00, 0.00, 0.00),
(763, 1, 4, 24, 0.00, 0.00, 0.00),
(764, 1, 5, 24, 0.00, 0.00, 0.00),
(765, 1, 6, 24, 0.00, 0.00, 0.00),
(766, 1, 7, 24, 0.00, 0.00, 0.00),
(767, 1, 8, 24, 0.00, 0.00, 0.00),
(768, 1, 9, 24, 0.00, 0.00, 0.00),
(769, 1, 10, 24, 0.00, 0.00, 0.00),
(770, 1, 11, 24, 1.00, 0.00, 1.00),
(771, 1, 12, 24, 0.00, 0.00, 0.00),
(772, 1, 13, 24, 0.00, 0.00, 0.00),
(773, 1, 14, 24, 0.00, 0.00, 0.00),
(774, 1, 15, 24, 0.00, 0.00, 0.00),
(775, 1, 17, 24, 0.00, 0.00, 0.00),
(776, 1, 18, 24, 0.00, 0.00, 0.00),
(777, 1, 19, 24, 0.00, 0.00, 0.00),
(778, 1, 20, 24, 0.00, 0.00, 0.00),
(779, 1, 21, 24, 0.00, 0.00, 0.00),
(780, 1, 22, 24, 1.00, 0.00, 1.00),
(781, 1, 23, 24, 0.00, 0.00, 0.00),
(782, 1, 25, 24, 0.00, 0.00, 0.00),
(783, 1, 26, 24, 1.00, 0.00, 1.00),
(784, 1, 27, 24, 0.00, 0.00, 0.00),
(785, 1, 28, 24, 0.00, 0.00, 0.00),
(786, 1, 30, 24, 0.00, 0.00, 0.00),
(787, 1, 31, 24, 0.00, 0.00, 0.00),
(788, 1, 32, 24, 0.00, 0.00, 0.00),
(789, 1, 33, 24, 0.00, 0.00, 0.00),
(790, 1, 34, 24, 1.00, 0.00, 1.00),
(791, 1, 35, 24, 0.00, 0.00, 0.00),
(792, 1, 36, 24, 1.00, 0.00, 1.00),
(793, 1, 1, 26, 0.00, 0.00, 0.00),
(794, 1, 2, 26, 0.00, 0.00, 0.00),
(795, 1, 3, 26, 0.00, 0.00, 0.00),
(796, 1, 4, 26, 0.00, 0.00, 0.00),
(797, 1, 5, 26, 0.00, 0.00, 0.00),
(798, 1, 6, 26, 0.00, 0.00, 0.00),
(799, 1, 7, 26, 0.00, 0.00, 0.00),
(800, 1, 8, 26, 0.00, 0.00, 0.00),
(801, 1, 9, 26, 0.00, 0.00, 0.00),
(802, 1, 10, 26, 0.00, 0.00, 0.00),
(803, 1, 11, 26, 0.00, 0.00, 0.00),
(804, 1, 12, 26, 0.00, 0.00, 0.00),
(805, 1, 13, 26, 1.00, 0.00, 1.00),
(806, 1, 14, 26, 0.00, 0.00, 0.00),
(807, 1, 15, 26, 1.00, 0.00, 1.00),
(808, 1, 17, 26, 1.00, 0.00, 1.00),
(809, 1, 18, 26, 0.00, 0.00, 0.00),
(810, 1, 19, 26, 0.00, 0.00, 0.00),
(811, 1, 20, 26, 0.00, 0.00, 0.00),
(812, 1, 21, 26, 0.00, 0.00, 0.00),
(813, 1, 22, 26, 0.00, 0.00, 0.00),
(814, 1, 23, 26, 0.00, 0.00, 0.00),
(815, 1, 25, 26, 0.00, 0.00, 0.00),
(816, 1, 26, 26, 0.00, 0.00, 0.00),
(817, 1, 27, 26, 0.00, 0.00, 0.00),
(818, 1, 28, 26, 0.00, 0.00, 0.00),
(819, 1, 30, 26, 0.00, 0.00, 0.00),
(820, 1, 31, 26, 0.00, 0.00, 0.00),
(821, 1, 32, 26, 0.00, 0.00, 0.00),
(822, 1, 33, 26, 0.00, 0.00, 0.00),
(823, 1, 34, 26, 0.00, 0.00, 0.00),
(824, 1, 35, 26, 0.00, 0.00, 0.00),
(825, 1, 36, 26, 0.00, 0.00, 0.00),
(826, 1, 1, 25, 0.00, 0.00, 0.00),
(827, 1, 2, 25, 0.00, 0.00, 0.00),
(828, 1, 3, 25, 0.00, 0.00, 0.00),
(829, 1, 4, 25, 0.00, 0.00, 0.00),
(830, 1, 5, 25, 0.00, 0.00, 0.00),
(831, 1, 6, 25, 0.00, 0.00, 0.00),
(832, 1, 7, 25, 0.00, 0.00, 0.00),
(833, 1, 8, 25, 0.00, 0.00, 0.00),
(834, 1, 9, 25, 0.00, 0.00, 0.00),
(835, 1, 10, 25, 0.00, 0.00, 0.00),
(836, 1, 11, 25, 0.00, 0.00, 0.00),
(837, 1, 12, 25, 0.00, 0.00, 0.00),
(838, 1, 13, 25, 0.00, 0.00, 0.00),
(839, 1, 14, 25, 0.00, 0.00, 0.00),
(840, 1, 15, 25, 0.00, 0.00, 0.00),
(841, 1, 17, 25, 0.00, 0.00, 0.00),
(842, 1, 18, 25, 0.00, 0.00, 0.00),
(843, 1, 19, 25, 0.00, 0.00, 0.00),
(844, 1, 20, 25, 0.00, 0.00, 0.00),
(845, 1, 21, 25, 1.00, 0.00, 1.00),
(846, 1, 22, 25, 0.00, 0.00, 0.00),
(847, 1, 23, 25, 0.00, 0.00, 0.00),
(848, 1, 25, 25, 0.00, 0.00, 0.00),
(849, 1, 26, 25, 0.00, 0.00, 0.00),
(850, 1, 27, 25, 0.00, 0.00, 0.00),
(851, 1, 28, 25, 0.00, 0.00, 0.00),
(852, 1, 30, 25, 0.00, 0.00, 0.00),
(853, 1, 31, 25, 0.00, 0.00, 0.00),
(854, 1, 32, 25, 0.00, 0.00, 0.00),
(855, 1, 33, 25, 0.00, 0.00, 0.00),
(856, 1, 34, 25, 0.00, 0.00, 0.00),
(857, 1, 35, 25, 0.00, 0.00, 0.00),
(858, 1, 36, 25, 0.00, 0.00, 0.00),
(859, 1, 1, 28, 0.00, 0.00, 0.00),
(860, 1, 2, 28, 0.00, 0.00, 0.00),
(861, 1, 3, 28, 0.00, 0.00, 0.00),
(862, 1, 4, 28, 0.00, 0.00, 0.00),
(863, 1, 5, 28, 0.00, 0.00, 0.00),
(864, 1, 6, 28, 1.00, 0.00, 1.00),
(865, 1, 7, 28, 0.00, 0.00, 0.00),
(866, 1, 8, 28, 0.00, 0.00, 0.00),
(867, 1, 9, 28, 0.00, 0.00, 0.00),
(868, 1, 10, 28, 0.00, 0.00, 0.00),
(869, 1, 11, 28, 1.00, 0.00, 1.00),
(870, 1, 12, 28, 1.00, 0.00, 1.00),
(871, 1, 13, 28, 1.00, 0.00, 1.00),
(872, 1, 14, 28, 0.00, 0.00, 0.00),
(873, 1, 15, 28, 0.00, 0.00, 0.00),
(874, 1, 17, 28, 1.00, 0.00, 1.00),
(875, 1, 18, 28, 0.00, 0.00, 0.00),
(876, 1, 19, 28, 0.00, 0.00, 0.00),
(877, 1, 20, 28, 1.00, 0.00, 1.00),
(878, 1, 21, 28, 1.00, 0.00, 1.00),
(879, 1, 22, 28, 0.00, 0.00, 0.00),
(880, 1, 23, 28, 1.00, 0.00, 1.00),
(881, 1, 25, 28, 0.00, 0.00, 0.00),
(882, 1, 26, 28, 0.00, 0.00, 0.00),
(883, 1, 27, 28, 0.00, 0.00, 0.00),
(884, 1, 28, 28, 0.00, 0.00, 0.00),
(885, 1, 30, 28, 0.00, 0.00, 0.00),
(886, 1, 31, 28, 0.00, 0.00, 0.00),
(887, 1, 32, 28, 0.00, 0.00, 0.00),
(888, 1, 33, 28, 0.00, 0.00, 0.00),
(889, 1, 34, 28, 1.00, 0.00, 1.00),
(890, 1, 35, 28, 1.00, 0.00, 1.00),
(891, 1, 36, 28, 0.00, 0.00, 0.00),
(892, 1, 1, 27, 0.00, 0.00, 0.00),
(893, 1, 2, 27, 0.00, 0.00, 0.00),
(894, 1, 3, 27, 0.00, 0.00, 0.00),
(895, 1, 4, 27, 1.00, 0.00, 1.00),
(896, 1, 5, 27, 0.00, 0.00, 0.00),
(897, 1, 6, 27, 0.00, 0.00, 0.00),
(898, 1, 7, 27, 0.00, 0.00, 0.00),
(899, 1, 8, 27, 0.00, 0.00, 0.00),
(900, 1, 9, 27, 0.00, 0.00, 0.00),
(901, 1, 10, 27, 0.00, 0.00, 0.00),
(902, 1, 11, 27, 0.00, 0.00, 0.00),
(903, 1, 12, 27, 0.00, 0.00, 0.00),
(904, 1, 13, 27, 0.00, 0.00, 0.00),
(905, 1, 14, 27, 0.00, 0.00, 0.00),
(906, 1, 15, 27, 0.00, 0.00, 0.00),
(907, 1, 17, 27, 0.00, 0.00, 0.00),
(908, 1, 18, 27, 0.00, 0.00, 0.00),
(909, 1, 19, 27, 0.00, 0.00, 0.00),
(910, 1, 20, 27, 0.00, 0.00, 0.00),
(911, 1, 21, 27, 0.00, 0.00, 0.00),
(912, 1, 22, 27, 0.00, 0.00, 0.00),
(913, 1, 23, 27, 0.00, 0.00, 0.00),
(914, 1, 25, 27, 0.00, 0.00, 0.00),
(915, 1, 26, 27, 0.00, 0.00, 0.00),
(916, 1, 27, 27, 0.00, 0.00, 0.00),
(917, 1, 28, 27, 0.00, 0.00, 0.00),
(918, 1, 30, 27, 0.00, 0.00, 0.00),
(919, 1, 31, 27, 0.00, 0.00, 0.00),
(920, 1, 32, 27, 0.00, 0.00, 0.00),
(921, 1, 33, 27, 0.00, 0.00, 0.00),
(922, 1, 34, 27, 1.00, 0.00, 1.00),
(923, 1, 35, 27, 0.00, 0.00, 0.00),
(924, 1, 36, 27, 0.00, 0.00, 0.00),
(925, 1, 1, 29, 1.00, 0.00, 1.00),
(926, 1, 2, 29, 1.00, 0.00, 1.00),
(927, 1, 3, 29, 1.00, 0.00, 1.00),
(928, 1, 4, 29, 1.00, 0.00, 1.00),
(929, 1, 5, 29, 1.00, 0.00, 1.00),
(930, 1, 6, 29, 1.00, 0.00, 1.00),
(931, 1, 7, 29, 1.00, 0.00, 1.00),
(932, 1, 8, 29, 1.00, 0.00, 1.00),
(933, 1, 9, 29, 1.00, 0.00, 1.00),
(934, 1, 10, 29, 1.00, 2.00, 3.00),
(935, 1, 11, 29, 1.00, 0.00, 1.00),
(936, 1, 12, 29, 1.00, 0.00, 1.00),
(937, 1, 13, 29, 1.00, 0.00, 1.00),
(938, 1, 14, 29, 1.00, 0.00, 1.00),
(939, 1, 15, 29, 1.00, 0.00, 1.00),
(940, 1, 17, 29, 1.00, 0.00, 1.00),
(941, 1, 18, 29, 1.00, 2.00, 3.00),
(942, 1, 19, 29, 1.00, 0.00, 1.00),
(943, 1, 20, 29, 1.00, 0.00, 1.00),
(944, 1, 21, 29, 1.00, 0.00, 1.00),
(945, 1, 22, 29, 1.00, 0.00, 1.00),
(946, 1, 23, 29, 1.00, 0.00, 1.00),
(947, 1, 25, 29, 1.00, 0.00, 1.00),
(948, 1, 26, 29, 1.00, 0.00, 1.00),
(949, 1, 27, 29, 1.00, 0.00, 1.00),
(950, 1, 28, 29, 1.00, 0.00, 1.00),
(951, 1, 30, 29, 1.00, 0.00, 1.00),
(952, 1, 31, 29, 1.00, 0.00, 1.00),
(953, 1, 32, 29, 1.00, 0.00, 1.00),
(954, 1, 33, 29, 1.00, 0.00, 1.00),
(955, 1, 34, 29, 1.00, 2.00, 3.00),
(956, 1, 35, 29, 1.00, 0.00, 1.00),
(957, 1, 36, 29, 1.00, 0.00, 1.00),
(958, 1, 1, 30, 1.00, 0.00, 1.00),
(959, 1, 2, 30, 0.00, 0.00, 0.00),
(960, 1, 3, 30, 0.00, 0.00, 0.00),
(961, 1, 4, 30, 0.00, 0.00, 0.00),
(962, 1, 5, 30, 1.00, 2.00, 3.00),
(963, 1, 6, 30, 0.00, 0.00, 0.00),
(964, 1, 7, 30, 1.00, 0.00, 1.00),
(965, 1, 8, 30, 0.00, 0.00, 0.00),
(966, 1, 9, 30, 0.00, 0.00, 0.00),
(967, 1, 10, 30, 0.00, 0.00, 0.00),
(968, 1, 11, 30, 1.00, 0.00, 1.00),
(969, 1, 12, 30, 0.00, 0.00, 0.00),
(970, 1, 13, 30, 1.00, 0.00, 1.00),
(971, 1, 14, 30, 1.00, 0.00, 1.00),
(972, 1, 15, 30, 0.00, 0.00, 0.00),
(973, 1, 17, 30, 1.00, 0.00, 1.00),
(974, 1, 18, 30, 1.00, 2.00, 3.00),
(975, 1, 19, 30, 0.00, 0.00, 0.00),
(976, 1, 20, 30, 1.00, 0.00, 1.00),
(977, 1, 21, 30, 1.00, 2.00, 3.00),
(978, 1, 22, 30, 1.00, 2.00, 3.00),
(979, 1, 23, 30, 0.00, 0.00, 0.00),
(980, 1, 25, 30, 1.00, 2.00, 3.00),
(981, 1, 26, 30, 1.00, 2.00, 3.00),
(982, 1, 27, 30, 0.00, 0.00, 0.00),
(983, 1, 28, 30, 0.00, 0.00, 0.00),
(984, 1, 30, 30, 1.00, 2.00, 3.00),
(985, 1, 31, 30, 0.00, 0.00, 0.00),
(986, 1, 32, 30, 0.00, 0.00, 0.00),
(987, 1, 33, 30, 0.00, 0.00, 0.00),
(988, 1, 34, 30, 1.00, 0.00, 1.00),
(989, 1, 35, 30, 0.00, 0.00, 0.00),
(990, 1, 36, 30, 0.00, 0.00, 0.00),
(991, 1, 1, 31, 0.00, 0.00, 0.00),
(992, 1, 2, 31, 0.00, 0.00, 0.00),
(993, 1, 3, 31, 0.00, 0.00, 0.00),
(994, 1, 4, 31, 0.00, 0.00, 0.00),
(995, 1, 5, 31, 0.00, 0.00, 0.00),
(996, 1, 6, 31, 0.00, 0.00, 0.00),
(997, 1, 7, 31, 0.00, 0.00, 0.00),
(998, 1, 8, 31, 0.00, 0.00, 0.00),
(999, 1, 9, 31, 0.00, 0.00, 0.00),
(1000, 1, 10, 31, 0.00, 0.00, 0.00),
(1001, 1, 11, 31, 1.00, 2.00, 3.00),
(1002, 1, 12, 31, 0.00, 0.00, 0.00),
(1003, 1, 13, 31, 0.00, 0.00, 0.00),
(1004, 1, 14, 31, 0.00, 0.00, 0.00),
(1005, 1, 15, 31, 0.00, 0.00, 0.00),
(1006, 1, 17, 31, 0.00, 0.00, 0.00),
(1007, 1, 18, 31, 0.00, 0.00, 0.00),
(1008, 1, 19, 31, 0.00, 0.00, 0.00),
(1009, 1, 20, 31, 0.00, 0.00, 0.00),
(1010, 1, 21, 31, 0.00, 0.00, 0.00),
(1011, 1, 22, 31, 0.00, 0.00, 0.00),
(1012, 1, 23, 31, 0.00, 0.00, 0.00),
(1013, 1, 25, 31, 0.00, 0.00, 0.00),
(1014, 1, 26, 31, 0.00, 0.00, 0.00),
(1015, 1, 27, 31, 0.00, 0.00, 0.00),
(1016, 1, 28, 31, 0.00, 0.00, 0.00),
(1017, 1, 30, 31, 0.00, 0.00, 0.00),
(1018, 1, 31, 31, 0.00, 0.00, 0.00),
(1019, 1, 32, 31, 0.00, 0.00, 0.00),
(1020, 1, 33, 31, 0.00, 0.00, 0.00),
(1021, 1, 34, 31, 0.00, 0.00, 0.00),
(1022, 1, 35, 31, 0.00, 0.00, 0.00),
(1023, 1, 36, 31, 0.00, 0.00, 0.00),
(1024, 1, 1, 32, 0.00, 0.00, 0.00),
(1025, 1, 2, 32, 0.00, 0.00, 0.00),
(1026, 1, 3, 32, 0.00, 0.00, 0.00),
(1027, 1, 4, 32, 0.00, 0.00, 0.00),
(1028, 1, 5, 32, 0.00, 0.00, 0.00),
(1029, 1, 6, 32, 0.00, 0.00, 0.00),
(1030, 1, 7, 32, 1.00, 0.00, 1.00),
(1031, 1, 8, 32, 0.00, 0.00, 0.00),
(1032, 1, 9, 32, 0.00, 0.00, 0.00),
(1033, 1, 10, 32, 0.00, 0.00, 0.00),
(1034, 1, 11, 32, 0.00, 0.00, 0.00),
(1035, 1, 12, 32, 1.00, 0.00, 1.00),
(1036, 1, 13, 32, 0.00, 0.00, 0.00),
(1037, 1, 14, 32, 0.00, 0.00, 0.00),
(1038, 1, 15, 32, 0.00, 0.00, 0.00),
(1039, 1, 17, 32, 0.00, 0.00, 0.00),
(1040, 1, 18, 32, 0.00, 0.00, 0.00),
(1041, 1, 19, 32, 0.00, 0.00, 0.00),
(1042, 1, 20, 32, 0.00, 0.00, 0.00),
(1043, 1, 21, 32, 0.00, 0.00, 0.00),
(1044, 1, 22, 32, 0.00, 0.00, 0.00),
(1045, 1, 23, 32, 1.00, 0.00, 1.00),
(1046, 1, 25, 32, 1.00, 0.00, 1.00),
(1047, 1, 26, 32, 0.00, 0.00, 0.00),
(1048, 1, 27, 32, 0.00, 0.00, 0.00),
(1049, 1, 28, 32, 0.00, 0.00, 0.00),
(1050, 1, 30, 32, 0.00, 0.00, 0.00),
(1051, 1, 31, 32, 0.00, 0.00, 0.00),
(1052, 1, 32, 32, 1.00, 0.00, 1.00),
(1053, 1, 33, 32, 0.00, 0.00, 0.00),
(1054, 1, 34, 32, 0.00, 0.00, 0.00),
(1055, 1, 35, 32, 0.00, 0.00, 0.00),
(1056, 1, 36, 32, 0.00, 0.00, 0.00),
(1057, 1, 1, 33, 0.00, 0.00, 0.00),
(1058, 1, 2, 33, 0.00, 0.00, 0.00),
(1059, 1, 3, 33, 0.00, 0.00, 0.00),
(1060, 1, 4, 33, 0.00, 0.00, 0.00),
(1061, 1, 5, 33, 0.00, 0.00, 0.00),
(1062, 1, 6, 33, 0.00, 0.00, 0.00),
(1063, 1, 7, 33, 0.00, 0.00, 0.00),
(1064, 1, 8, 33, 0.00, 0.00, 0.00),
(1065, 1, 9, 33, 0.00, 0.00, 0.00),
(1066, 1, 10, 33, 0.00, 0.00, 0.00),
(1067, 1, 11, 33, 0.00, 0.00, 0.00),
(1068, 1, 12, 33, 0.00, 0.00, 0.00),
(1069, 1, 13, 33, 0.00, 0.00, 0.00),
(1070, 1, 14, 33, 1.00, 2.00, 3.00),
(1071, 1, 15, 33, 1.00, 0.00, 1.00),
(1072, 1, 17, 33, 0.00, 0.00, 0.00),
(1073, 1, 18, 33, 0.00, 0.00, 0.00),
(1074, 1, 19, 33, 0.00, 0.00, 0.00),
(1075, 1, 20, 33, 0.00, 0.00, 0.00),
(1076, 1, 21, 33, 0.00, 0.00, 0.00),
(1077, 1, 22, 33, 0.00, 0.00, 0.00),
(1078, 1, 23, 33, 0.00, 0.00, 0.00),
(1079, 1, 25, 33, 0.00, 0.00, 0.00),
(1080, 1, 26, 33, 0.00, 0.00, 0.00),
(1081, 1, 27, 33, 0.00, 0.00, 0.00),
(1082, 1, 28, 33, 0.00, 0.00, 0.00),
(1083, 1, 30, 33, 0.00, 0.00, 0.00),
(1084, 1, 31, 33, 0.00, 0.00, 0.00),
(1085, 1, 32, 33, 0.00, 0.00, 0.00),
(1086, 1, 33, 33, 0.00, 0.00, 0.00),
(1087, 1, 34, 33, 0.00, 0.00, 0.00),
(1088, 1, 35, 33, 0.00, 0.00, 0.00),
(1089, 1, 36, 33, 0.00, 0.00, 0.00),
(1090, 1, 1, 34, 0.00, 0.00, 0.00),
(1091, 1, 2, 34, 0.00, 0.00, 0.00),
(1092, 1, 3, 34, 0.00, 0.00, 0.00),
(1093, 1, 4, 34, 0.00, 0.00, 0.00),
(1094, 1, 5, 34, 0.00, 0.00, 0.00),
(1095, 1, 6, 34, 0.00, 0.00, 0.00),
(1096, 1, 7, 34, 0.00, 0.00, 0.00),
(1097, 1, 8, 34, 0.00, 0.00, 0.00),
(1098, 1, 9, 34, 0.00, 0.00, 0.00),
(1099, 1, 10, 34, 0.00, 0.00, 0.00),
(1100, 1, 11, 34, 0.00, 0.00, 0.00),
(1101, 1, 12, 34, 0.00, 0.00, 0.00),
(1102, 1, 13, 34, 0.00, 0.00, 0.00),
(1103, 1, 14, 34, 0.00, 0.00, 0.00),
(1104, 1, 15, 34, 0.00, 0.00, 0.00),
(1105, 1, 17, 34, 0.00, 0.00, 0.00),
(1106, 1, 18, 34, 0.00, 0.00, 0.00),
(1107, 1, 19, 34, 0.00, 0.00, 0.00),
(1108, 1, 20, 34, 0.00, 0.00, 0.00),
(1109, 1, 21, 34, 0.00, 0.00, 0.00),
(1110, 1, 22, 34, 0.00, 0.00, 0.00),
(1111, 1, 23, 34, 0.00, 0.00, 0.00),
(1112, 1, 25, 34, 0.00, 0.00, 0.00),
(1113, 1, 26, 34, 0.00, 0.00, 0.00),
(1114, 1, 27, 34, 0.00, 0.00, 0.00),
(1115, 1, 28, 34, 0.00, 0.00, 0.00),
(1116, 1, 30, 34, 0.00, 0.00, 0.00),
(1117, 1, 31, 34, 0.00, 0.00, 0.00),
(1118, 1, 32, 34, 0.00, 0.00, 0.00),
(1119, 1, 33, 34, 0.00, 0.00, 0.00),
(1120, 1, 34, 34, 0.00, 0.00, 0.00),
(1121, 1, 35, 34, 0.00, 0.00, 0.00),
(1122, 1, 36, 34, 1.00, 0.00, 1.00),
(1123, 1, 1, 35, 0.00, 0.00, 0.00),
(1124, 1, 2, 35, 0.00, 0.00, 0.00),
(1125, 1, 3, 35, 0.00, 0.00, 0.00),
(1126, 1, 4, 35, 0.00, 0.00, 0.00),
(1127, 1, 5, 35, 0.00, 0.00, 0.00),
(1128, 1, 6, 35, 0.00, 0.00, 0.00),
(1129, 1, 7, 35, 0.00, 0.00, 0.00),
(1130, 1, 8, 35, 0.00, 0.00, 0.00),
(1131, 1, 9, 35, 0.00, 0.00, 0.00),
(1132, 1, 10, 35, 0.00, 0.00, 0.00),
(1133, 1, 11, 35, 0.00, 0.00, 0.00),
(1134, 1, 12, 35, 0.00, 0.00, 0.00),
(1135, 1, 13, 35, 0.00, 0.00, 0.00),
(1136, 1, 14, 35, 0.00, 0.00, 0.00),
(1137, 1, 15, 35, 0.00, 0.00, 0.00),
(1138, 1, 17, 35, 0.00, 0.00, 0.00),
(1139, 1, 18, 35, 0.00, 0.00, 0.00),
(1140, 1, 19, 35, 0.00, 0.00, 0.00),
(1141, 1, 20, 35, 0.00, 0.00, 0.00),
(1142, 1, 21, 35, 0.00, 0.00, 0.00),
(1143, 1, 22, 35, 0.00, 0.00, 0.00),
(1144, 1, 23, 35, 0.00, 0.00, 0.00),
(1145, 1, 25, 35, 0.00, 0.00, 0.00),
(1146, 1, 26, 35, 0.00, 0.00, 0.00),
(1147, 1, 27, 35, 0.00, 0.00, 0.00),
(1148, 1, 28, 35, 0.00, 0.00, 0.00),
(1149, 1, 30, 35, 0.00, 0.00, 0.00),
(1150, 1, 31, 35, 0.00, 0.00, 0.00),
(1151, 1, 32, 35, 0.00, 0.00, 0.00),
(1152, 1, 33, 35, 0.00, 0.00, 0.00),
(1153, 1, 34, 35, 0.00, 0.00, 0.00),
(1154, 1, 35, 35, 0.00, 0.00, 0.00),
(1155, 1, 36, 35, 0.00, 0.00, 0.00),
(1156, 1, 1, 36, 1.00, 2.00, 3.00),
(1157, 1, 2, 36, 0.00, 0.00, 0.00),
(1158, 1, 3, 36, 0.00, 0.00, 0.00),
(1159, 1, 4, 36, 1.00, 0.00, 1.00),
(1160, 1, 5, 36, 1.00, 2.00, 3.00),
(1161, 1, 6, 36, 1.00, 0.00, 1.00),
(1162, 1, 7, 36, 0.00, 0.00, 0.00),
(1163, 1, 8, 36, 0.00, 0.00, 0.00),
(1164, 1, 9, 36, 1.00, 0.00, 1.00),
(1165, 1, 10, 36, 0.00, 0.00, 0.00),
(1166, 1, 11, 36, 1.00, 0.00, 1.00),
(1167, 1, 12, 36, 1.00, 2.00, 3.00),
(1168, 1, 13, 36, 0.00, 0.00, 0.00),
(1169, 1, 14, 36, 1.00, 2.00, 3.00),
(1170, 1, 15, 36, 1.00, 0.00, 1.00),
(1171, 1, 17, 36, 1.00, 0.00, 1.00),
(1172, 1, 18, 36, 1.00, 2.00, 3.00),
(1173, 1, 19, 36, 0.00, 0.00, 0.00),
(1174, 1, 20, 36, 0.00, 0.00, 0.00),
(1175, 1, 21, 36, 0.00, 0.00, 0.00),
(1176, 1, 22, 36, 1.00, 2.00, 3.00),
(1177, 1, 23, 36, 1.00, 0.00, 1.00),
(1178, 1, 25, 36, 1.00, 0.00, 1.00),
(1179, 1, 26, 36, 1.00, 0.00, 1.00),
(1180, 1, 27, 36, 1.00, 2.00, 3.00),
(1181, 1, 28, 36, 1.00, 2.00, 3.00),
(1182, 1, 30, 36, 1.00, 2.00, 3.00),
(1183, 1, 31, 36, 1.00, 2.00, 3.00),
(1184, 1, 32, 36, 1.00, 0.00, 1.00),
(1185, 1, 33, 36, 1.00, 0.00, 1.00),
(1186, 1, 34, 36, 1.00, 0.00, 1.00),
(1187, 1, 35, 36, 0.00, 0.00, 0.00),
(1188, 1, 36, 36, 0.00, 0.00, 0.00),
(1189, 1, 1, 38, 1.00, 0.00, 1.00),
(1190, 1, 2, 38, 1.00, 0.00, 1.00),
(1191, 1, 3, 38, 1.00, 0.00, 1.00),
(1192, 1, 4, 38, 1.00, 2.00, 3.00),
(1193, 1, 5, 38, 1.00, 2.00, 3.00),
(1194, 1, 6, 38, 0.00, 0.00, 0.00),
(1195, 1, 7, 38, 1.00, 0.00, 1.00),
(1196, 1, 8, 38, 1.00, 2.00, 3.00),
(1197, 1, 9, 38, 1.00, 2.00, 3.00),
(1198, 1, 10, 38, 1.00, 2.00, 3.00),
(1199, 1, 11, 38, 1.00, 0.00, 1.00),
(1200, 1, 12, 38, 1.00, 0.00, 1.00),
(1201, 1, 13, 38, 1.00, 0.00, 1.00),
(1202, 1, 14, 38, 1.00, 0.00, 1.00),
(1203, 1, 15, 38, 1.00, 0.00, 1.00),
(1204, 1, 17, 38, 1.00, 0.00, 1.00),
(1205, 1, 18, 38, 0.00, 0.00, 0.00),
(1206, 1, 19, 38, 1.00, 0.00, 1.00),
(1207, 1, 20, 38, 1.00, 0.00, 1.00),
(1208, 1, 21, 38, 1.00, 0.00, 1.00),
(1209, 1, 22, 38, 1.00, 0.00, 1.00),
(1210, 1, 23, 38, 0.00, 0.00, 0.00),
(1211, 1, 25, 38, 1.00, 0.00, 1.00),
(1212, 1, 26, 38, 1.00, 2.00, 3.00),
(1213, 1, 27, 38, 1.00, 0.00, 1.00),
(1214, 1, 28, 38, 1.00, 0.00, 1.00),
(1215, 1, 30, 38, 1.00, 0.00, 1.00),
(1216, 1, 31, 38, 1.00, 0.00, 1.00),
(1217, 1, 32, 38, 0.00, 0.00, 0.00),
(1218, 1, 33, 38, 1.00, 0.00, 1.00),
(1219, 1, 34, 38, 1.00, 0.00, 1.00),
(1220, 1, 35, 38, 0.00, 0.00, 0.00),
(1221, 1, 36, 38, 1.00, 0.00, 1.00),
(1222, 1, 1, 37, 1.00, 0.00, 1.00),
(1223, 1, 2, 37, 0.00, 0.00, 0.00),
(1224, 1, 3, 37, 1.00, 2.00, 3.00),
(1225, 1, 4, 37, 0.00, 0.00, 0.00),
(1226, 1, 5, 37, 0.00, 0.00, 0.00),
(1227, 1, 6, 37, 0.00, 0.00, 0.00),
(1228, 1, 7, 37, 0.00, 0.00, 0.00),
(1229, 1, 8, 37, 0.00, 0.00, 0.00),
(1230, 1, 9, 37, 0.00, 0.00, 0.00),
(1231, 1, 10, 37, 1.00, 2.00, 3.00),
(1232, 1, 11, 37, 0.00, 0.00, 0.00),
(1233, 1, 12, 37, 0.00, 0.00, 0.00),
(1234, 1, 13, 37, 0.00, 0.00, 0.00),
(1235, 1, 14, 37, 1.00, 2.00, 3.00),
(1236, 1, 15, 37, 0.00, 0.00, 0.00),
(1237, 1, 17, 37, 0.00, 0.00, 0.00),
(1238, 1, 18, 37, 0.00, 0.00, 0.00),
(1239, 1, 19, 37, 1.00, 2.00, 3.00),
(1240, 1, 20, 37, 1.00, 2.00, 3.00),
(1241, 1, 21, 37, 1.00, 2.00, 3.00),
(1242, 1, 22, 37, 0.00, 0.00, 0.00),
(1243, 1, 23, 37, 0.00, 0.00, 0.00),
(1244, 1, 25, 37, 0.00, 0.00, 0.00),
(1245, 1, 26, 37, 1.00, 2.00, 3.00),
(1246, 1, 27, 37, 0.00, 0.00, 0.00),
(1247, 1, 28, 37, 0.00, 0.00, 0.00),
(1248, 1, 30, 37, 1.00, 0.00, 1.00),
(1249, 1, 31, 37, 1.00, 2.00, 3.00),
(1250, 1, 32, 37, 0.00, 0.00, 0.00),
(1251, 1, 33, 37, 0.00, 0.00, 0.00),
(1252, 1, 34, 37, 0.00, 0.00, 0.00),
(1253, 1, 35, 37, 0.00, 0.00, 0.00),
(1254, 1, 36, 37, 0.00, 0.00, 0.00),
(1255, 1, 1, 39, 0.00, 0.00, 0.00),
(1256, 1, 2, 39, 0.00, 0.00, 0.00),
(1257, 1, 3, 39, 0.00, 0.00, 0.00),
(1258, 1, 4, 39, 0.00, 0.00, 0.00),
(1259, 1, 5, 39, 0.00, 0.00, 0.00),
(1260, 1, 6, 39, 0.00, 0.00, 0.00),
(1261, 1, 7, 39, 1.00, 0.00, 1.00),
(1262, 1, 8, 39, 1.00, 0.00, 1.00),
(1263, 1, 9, 39, 0.00, 0.00, 0.00),
(1264, 1, 10, 39, 1.00, 0.00, 1.00),
(1265, 1, 11, 39, 0.00, 0.00, 0.00),
(1266, 1, 12, 39, 0.00, 0.00, 0.00),
(1267, 1, 13, 39, 0.00, 0.00, 0.00),
(1268, 1, 14, 39, 1.00, 2.00, 3.00),
(1269, 1, 15, 39, 0.00, 0.00, 0.00),
(1270, 1, 17, 39, 0.00, 0.00, 0.00),
(1271, 1, 18, 39, 0.00, 0.00, 0.00),
(1272, 1, 19, 39, 0.00, 0.00, 0.00),
(1273, 1, 20, 39, 0.00, 0.00, 0.00),
(1274, 1, 21, 39, 0.00, 0.00, 0.00),
(1275, 1, 22, 39, 0.00, 0.00, 0.00),
(1276, 1, 23, 39, 0.00, 0.00, 0.00),
(1277, 1, 25, 39, 0.00, 0.00, 0.00),
(1278, 1, 26, 39, 0.00, 0.00, 0.00),
(1279, 1, 27, 39, 0.00, 0.00, 0.00),
(1280, 1, 28, 39, 1.00, 0.00, 1.00),
(1281, 1, 30, 39, 1.00, 0.00, 1.00),
(1282, 1, 31, 39, 0.00, 0.00, 0.00),
(1283, 1, 32, 39, 0.00, 0.00, 0.00),
(1284, 1, 33, 39, 0.00, 0.00, 0.00),
(1285, 1, 34, 39, 0.00, 0.00, 0.00),
(1286, 1, 35, 39, 1.00, 2.00, 3.00),
(1287, 1, 36, 39, 0.00, 0.00, 0.00),
(1288, 1, 1, 40, 1.00, 2.00, 3.00),
(1289, 1, 2, 40, 1.00, 0.00, 1.00),
(1290, 1, 3, 40, 1.00, 0.00, 1.00),
(1291, 1, 4, 40, 1.00, 0.00, 1.00),
(1292, 1, 5, 40, 1.00, 0.00, 1.00),
(1293, 1, 6, 40, 1.00, 0.00, 1.00),
(1294, 1, 7, 40, 1.00, 0.00, 1.00),
(1295, 1, 8, 40, 1.00, 0.00, 1.00),
(1296, 1, 9, 40, 1.00, 2.00, 3.00),
(1297, 1, 10, 40, 1.00, 0.00, 1.00),
(1298, 1, 11, 40, 1.00, 2.00, 3.00),
(1299, 1, 12, 40, 1.00, 0.00, 1.00),
(1300, 1, 13, 40, 0.00, 0.00, 0.00),
(1301, 1, 14, 40, 1.00, 0.00, 1.00),
(1302, 1, 15, 40, 1.00, 0.00, 1.00),
(1303, 1, 17, 40, 1.00, 0.00, 1.00),
(1304, 1, 18, 40, 1.00, 0.00, 1.00),
(1305, 1, 19, 40, 1.00, 0.00, 1.00),
(1306, 1, 20, 40, 1.00, 0.00, 1.00),
(1307, 1, 21, 40, 0.00, 0.00, 0.00),
(1308, 1, 22, 40, 1.00, 0.00, 1.00),
(1309, 1, 23, 40, 1.00, 2.00, 3.00),
(1310, 1, 25, 40, 1.00, 2.00, 3.00),
(1311, 1, 26, 40, 1.00, 0.00, 1.00),
(1312, 1, 27, 40, 1.00, 0.00, 1.00),
(1313, 1, 28, 40, 1.00, 0.00, 1.00),
(1314, 1, 30, 40, 1.00, 0.00, 1.00),
(1315, 1, 31, 40, 0.00, 0.00, 0.00),
(1316, 1, 32, 40, 0.00, 0.00, 0.00),
(1317, 1, 33, 40, 1.00, 0.00, 1.00),
(1318, 1, 34, 40, 1.00, 0.00, 1.00),
(1319, 1, 35, 40, 1.00, 2.00, 3.00),
(1320, 1, 36, 40, 1.00, 0.00, 1.00),
(1321, 1, 1, 41, 1.00, 0.00, 1.00),
(1322, 1, 2, 41, 1.00, 0.00, 1.00),
(1323, 1, 3, 41, 1.00, 0.00, 1.00),
(1324, 1, 4, 41, 1.00, 2.00, 3.00),
(1325, 1, 5, 41, 1.00, 0.00, 1.00),
(1326, 1, 6, 41, 1.00, 2.00, 3.00),
(1327, 1, 7, 41, 1.00, 2.00, 3.00),
(1328, 1, 8, 41, 1.00, 0.00, 1.00),
(1329, 1, 9, 41, 1.00, 0.00, 1.00),
(1330, 1, 10, 41, 1.00, 0.00, 1.00),
(1331, 1, 11, 41, 1.00, 0.00, 1.00),
(1332, 1, 12, 41, 1.00, 0.00, 1.00),
(1333, 1, 13, 41, 1.00, 0.00, 1.00),
(1334, 1, 14, 41, 1.00, 2.00, 3.00),
(1335, 1, 15, 41, 1.00, 0.00, 1.00),
(1336, 1, 17, 41, 1.00, 0.00, 1.00),
(1337, 1, 18, 41, 1.00, 0.00, 1.00),
(1338, 1, 19, 41, 1.00, 0.00, 1.00),
(1339, 1, 20, 41, 1.00, 0.00, 1.00),
(1340, 1, 21, 41, 1.00, 0.00, 1.00),
(1341, 1, 22, 41, 1.00, 0.00, 1.00),
(1342, 1, 23, 41, 1.00, 0.00, 1.00),
(1343, 1, 25, 41, 1.00, 0.00, 1.00),
(1344, 1, 26, 41, 1.00, 0.00, 1.00),
(1345, 1, 27, 41, 1.00, 0.00, 1.00),
(1346, 1, 28, 41, 1.00, 0.00, 1.00),
(1347, 1, 30, 41, 1.00, 0.00, 1.00),
(1348, 1, 31, 41, 1.00, 0.00, 1.00),
(1349, 1, 32, 41, 0.00, 0.00, 0.00),
(1350, 1, 33, 41, 1.00, 0.00, 1.00),
(1351, 1, 34, 41, 1.00, 2.00, 3.00),
(1352, 1, 35, 41, 1.00, 0.00, 1.00),
(1353, 1, 36, 41, 1.00, 0.00, 1.00),
(1354, 1, 1, 42, 1.00, 0.00, 1.00),
(1355, 1, 2, 42, 0.00, 0.00, 0.00),
(1356, 1, 3, 42, 1.00, 0.00, 1.00),
(1357, 1, 4, 42, 1.00, 0.00, 1.00),
(1358, 1, 5, 42, 1.00, 0.00, 1.00),
(1359, 1, 6, 42, 1.00, 0.00, 1.00),
(1360, 1, 7, 42, 1.00, 0.00, 1.00),
(1361, 1, 8, 42, 1.00, 0.00, 1.00),
(1362, 1, 9, 42, 1.00, 0.00, 1.00),
(1363, 1, 10, 42, 0.00, 0.00, 0.00),
(1364, 1, 11, 42, 0.00, 0.00, 0.00),
(1365, 1, 12, 42, 1.00, 0.00, 1.00),
(1366, 1, 13, 42, 1.00, 0.00, 1.00),
(1367, 1, 14, 42, 1.00, 0.00, 1.00),
(1368, 1, 15, 42, 1.00, 0.00, 1.00),
(1369, 1, 17, 42, 1.00, 0.00, 1.00),
(1370, 1, 18, 42, 1.00, 0.00, 1.00),
(1371, 1, 19, 42, 1.00, 0.00, 1.00),
(1372, 1, 20, 42, 1.00, 0.00, 1.00),
(1373, 1, 21, 42, 0.00, 0.00, 0.00),
(1374, 1, 22, 42, 1.00, 0.00, 1.00),
(1375, 1, 23, 42, 1.00, 0.00, 1.00),
(1376, 1, 25, 42, 1.00, 0.00, 1.00),
(1377, 1, 26, 42, 1.00, 0.00, 1.00),
(1378, 1, 27, 42, 0.00, 0.00, 0.00),
(1379, 1, 28, 42, 1.00, 0.00, 1.00),
(1380, 1, 30, 42, 0.00, 0.00, 0.00),
(1381, 1, 31, 42, 0.00, 0.00, 0.00),
(1382, 1, 32, 42, 0.00, 0.00, 0.00),
(1383, 1, 33, 42, 1.00, 0.00, 1.00),
(1384, 1, 34, 42, 1.00, 0.00, 1.00),
(1385, 1, 35, 42, 1.00, 0.00, 1.00),
(1386, 1, 36, 42, 1.00, 0.00, 1.00),
(1387, 1, 1, 43, 0.00, 0.00, 0.00),
(1388, 1, 2, 43, 0.00, 0.00, 0.00),
(1389, 1, 3, 43, 0.00, 0.00, 0.00),
(1390, 1, 4, 43, 1.00, 0.00, 1.00),
(1391, 1, 5, 43, 0.00, 0.00, 0.00),
(1392, 1, 6, 43, 1.00, 2.00, 3.00),
(1393, 1, 7, 43, 0.00, 0.00, 0.00),
(1394, 1, 8, 43, 0.00, 0.00, 0.00),
(1395, 1, 9, 43, 1.00, 0.00, 1.00),
(1396, 1, 10, 43, 0.00, 0.00, 0.00),
(1397, 1, 11, 43, 0.00, 0.00, 0.00),
(1398, 1, 12, 43, 0.00, 0.00, 0.00),
(1399, 1, 13, 43, 0.00, 0.00, 0.00),
(1400, 1, 14, 43, 0.00, 0.00, 0.00),
(1401, 1, 15, 43, 1.00, 0.00, 1.00),
(1402, 1, 17, 43, 1.00, 0.00, 1.00),
(1403, 1, 18, 43, 0.00, 0.00, 0.00),
(1404, 1, 19, 43, 0.00, 0.00, 0.00),
(1405, 1, 20, 43, 0.00, 0.00, 0.00),
(1406, 1, 21, 43, 0.00, 0.00, 0.00),
(1407, 1, 22, 43, 0.00, 0.00, 0.00),
(1408, 1, 23, 43, 0.00, 0.00, 0.00),
(1409, 1, 25, 43, 0.00, 0.00, 0.00),
(1410, 1, 26, 43, 0.00, 0.00, 0.00),
(1411, 1, 27, 43, 1.00, 2.00, 3.00),
(1412, 1, 28, 43, 1.00, 0.00, 1.00),
(1413, 1, 30, 43, 0.00, 0.00, 0.00),
(1414, 1, 31, 43, 1.00, 0.00, 1.00),
(1415, 1, 32, 43, 0.00, 0.00, 0.00),
(1416, 1, 33, 43, 0.00, 0.00, 0.00),
(1417, 1, 34, 43, 0.00, 0.00, 0.00),
(1418, 1, 35, 43, 1.00, 2.00, 3.00),
(1419, 1, 36, 43, 0.00, 0.00, 0.00),
(1420, 1, 1, 44, 0.00, 0.00, 0.00),
(1421, 1, 2, 44, 0.00, 0.00, 0.00),
(1422, 1, 3, 44, 0.00, 0.00, 0.00),
(1423, 1, 4, 44, 0.00, 0.00, 0.00),
(1424, 1, 5, 44, 0.00, 0.00, 0.00),
(1425, 1, 6, 44, 0.00, 0.00, 0.00),
(1426, 1, 7, 44, 0.00, 0.00, 0.00),
(1427, 1, 8, 44, 0.00, 0.00, 0.00),
(1428, 1, 9, 44, 0.00, 0.00, 0.00),
(1429, 1, 10, 44, 0.00, 0.00, 0.00),
(1430, 1, 11, 44, 0.00, 0.00, 0.00),
(1431, 1, 12, 44, 0.00, 0.00, 0.00),
(1432, 1, 13, 44, 0.00, 0.00, 0.00),
(1433, 1, 14, 44, 0.00, 0.00, 0.00),
(1434, 1, 15, 44, 0.00, 0.00, 0.00),
(1435, 1, 17, 44, 0.00, 0.00, 0.00),
(1436, 1, 18, 44, 0.00, 0.00, 0.00),
(1437, 1, 19, 44, 0.00, 0.00, 0.00),
(1438, 1, 20, 44, 0.00, 0.00, 0.00),
(1439, 1, 21, 44, 0.00, 0.00, 0.00),
(1440, 1, 22, 44, 0.00, 0.00, 0.00),
(1441, 1, 23, 44, 0.00, 0.00, 0.00),
(1442, 1, 25, 44, 0.00, 0.00, 0.00),
(1443, 1, 26, 44, 0.00, 0.00, 0.00),
(1444, 1, 27, 44, 1.00, 2.00, 3.00),
(1445, 1, 28, 44, 0.00, 0.00, 0.00),
(1446, 1, 30, 44, 0.00, 0.00, 0.00),
(1447, 1, 31, 44, 0.00, 0.00, 0.00),
(1448, 1, 32, 44, 0.00, 0.00, 0.00),
(1449, 1, 33, 44, 0.00, 0.00, 0.00),
(1450, 1, 34, 44, 0.00, 0.00, 0.00),
(1451, 1, 35, 44, 0.00, 0.00, 0.00),
(1452, 1, 36, 44, 0.00, 0.00, 0.00),
(1453, 1, 1, 45, 0.00, 0.00, 0.00),
(1454, 1, 2, 45, 1.00, 2.00, 3.00),
(1455, 1, 3, 45, 1.00, 2.00, 3.00),
(1456, 1, 4, 45, 0.00, 0.00, 0.00),
(1457, 1, 5, 45, 0.00, 0.00, 0.00),
(1458, 1, 6, 45, 0.00, 0.00, 0.00),
(1459, 1, 7, 45, 0.00, 0.00, 0.00),
(1460, 1, 8, 45, 0.00, 0.00, 0.00),
(1461, 1, 9, 45, 1.00, 2.00, 3.00),
(1462, 1, 10, 45, 0.00, 0.00, 0.00),
(1463, 1, 11, 45, 1.00, 2.00, 3.00),
(1464, 1, 12, 45, 0.00, 0.00, 0.00),
(1465, 1, 13, 45, 1.00, 0.00, 1.00),
(1466, 1, 14, 45, 0.00, 0.00, 0.00),
(1467, 1, 15, 45, 0.00, 0.00, 0.00),
(1468, 1, 17, 45, 1.00, 2.00, 3.00),
(1469, 1, 18, 45, 0.00, 0.00, 0.00),
(1470, 1, 19, 45, 1.00, 2.00, 3.00),
(1471, 1, 20, 45, 0.00, 0.00, 0.00),
(1472, 1, 21, 45, 0.00, 0.00, 0.00),
(1473, 1, 22, 45, 0.00, 0.00, 0.00),
(1474, 1, 23, 45, 0.00, 0.00, 0.00),
(1475, 1, 25, 45, 0.00, 0.00, 0.00),
(1476, 1, 26, 45, 1.00, 2.00, 3.00);
INSERT INTO `Points` (`PointsID`, `ScoringSystemID`, `UserID`, `MatchID`, `ResultPoints`, `ScorePoints`, `TotalPoints`) VALUES
(1477, 1, 27, 45, 0.00, 0.00, 0.00),
(1478, 1, 28, 45, 0.00, 0.00, 0.00),
(1479, 1, 30, 45, 0.00, 0.00, 0.00),
(1480, 1, 31, 45, 1.00, 0.00, 1.00),
(1481, 1, 32, 45, 0.00, 0.00, 0.00),
(1482, 1, 33, 45, 0.00, 0.00, 0.00),
(1483, 1, 34, 45, 0.00, 0.00, 0.00),
(1484, 1, 35, 45, 0.00, 0.00, 0.00),
(1485, 1, 36, 45, 0.00, 0.00, 0.00),
(1486, 1, 1, 46, 0.00, 0.00, 0.00),
(1487, 1, 2, 46, 0.00, 0.00, 0.00),
(1488, 1, 3, 46, 0.00, 0.00, 0.00),
(1489, 1, 4, 46, 0.00, 0.00, 0.00),
(1490, 1, 5, 46, 0.00, 0.00, 0.00),
(1491, 1, 6, 46, 0.00, 0.00, 0.00),
(1492, 1, 7, 46, 0.00, 0.00, 0.00),
(1493, 1, 8, 46, 0.00, 0.00, 0.00),
(1494, 1, 9, 46, 0.00, 0.00, 0.00),
(1495, 1, 10, 46, 0.00, 0.00, 0.00),
(1496, 1, 11, 46, 0.00, 0.00, 0.00),
(1497, 1, 12, 46, 0.00, 0.00, 0.00),
(1498, 1, 13, 46, 0.00, 0.00, 0.00),
(1499, 1, 14, 46, 0.00, 0.00, 0.00),
(1500, 1, 15, 46, 0.00, 0.00, 0.00),
(1501, 1, 17, 46, 0.00, 0.00, 0.00),
(1502, 1, 18, 46, 1.00, 0.00, 1.00),
(1503, 1, 19, 46, 0.00, 0.00, 0.00),
(1504, 1, 20, 46, 0.00, 0.00, 0.00),
(1505, 1, 21, 46, 0.00, 0.00, 0.00),
(1506, 1, 22, 46, 0.00, 0.00, 0.00),
(1507, 1, 23, 46, 0.00, 0.00, 0.00),
(1508, 1, 25, 46, 0.00, 0.00, 0.00),
(1509, 1, 26, 46, 0.00, 0.00, 0.00),
(1510, 1, 27, 46, 1.00, 0.00, 1.00),
(1511, 1, 28, 46, 0.00, 0.00, 0.00),
(1512, 1, 30, 46, 0.00, 0.00, 0.00),
(1513, 1, 31, 46, 0.00, 0.00, 0.00),
(1514, 1, 32, 46, 0.00, 0.00, 0.00),
(1515, 1, 33, 46, 0.00, 0.00, 0.00),
(1516, 1, 34, 46, 1.00, 0.00, 1.00),
(1517, 1, 35, 46, 0.00, 0.00, 0.00),
(1518, 1, 36, 46, 0.00, 0.00, 0.00),
(1519, 1, 1, 47, 1.00, 2.00, 3.00),
(1520, 1, 2, 47, 1.00, 2.00, 3.00),
(1521, 1, 3, 47, 1.00, 2.00, 3.00),
(1522, 1, 4, 47, 0.00, 0.00, 0.00),
(1523, 1, 5, 47, 0.00, 0.00, 0.00),
(1524, 1, 6, 47, 0.00, 0.00, 0.00),
(1525, 1, 7, 47, 0.00, 0.00, 0.00),
(1526, 1, 8, 47, 0.00, 0.00, 0.00),
(1527, 1, 9, 47, 0.00, 0.00, 0.00),
(1528, 1, 10, 47, 0.00, 0.00, 0.00),
(1529, 1, 11, 47, 0.00, 0.00, 0.00),
(1530, 1, 12, 47, 0.00, 0.00, 0.00),
(1531, 1, 13, 47, 0.00, 0.00, 0.00),
(1532, 1, 14, 47, 0.00, 0.00, 0.00),
(1533, 1, 15, 47, 0.00, 0.00, 0.00),
(1534, 1, 17, 47, 1.00, 2.00, 3.00),
(1535, 1, 18, 47, 0.00, 0.00, 0.00),
(1536, 1, 19, 47, 1.00, 2.00, 3.00),
(1537, 1, 20, 47, 1.00, 2.00, 3.00),
(1538, 1, 21, 47, 1.00, 2.00, 3.00),
(1539, 1, 22, 47, 0.00, 0.00, 0.00),
(1540, 1, 23, 47, 1.00, 0.00, 1.00),
(1541, 1, 25, 47, 0.00, 0.00, 0.00),
(1542, 1, 26, 47, 0.00, 0.00, 0.00),
(1543, 1, 27, 47, 0.00, 0.00, 0.00),
(1544, 1, 28, 47, 1.00, 2.00, 3.00),
(1545, 1, 30, 47, 0.00, 0.00, 0.00),
(1546, 1, 31, 47, 1.00, 2.00, 3.00),
(1547, 1, 32, 47, 0.00, 0.00, 0.00),
(1548, 1, 33, 47, 0.00, 0.00, 0.00),
(1549, 1, 34, 47, 0.00, 0.00, 0.00),
(1550, 1, 35, 47, 0.00, 0.00, 0.00),
(1551, 1, 36, 47, 0.00, 0.00, 0.00),
(1552, 1, 1, 48, 1.00, 0.00, 1.00),
(1553, 1, 2, 48, 1.00, 0.00, 1.00),
(1554, 1, 3, 48, 1.00, 0.00, 1.00),
(1555, 1, 4, 48, 1.00, 0.00, 1.00),
(1556, 1, 5, 48, 1.00, 0.00, 1.00),
(1557, 1, 6, 48, 1.00, 0.00, 1.00),
(1558, 1, 7, 48, 1.00, 0.00, 1.00),
(1559, 1, 8, 48, 1.00, 0.00, 1.00),
(1560, 1, 9, 48, 1.00, 0.00, 1.00),
(1561, 1, 10, 48, 1.00, 0.00, 1.00),
(1562, 1, 11, 48, 1.00, 0.00, 1.00),
(1563, 1, 12, 48, 1.00, 0.00, 1.00),
(1564, 1, 13, 48, 1.00, 0.00, 1.00),
(1565, 1, 14, 48, 1.00, 0.00, 1.00),
(1566, 1, 15, 48, 1.00, 0.00, 1.00),
(1567, 1, 17, 48, 1.00, 0.00, 1.00),
(1568, 1, 18, 48, 1.00, 0.00, 1.00),
(1569, 1, 19, 48, 1.00, 0.00, 1.00),
(1570, 1, 20, 48, 1.00, 0.00, 1.00),
(1571, 1, 21, 48, 1.00, 0.00, 1.00),
(1572, 1, 22, 48, 0.00, 0.00, 0.00),
(1573, 1, 23, 48, 1.00, 0.00, 1.00),
(1574, 1, 25, 48, 1.00, 0.00, 1.00),
(1575, 1, 26, 48, 0.00, 0.00, 0.00),
(1576, 1, 27, 48, 1.00, 0.00, 1.00),
(1577, 1, 28, 48, 1.00, 0.00, 1.00),
(1578, 1, 30, 48, 1.00, 0.00, 1.00),
(1579, 1, 31, 48, 1.00, 0.00, 1.00),
(1580, 1, 32, 48, 0.00, 0.00, 0.00),
(1581, 1, 33, 48, 1.00, 0.00, 1.00),
(1582, 1, 34, 48, 1.00, 0.00, 1.00),
(1583, 1, 35, 48, 1.00, 0.00, 1.00),
(1584, 1, 36, 48, 1.00, 0.00, 1.00),
(1585, 1, 1, 49, 1.00, 0.00, 1.00),
(1586, 1, 2, 49, 0.00, 0.00, 0.00),
(1587, 1, 3, 49, 0.00, 0.00, 0.00),
(1588, 1, 4, 49, 1.00, 2.00, 3.00),
(1589, 1, 5, 49, 1.00, 0.00, 1.00),
(1590, 1, 6, 49, 0.00, 0.00, 0.00),
(1591, 1, 7, 49, 1.00, 0.00, 1.00),
(1592, 1, 8, 49, 0.00, 0.00, 0.00),
(1593, 1, 9, 49, 1.00, 0.00, 1.00),
(1594, 1, 10, 49, 0.00, 0.00, 0.00),
(1595, 1, 11, 49, 0.00, 0.00, 0.00),
(1596, 1, 12, 49, 0.00, 0.00, 0.00),
(1597, 1, 13, 49, 0.00, 0.00, 0.00),
(1598, 1, 14, 49, 0.00, 0.00, 0.00),
(1599, 1, 15, 49, 1.00, 0.00, 1.00),
(1600, 1, 17, 49, 0.00, 0.00, 0.00),
(1601, 1, 18, 49, 1.00, 0.00, 1.00),
(1602, 1, 19, 49, 0.00, 0.00, 0.00),
(1603, 1, 20, 49, 0.00, 0.00, 0.00),
(1604, 1, 21, 49, 0.00, 0.00, 0.00),
(1605, 1, 22, 49, 0.00, 0.00, 0.00),
(1606, 1, 23, 49, 0.00, 0.00, 0.00),
(1607, 1, 25, 49, 0.00, 0.00, 0.00),
(1608, 1, 26, 49, 0.00, 0.00, 0.00),
(1609, 1, 27, 49, 0.00, 0.00, 0.00),
(1610, 1, 28, 49, 0.00, 0.00, 0.00),
(1611, 1, 30, 49, 0.00, 0.00, 0.00),
(1612, 1, 31, 49, 0.00, 0.00, 0.00),
(1613, 1, 32, 49, 0.00, 0.00, 0.00),
(1614, 1, 33, 49, 0.00, 0.00, 0.00),
(1615, 1, 34, 49, 0.00, 0.00, 0.00),
(1616, 1, 35, 49, 0.00, 0.00, 0.00),
(1617, 1, 36, 49, 0.00, 0.00, 0.00),
(1618, 1, 1, 50, 0.00, 0.00, 0.00),
(1619, 1, 2, 50, 0.00, 0.00, 0.00),
(1620, 1, 3, 50, 0.00, 0.00, 0.00),
(1621, 1, 4, 50, 0.00, 0.00, 0.00),
(1622, 1, 5, 50, 0.00, 0.00, 0.00),
(1623, 1, 6, 50, 0.00, 0.00, 0.00),
(1624, 1, 7, 50, 0.00, 0.00, 0.00),
(1625, 1, 8, 50, 0.00, 0.00, 0.00),
(1626, 1, 9, 50, 0.00, 0.00, 0.00),
(1627, 1, 10, 50, 0.00, 0.00, 0.00),
(1628, 1, 11, 50, 0.00, 0.00, 0.00),
(1629, 1, 12, 50, 0.00, 0.00, 0.00),
(1630, 1, 13, 50, 0.00, 0.00, 0.00),
(1631, 1, 14, 50, 1.00, 0.00, 1.00),
(1632, 1, 15, 50, 0.00, 0.00, 0.00),
(1633, 1, 17, 50, 0.00, 0.00, 0.00),
(1634, 1, 18, 50, 0.00, 0.00, 0.00),
(1635, 1, 19, 50, 0.00, 0.00, 0.00),
(1636, 1, 20, 50, 0.00, 0.00, 0.00),
(1637, 1, 21, 50, 0.00, 0.00, 0.00),
(1638, 1, 22, 50, 0.00, 0.00, 0.00),
(1639, 1, 23, 50, 0.00, 0.00, 0.00),
(1640, 1, 25, 50, 0.00, 0.00, 0.00),
(1641, 1, 26, 50, 0.00, 0.00, 0.00),
(1642, 1, 27, 50, 0.00, 0.00, 0.00),
(1643, 1, 28, 50, 1.00, 0.00, 1.00),
(1644, 1, 30, 50, 1.00, 0.00, 1.00),
(1645, 1, 31, 50, 0.00, 0.00, 0.00),
(1646, 1, 32, 50, 0.00, 0.00, 0.00),
(1647, 1, 33, 50, 0.00, 0.00, 0.00),
(1648, 1, 34, 50, 0.00, 0.00, 0.00),
(1649, 1, 35, 50, 0.00, 0.00, 0.00),
(1650, 1, 36, 50, 0.00, 0.00, 0.00),
(1651, 1, 1, 51, 0.00, 0.00, 0.00),
(1652, 1, 2, 51, 0.00, 0.00, 0.00),
(1653, 1, 3, 51, 0.00, 0.00, 0.00),
(1654, 1, 4, 51, 1.00, 2.00, 3.00),
(1655, 1, 5, 51, 0.00, 0.00, 0.00),
(1656, 1, 6, 51, 0.00, 0.00, 0.00),
(1657, 1, 7, 51, 0.00, 0.00, 0.00),
(1658, 1, 8, 51, 0.00, 0.00, 0.00),
(1659, 1, 9, 51, 0.00, 0.00, 0.00),
(1660, 1, 10, 51, 0.00, 0.00, 0.00),
(1661, 1, 11, 51, 1.00, 0.00, 1.00),
(1662, 1, 12, 51, 0.00, 0.00, 0.00),
(1663, 1, 13, 51, 0.00, 0.00, 0.00),
(1664, 1, 14, 51, 0.00, 0.00, 0.00),
(1665, 1, 15, 51, 0.00, 0.00, 0.00),
(1666, 1, 17, 51, 0.00, 0.00, 0.00),
(1667, 1, 18, 51, 0.00, 0.00, 0.00),
(1668, 1, 19, 51, 0.00, 0.00, 0.00),
(1669, 1, 20, 51, 0.00, 0.00, 0.00),
(1670, 1, 21, 51, 0.00, 0.00, 0.00),
(1671, 1, 22, 51, 0.00, 0.00, 0.00),
(1672, 1, 23, 51, 0.00, 0.00, 0.00),
(1673, 1, 25, 51, 0.00, 0.00, 0.00),
(1674, 1, 26, 51, 0.00, 0.00, 0.00),
(1675, 1, 27, 51, 1.00, 0.00, 1.00),
(1676, 1, 28, 51, 0.00, 0.00, 0.00),
(1677, 1, 30, 51, 0.00, 0.00, 0.00),
(1678, 1, 31, 51, 0.00, 0.00, 0.00),
(1679, 1, 32, 51, 0.00, 0.00, 0.00),
(1680, 1, 33, 51, 1.00, 2.00, 3.00),
(1681, 1, 34, 51, 0.00, 0.00, 0.00),
(1682, 1, 35, 51, 0.00, 0.00, 0.00),
(1683, 1, 36, 51, 0.00, 0.00, 0.00);

-- --------------------------------------------------------

--
-- Table structure for table `Prediction`
--

DROP TABLE IF EXISTS `Prediction`;
CREATE TABLE IF NOT EXISTS `Prediction` (
`PredictionID` int(11) NOT NULL,
  `UserID` int(11) NOT NULL,
  `MatchID` int(11) NOT NULL,
  `HomeTeamPoints` int(11) DEFAULT NULL,
  `AwayTeamPoints` int(11) DEFAULT NULL,
  `DateAdded` datetime NOT NULL
) ENGINE=InnoDB AUTO_INCREMENT=1643 DEFAULT CHARSET=latin1;

--
-- Dumping data for table `Prediction`
--

INSERT INTO `Prediction` (`PredictionID`, `UserID`, `MatchID`, `HomeTeamPoints`, `AwayTeamPoints`, `DateAdded`) VALUES
(1, 25, 1, 2, 1, '2016-06-06 15:08:59'),
(2, 25, 2, 0, 1, '2016-06-06 15:09:13'),
(3, 25, 3, 1, 1, '2016-06-06 15:09:30'),
(4, 25, 5, 1, 2, '2016-06-06 15:09:55'),
(5, 25, 6, 2, 0, '2016-06-06 15:10:05'),
(6, 25, 7, 3, 0, '2016-06-06 15:10:16'),
(7, 25, 8, 1, 0, '2016-06-06 15:10:36'),
(8, 25, 9, 1, 1, '2016-06-06 15:10:56'),
(9, 25, 10, 0, 2, '2016-06-06 15:11:11'),
(10, 25, 12, 3, 0, '2016-06-06 15:11:36'),
(11, 25, 13, 1, 1, '2016-06-06 15:11:47'),
(12, 25, 14, 1, 2, '2016-06-06 15:11:59'),
(13, 25, 15, 4, 1, '2016-06-06 15:12:14'),
(14, 25, 16, 3, 0, '2016-06-06 15:12:30'),
(15, 25, 17, 2, 1, '2016-06-06 15:12:41'),
(16, 25, 18, 2, 1, '2016-06-06 15:12:53'),
(17, 25, 19, 2, 0, '2016-06-06 15:13:03'),
(18, 25, 20, 1, 0, '2016-06-06 15:13:27'),
(19, 25, 22, 1, 0, '2016-06-06 15:13:55'),
(20, 25, 23, 1, 1, '2016-06-06 15:14:17'),
(21, 25, 24, 1, 0, '2016-06-06 15:14:32'),
(22, 25, 25, 2, 1, '2016-06-06 15:14:46'),
(23, 25, 26, 1, 2, '2016-06-06 15:14:58'),
(24, 25, 27, 0, 2, '2016-06-06 15:15:13'),
(25, 25, 28, 1, 1, '2016-06-06 15:15:24'),
(26, 25, 29, 0, 5, '2016-06-06 15:15:53'),
(27, 25, 30, 0, 1, '2016-06-06 15:16:12'),
(28, 25, 31, 1, 1, '2016-06-06 15:16:26'),
(29, 25, 32, 1, 2, '2016-06-06 15:16:49'),
(30, 25, 33, 0, 0, '2016-06-06 15:17:06'),
(31, 25, 34, 0, 2, '2016-06-06 15:17:19'),
(32, 25, 35, 1, 0, '2016-06-06 15:17:36'),
(33, 25, 36, 0, 2, '2016-06-06 15:17:57'),
(34, 25, 4, 2, 0, '2016-06-06 15:18:43'),
(35, 25, 11, 1, 0, '2016-06-06 15:19:15'),
(36, 1, 1, 2, 0, '2016-06-06 15:19:16'),
(37, 25, 21, 2, 0, '2016-06-06 15:19:55'),
(38, 15, 1, 3, 0, '2016-06-06 16:53:47'),
(39, 15, 2, 0, 2, '2016-06-06 16:53:56'),
(40, 15, 3, 1, 1, '2016-06-06 16:54:06'),
(41, 15, 4, 1, 0, '2016-06-11 18:51:28'),
(42, 15, 5, 2, 2, '2016-06-06 16:54:35'),
(43, 15, 6, 2, 0, '2016-06-06 16:54:43'),
(44, 15, 7, 3, 1, '2016-06-06 16:54:50'),
(45, 15, 8, 2, 1, '2016-06-06 16:54:58'),
(46, 15, 9, 1, 1, '2016-06-06 16:55:07'),
(47, 15, 10, 1, 2, '2016-06-06 16:55:14'),
(48, 15, 11, 1, 0, '2016-06-13 22:09:16'),
(49, 15, 12, 2, 0, '2016-06-06 16:55:30'),
(50, 15, 13, 1, 0, '2016-06-06 16:55:35'),
(51, 15, 14, 0, 1, '2016-06-13 22:11:00'),
(52, 15, 15, 3, 0, '2016-06-13 22:11:10'),
(53, 15, 16, 2, 1, '2016-06-16 09:38:52'),
(54, 15, 17, 1, 1, '2016-06-16 09:39:01'),
(55, 15, 18, 2, 1, '2016-06-16 09:39:07'),
(56, 15, 19, 2, 1, '2016-06-06 16:56:22'),
(57, 15, 20, 2, 2, '2016-06-06 16:56:32'),
(58, 15, 21, 3, 1, '2016-06-06 16:56:52'),
(59, 15, 22, 2, 0, '2016-06-06 16:57:21'),
(60, 15, 23, 1, 2, '2016-06-06 16:57:27'),
(61, 15, 24, 3, 0, '2016-06-06 16:57:34'),
(62, 15, 25, 1, 1, '2016-06-06 16:57:42'),
(63, 15, 26, 1, 1, '2016-06-06 16:57:53'),
(64, 15, 27, 1, 2, '2016-06-20 16:42:47'),
(65, 15, 28, 1, 1, '2016-06-20 16:45:41'),
(66, 15, 29, 0, 4, '2016-06-06 16:58:18'),
(67, 15, 30, 2, 1, '2016-06-06 16:58:24'),
(68, 15, 31, 0, 1, '2016-06-21 17:39:13'),
(69, 15, 32, 2, 0, '2016-06-21 17:35:46'),
(70, 15, 33, 2, 0, '2016-06-22 15:57:39'),
(71, 15, 34, 0, 2, '2016-06-22 15:58:53'),
(72, 15, 35, 1, 0, '2016-06-22 15:53:32'),
(73, 15, 36, 1, 2, '2016-06-22 16:00:58'),
(74, 7, 1, 2, 0, '2016-06-06 17:16:17'),
(75, 7, 2, 0, 1, '2016-06-06 17:16:24'),
(76, 7, 3, 1, 0, '2016-06-06 17:16:31'),
(77, 7, 5, 2, 0, '2016-06-06 17:16:45'),
(78, 7, 6, 3, 1, '2016-06-06 17:16:50'),
(79, 7, 7, 3, 0, '2016-06-06 17:16:56'),
(80, 7, 4, 0, 0, '2016-06-06 17:17:08'),
(81, 7, 8, 2, 0, '2016-06-06 17:17:32'),
(82, 7, 9, 0, 1, '2016-06-06 17:17:37'),
(83, 7, 10, 1, 2, '2016-06-06 17:17:46'),
(84, 7, 11, 1, 1, '2016-06-06 17:17:53'),
(85, 7, 12, 3, 0, '2016-06-06 17:17:58'),
(86, 7, 13, 2, 1, '2016-06-06 17:18:05'),
(87, 7, 14, 1, 1, '2016-06-06 17:18:08'),
(88, 7, 15, 4, 0, '2016-06-06 17:18:14'),
(89, 7, 16, 1, 1, '2016-06-06 17:18:20'),
(90, 7, 17, 2, 0, '2016-06-06 17:18:25'),
(91, 7, 18, 2, 1, '2016-06-06 17:18:32'),
(92, 7, 19, 1, 0, '2016-06-06 17:18:37'),
(93, 7, 20, 1, 0, '2016-06-06 17:18:41'),
(94, 7, 22, 0, 1, '2016-06-06 17:18:53'),
(95, 7, 24, 2, 0, '2016-06-06 17:19:02'),
(96, 7, 25, 2, 0, '2016-06-06 17:19:13'),
(97, 7, 26, 1, 2, '2016-06-06 17:19:17'),
(98, 7, 27, 1, 2, '2016-06-06 17:19:20'),
(99, 7, 28, 2, 0, '2016-06-06 17:19:26'),
(100, 7, 29, 0, 4, '2016-06-06 17:19:32'),
(101, 7, 30, 1, 2, '2016-06-06 17:19:36'),
(102, 7, 31, 1, 3, '2016-06-06 17:19:40'),
(103, 7, 32, 1, 2, '2016-06-06 17:19:45'),
(104, 7, 33, 1, 1, '2016-06-06 17:19:50'),
(105, 7, 34, 1, 2, '2016-06-06 17:19:56'),
(106, 7, 35, 2, 0, '2016-06-06 17:20:02'),
(107, 7, 36, 1, 0, '2016-06-06 17:20:06'),
(108, 7, 21, 2, 1, '2016-06-06 17:20:18'),
(109, 7, 23, 1, 2, '2016-06-06 17:20:27'),
(110, 4, 1, 2, 0, '2016-06-06 21:10:35'),
(111, 4, 2, 1, 0, '2016-06-06 21:10:47'),
(112, 4, 3, 0, 2, '2016-06-06 21:10:59'),
(113, 4, 4, 1, 1, '2016-06-06 21:11:10'),
(114, 4, 5, 1, 1, '2016-06-06 21:11:25'),
(115, 4, 6, 1, 1, '2016-06-06 21:11:42'),
(116, 4, 7, 2, 0, '2016-06-06 21:11:53'),
(117, 8, 1, 2, 0, '2016-06-06 22:30:00'),
(118, 8, 2, 0, 1, '2016-06-06 22:30:10'),
(119, 8, 3, 1, 1, '2016-06-06 22:30:21'),
(120, 8, 4, 2, 1, '2016-06-06 22:30:32'),
(121, 5, 1, 2, 0, '2016-06-06 22:50:14'),
(122, 5, 2, 0, 1, '2016-06-06 22:50:25'),
(123, 5, 3, 1, 1, '2016-06-06 22:51:03'),
(124, 5, 4, 1, 0, '2016-06-06 22:51:13'),
(125, 5, 5, 0, 1, '2016-06-06 22:52:18'),
(126, 5, 6, 1, 0, '2016-06-06 22:52:54'),
(127, 5, 7, 1, 0, '2016-06-12 09:39:24'),
(128, 5, 8, 2, 0, '2016-06-06 22:53:56'),
(129, 5, 9, 1, 1, '2016-06-06 22:54:31'),
(130, 5, 10, 1, 1, '2016-06-06 22:55:07'),
(131, 5, 11, 1, 0, '2016-06-06 22:55:38'),
(132, 5, 12, 1, 0, '2016-06-06 22:56:33'),
(133, 5, 13, 1, 1, '2016-06-14 06:55:24'),
(134, 5, 14, 1, 1, '2016-06-15 07:10:32'),
(135, 5, 15, 2, 0, '2016-06-06 22:58:10'),
(136, 5, 16, 1, 0, '2016-06-06 22:58:58'),
(137, 5, 17, 1, 0, '2016-06-06 22:59:49'),
(138, 5, 18, 1, 0, '2016-06-06 23:00:33'),
(139, 8, 5, 0, 2, '2016-06-07 06:56:46'),
(140, 8, 6, 3, 0, '2016-06-07 06:56:56'),
(141, 8, 7, 3, 1, '2016-06-07 06:57:07'),
(142, 8, 8, 2, 0, '2016-06-07 06:57:20'),
(143, 9, 1, 2, 0, '2016-06-07 08:39:40'),
(144, 9, 2, 1, 2, '2016-06-07 08:39:49'),
(145, 9, 3, 1, 1, '2016-06-07 08:39:56'),
(146, 9, 4, 2, 1, '2016-06-07 08:40:03'),
(147, 9, 5, 1, 1, '2016-06-07 08:40:13'),
(148, 9, 6, 3, 1, '2016-06-07 08:40:25'),
(149, 9, 7, 2, 0, '2016-06-07 08:40:32'),
(150, 9, 8, 3, 1, '2016-06-07 08:40:41'),
(151, 9, 9, 1, 2, '2016-06-07 08:40:48'),
(152, 9, 10, 1, 1, '2016-06-07 08:41:01'),
(153, 9, 11, 1, 0, '2016-06-07 08:41:16'),
(154, 9, 12, 2, 0, '2016-06-07 08:41:23'),
(155, 9, 13, 2, 1, '2016-06-07 08:41:31'),
(156, 9, 14, 0, 1, '2016-06-07 08:41:39'),
(157, 9, 15, 2, 0, '2016-06-07 08:41:46'),
(158, 9, 16, 2, 1, '2016-06-07 08:41:54'),
(159, 9, 17, 1, 0, '2016-06-07 08:42:01'),
(160, 9, 18, 2, 1, '2016-06-07 08:42:07'),
(161, 31, 1, 3, 0, '2016-06-07 11:02:57'),
(162, 31, 2, 0, 2, '2016-06-07 11:03:14'),
(163, 31, 3, 1, 1, '2016-06-07 11:04:10'),
(164, 31, 4, 2, 0, '2016-06-07 11:04:30'),
(165, 31, 5, 1, 3, '2016-06-07 11:04:46'),
(166, 31, 6, 2, 1, '2016-06-07 11:05:21'),
(167, 31, 7, 2, 0, '2016-06-07 11:05:40'),
(168, 11, 1, 3, 1, '2016-06-07 13:34:55'),
(169, 28, 1, 3, 0, '2016-06-07 18:07:12'),
(170, 28, 2, 1, 2, '2016-06-07 18:07:21'),
(171, 28, 3, 1, 0, '2016-06-07 18:07:28'),
(172, 28, 4, 2, 0, '2016-06-11 16:31:26'),
(173, 28, 5, 1, 2, '2016-06-07 18:07:46'),
(174, 28, 6, 2, 0, '2016-06-07 18:07:55'),
(175, 28, 7, 2, 0, '2016-06-07 18:08:06'),
(176, 28, 8, 2, 0, '2016-06-13 13:14:57'),
(177, 28, 9, 1, 1, '2016-06-07 18:08:20'),
(178, 28, 10, 0, 1, '2016-06-07 18:08:28'),
(179, 28, 11, 1, 1, '2016-06-07 18:08:35'),
(180, 28, 12, 2, 0, '2016-06-12 19:10:11'),
(181, 34, 1, 2, 0, '2016-06-07 21:59:38'),
(182, 34, 4, 2, 1, '2016-06-11 15:56:12'),
(183, 34, 3, 1, 1, '2016-06-11 15:56:30'),
(184, 34, 2, 0, 1, '2016-06-07 22:00:50'),
(185, 34, 6, 3, 1, '2016-06-07 22:01:10'),
(186, 34, 5, 2, 2, '2016-06-07 22:01:56'),
(187, 34, 9, 0, 2, '2016-06-11 15:57:09'),
(188, 34, 12, 2, 1, '2016-06-13 22:02:27'),
(189, 34, 7, 3, 0, '2016-06-07 22:02:42'),
(190, 34, 8, 1, 1, '2016-06-12 22:13:49'),
(191, 34, 10, 1, 1, '2016-06-13 18:54:51'),
(192, 34, 11, 1, 0, '2016-06-13 16:03:53'),
(193, 8, 9, 0, 1, '2016-06-07 22:19:17'),
(194, 8, 10, 0, 2, '2016-06-07 22:19:27'),
(195, 8, 11, 0, 1, '2016-06-07 22:19:41'),
(196, 8, 12, 2, 0, '2016-06-07 22:19:48'),
(197, 8, 13, 1, 0, '2016-06-07 22:19:54'),
(198, 8, 14, 0, 0, '2016-06-07 22:20:12'),
(199, 8, 15, 1, 0, '2016-06-07 22:20:18'),
(200, 8, 16, 1, 0, '2016-06-07 22:20:32'),
(201, 8, 17, 1, 0, '2016-06-07 22:20:43'),
(202, 8, 18, 1, 0, '2016-06-07 22:20:51'),
(203, 8, 19, 1, 0, '2016-06-07 22:20:58'),
(204, 8, 20, 0, 1, '2016-06-07 22:21:11'),
(205, 8, 21, 2, 0, '2016-06-07 22:21:17'),
(206, 8, 22, 1, 0, '2016-06-07 22:21:25'),
(207, 8, 23, 0, 1, '2016-06-07 22:21:33'),
(208, 8, 24, 1, 0, '2016-06-07 22:21:40'),
(209, 8, 25, 1, 0, '2016-06-07 22:21:50'),
(210, 8, 26, 0, 1, '2016-06-07 22:21:55'),
(211, 8, 27, 0, 1, '2016-06-07 22:22:02'),
(212, 8, 28, 1, 0, '2016-06-07 22:22:06'),
(213, 8, 29, 0, 2, '2016-06-07 22:22:14'),
(214, 8, 30, 1, 0, '2016-06-07 22:22:23'),
(215, 8, 31, 0, 1, '2016-06-07 22:22:31'),
(216, 8, 32, 1, 0, '2016-06-07 22:22:36'),
(217, 8, 33, 0, 1, '2016-06-07 22:22:39'),
(218, 8, 34, 0, 1, '2016-06-07 22:22:44'),
(219, 8, 35, 1, 0, '2016-06-07 22:22:49'),
(220, 8, 36, 1, 0, '2016-06-07 22:22:54'),
(221, 8, 37, 1, 0, '2016-06-07 22:23:00'),
(222, 8, 38, 1, 0, '2016-06-07 22:23:03'),
(223, 8, 39, 1, 2, '2016-06-23 19:29:59'),
(224, 8, 40, 1, 0, '2016-06-07 22:23:10'),
(225, 8, 42, 1, 2, '2016-06-23 19:30:14'),
(226, 8, 43, 0, 1, '2016-06-23 19:30:29'),
(227, 8, 44, 1, 0, '2016-06-07 22:23:30'),
(228, 8, 45, 1, 0, '2016-06-07 22:23:39'),
(229, 8, 46, 0, 2, '2016-06-28 22:39:24'),
(230, 8, 47, 2, 0, '2016-06-28 22:39:51'),
(231, 8, 48, 2, 0, '2016-06-28 22:40:06'),
(232, 8, 49, 0, 1, '2016-07-06 15:38:47'),
(233, 8, 50, 2, 1, '2016-07-06 15:38:53'),
(234, 8, 51, 0, 2, '2016-07-10 14:05:46'),
(235, 8, 41, 2, 0, '2016-06-23 19:29:25'),
(236, 23, 1, 2, 1, '2016-06-07 22:26:52'),
(237, 23, 2, 0, 2, '2016-06-07 22:27:03'),
(238, 23, 3, 1, 1, '2016-06-07 22:27:12'),
(239, 23, 4, 3, 1, '2016-06-07 22:27:21'),
(240, 23, 5, 3, 2, '2016-06-07 22:27:31'),
(241, 23, 6, 1, 1, '2016-06-07 22:27:40'),
(242, 23, 7, 3, 2, '2016-06-07 22:27:50'),
(243, 23, 8, 4, 3, '2016-06-07 22:27:58'),
(244, 23, 9, 2, 2, '2016-06-07 22:28:09'),
(245, 23, 10, 2, 2, '2016-06-07 22:28:32'),
(246, 23, 11, 1, 0, '2016-06-07 22:28:43'),
(247, 23, 12, 2, 1, '2016-06-14 16:58:13'),
(248, 23, 13, 1, 2, '2016-06-07 22:29:04'),
(249, 23, 14, 1, 2, '2016-06-07 22:29:23'),
(250, 23, 15, 0, 0, '2016-06-07 22:29:39'),
(251, 23, 16, 2, 1, '2016-06-07 22:29:47'),
(252, 23, 17, 1, 1, '2016-06-07 22:30:09'),
(253, 23, 18, 2, 0, '2016-06-14 16:58:35'),
(254, 23, 19, 1, 0, '2016-06-07 22:31:10'),
(255, 13, 1, 1, 0, '2016-06-08 13:58:03'),
(256, 13, 3, 0, 0, '2016-06-08 13:58:42'),
(257, 13, 4, 3, 1, '2016-06-08 13:58:54'),
(258, 26, 1, 1, 0, '2016-06-08 21:36:54'),
(259, 26, 2, 0, 1, '2016-06-08 21:38:10'),
(260, 26, 3, 1, 1, '2016-06-08 21:38:20'),
(261, 26, 4, 2, 1, '2016-06-08 21:38:28'),
(262, 26, 5, 1, 1, '2016-06-08 21:38:40'),
(263, 26, 6, 2, 0, '2016-06-08 21:38:51'),
(264, 26, 7, 2, 0, '2016-06-08 21:38:58'),
(265, 26, 8, 2, 0, '2016-06-08 21:39:05'),
(266, 26, 9, 1, 2, '2016-06-08 21:39:12'),
(267, 26, 10, 1, 1, '2016-06-08 21:39:18'),
(268, 26, 11, 0, 0, '2016-06-08 21:39:29'),
(269, 26, 12, 1, 0, '2016-06-08 21:39:38'),
(270, 1, 2, 0, 2, '2016-06-09 08:30:58'),
(271, 1, 5, 1, 2, '2016-06-09 08:31:24'),
(272, 4, 8, 2, 0, '2016-06-09 08:31:55'),
(273, 4, 9, 0, 1, '2016-06-09 08:32:01'),
(274, 4, 10, 1, 1, '2016-06-09 08:32:09'),
(275, 4, 11, 3, 2, '2016-06-09 08:32:14'),
(276, 4, 12, 3, 0, '2016-06-09 08:32:22'),
(277, 4, 13, 1, 1, '2016-06-09 08:32:26'),
(278, 4, 14, 1, 1, '2016-06-09 08:32:31'),
(279, 4, 15, 2, 0, '2016-06-09 08:32:36'),
(280, 4, 16, 1, 0, '2016-06-09 08:32:40'),
(281, 4, 17, 2, 0, '2016-06-09 08:32:46'),
(282, 4, 18, 3, 1, '2016-06-09 08:32:50'),
(283, 4, 19, 1, 1, '2016-06-09 08:32:55'),
(284, 4, 20, 1, 1, '2016-06-09 08:33:02'),
(285, 4, 21, 2, 1, '2016-06-09 08:33:06'),
(286, 4, 22, 2, 1, '2016-06-09 08:33:10'),
(287, 4, 23, 0, 2, '2016-06-09 08:33:17'),
(288, 4, 24, 2, 0, '2016-06-09 08:33:21'),
(289, 4, 25, 1, 1, '2016-06-09 08:33:28'),
(290, 4, 26, 0, 2, '2016-06-09 08:33:32'),
(291, 4, 27, 1, 1, '2016-06-09 08:33:37'),
(292, 4, 28, 2, 0, '2016-06-09 08:33:41'),
(293, 4, 29, 0, 3, '2016-06-09 08:33:46'),
(294, 4, 30, 1, 1, '2016-06-09 08:34:07'),
(295, 4, 31, 0, 1, '2016-06-09 08:34:13'),
(296, 4, 32, 1, 1, '2016-06-09 08:34:19'),
(297, 4, 33, 0, 1, '2016-06-09 08:34:23'),
(298, 4, 34, 0, 2, '2016-06-09 08:34:29'),
(299, 4, 35, 1, 0, '2016-06-09 08:34:35'),
(300, 4, 36, 1, 2, '2016-06-09 08:34:40'),
(301, 1, 3, 0, 0, '2016-06-09 08:40:38'),
(302, 1, 4, 2, 0, '2016-06-09 08:41:32'),
(303, 1, 6, 3, 1, '2016-06-09 08:41:59'),
(304, 1, 7, 2, 0, '2016-06-09 08:43:35'),
(305, 1, 8, 2, 0, '2016-06-09 08:44:37'),
(306, 1, 9, 1, 1, '2016-06-13 12:48:45'),
(307, 1, 10, 1, 1, '2016-06-09 08:45:05'),
(308, 1, 11, 2, 1, '2016-06-09 08:45:28'),
(309, 1, 12, 1, 0, '2016-06-09 08:45:40'),
(310, 1, 13, 0, 0, '2016-06-09 08:45:51'),
(311, 1, 14, 0, 1, '2016-06-09 08:48:10'),
(312, 1, 15, 2, 0, '2016-06-09 08:48:27'),
(313, 1, 16, 1, 0, '2016-06-09 08:48:51'),
(314, 1, 17, 2, 0, '2016-06-16 11:10:19'),
(315, 1, 18, 2, 1, '2016-06-16 11:10:44'),
(316, 1, 19, 1, 0, '2016-06-09 08:50:21'),
(317, 1, 20, 1, 1, '2016-06-17 16:04:58'),
(318, 1, 21, 3, 1, '2016-06-16 11:12:26'),
(319, 4, 37, 1, 0, '2016-06-09 09:12:25'),
(320, 4, 38, 1, 0, '2016-06-09 09:12:29'),
(321, 4, 39, 1, 1, '2016-06-25 14:21:14'),
(322, 4, 40, 2, 0, '2016-06-25 14:21:26'),
(323, 4, 42, 0, 2, '2016-06-25 14:22:01'),
(324, 4, 43, 1, 0, '2016-06-09 09:12:50'),
(325, 4, 44, 1, 0, '2016-06-09 09:12:54'),
(326, 4, 45, 0, 2, '2016-06-29 19:15:01'),
(327, 4, 46, 0, 3, '2016-06-29 19:15:10'),
(328, 4, 47, 1, 0, '2016-06-29 19:15:19'),
(329, 4, 48, 3, 0, '2016-06-29 19:15:27'),
(330, 4, 49, 2, 0, '2016-07-04 06:47:57'),
(331, 4, 50, 1, 1, '2016-07-06 21:54:50'),
(332, 4, 51, 1, 0, '2016-06-09 09:13:20'),
(333, 31, 8, 2, 0, '2016-06-09 09:22:30'),
(334, 31, 9, 1, 1, '2016-06-09 09:22:38'),
(335, 31, 10, 1, 1, '2016-06-09 09:23:05'),
(336, 20, 1, 3, 1, '2016-06-09 09:37:55'),
(337, 20, 2, 0, 1, '2016-06-09 09:38:08'),
(338, 20, 3, 1, 1, '2016-06-09 09:38:16'),
(339, 20, 4, 2, 1, '2016-06-09 09:38:24'),
(340, 33, 1, 2, 0, '2016-06-09 09:42:15'),
(341, 33, 2, 0, 1, '2016-06-09 09:42:33'),
(342, 33, 3, 0, 1, '2016-06-09 21:15:41'),
(343, 33, 4, 1, 0, '2016-06-09 09:43:13'),
(344, 33, 5, 0, 1, '2016-06-09 09:43:22'),
(345, 33, 6, 1, 0, '2016-06-09 09:43:45'),
(346, 33, 7, 2, 0, '2016-06-09 09:43:52'),
(347, 33, 8, 1, 0, '2016-06-09 09:44:24'),
(348, 33, 9, 1, 0, '2016-06-09 21:23:53'),
(349, 33, 10, 2, 0, '2016-06-09 21:22:25'),
(350, 33, 11, 1, 0, '2016-06-09 21:26:52'),
(351, 33, 12, 2, 0, '2016-06-09 21:27:18'),
(352, 33, 13, 1, 0, '2016-06-09 09:45:32'),
(353, 33, 14, 0, 1, '2016-06-09 09:45:38'),
(354, 33, 15, 2, 0, '2016-06-09 09:45:47'),
(355, 33, 16, 2, 1, '2016-06-09 09:45:57'),
(356, 33, 17, 1, 0, '2016-06-09 09:46:10'),
(357, 33, 18, 2, 0, '2016-06-09 09:46:36'),
(358, 33, 19, 1, 0, '2016-06-09 09:46:44'),
(359, 33, 20, 1, 2, '2016-06-15 22:01:17'),
(360, 33, 21, 1, 0, '2016-06-09 09:47:06'),
(361, 33, 22, 1, 1, '2016-06-15 22:05:00'),
(362, 33, 23, 0, 1, '2016-06-09 09:47:26'),
(363, 33, 24, 1, 0, '2016-06-09 09:47:40'),
(364, 33, 25, 1, 0, '2016-06-09 09:47:47'),
(365, 33, 26, 0, 1, '2016-06-09 09:47:58'),
(366, 33, 27, 0, 2, '2016-06-09 09:48:07'),
(367, 33, 28, 0, 0, '2016-06-09 09:48:22'),
(368, 33, 29, 0, 2, '2016-06-09 09:48:27'),
(369, 33, 33, 0, 1, '2016-06-09 09:48:56'),
(370, 33, 34, 0, 2, '2016-06-09 21:27:54'),
(371, 33, 35, 0, 0, '2016-06-09 21:24:31'),
(372, 33, 36, 0, 2, '2016-06-09 21:21:03'),
(373, 33, 37, 1, 2, '2016-06-24 19:32:04'),
(374, 33, 38, 2, 0, '2016-06-24 19:32:14'),
(375, 33, 39, 2, 1, '2016-06-24 19:32:29'),
(376, 33, 40, 2, 0, '2016-06-09 09:49:59'),
(377, 33, 41, 2, 0, '2016-06-24 19:32:59'),
(378, 33, 42, 1, 2, '2016-06-24 19:33:08'),
(379, 33, 43, 1, 2, '2016-06-24 19:33:20'),
(380, 33, 44, 1, 0, '2016-06-24 19:33:32'),
(381, 33, 45, 1, 0, '2016-06-09 09:50:50'),
(382, 33, 46, 1, 2, '2016-07-01 10:38:17'),
(383, 33, 47, 2, 1, '2016-07-01 10:38:36'),
(384, 33, 48, 3, 0, '2016-07-01 10:38:46'),
(385, 33, 49, 1, 1, '2016-07-01 10:39:00'),
(386, 33, 50, 1, 1, '2016-07-01 10:39:30'),
(387, 33, 51, 1, 0, '2016-06-09 09:51:20'),
(388, 33, 30, 1, 0, '2016-06-09 21:18:28'),
(389, 33, 31, 0, 1, '2016-06-09 09:52:11'),
(390, 33, 32, 1, 0, '2016-06-09 09:52:16'),
(391, 6, 1, 3, 0, '2016-06-09 10:47:48'),
(392, 32, 1, 3, 0, '2016-06-09 12:06:46'),
(393, 32, 2, 1, 1, '2016-06-09 12:06:43'),
(394, 32, 3, 1, 2, '2016-06-09 12:06:41'),
(395, 32, 4, 3, 2, '2016-06-09 12:06:39'),
(396, 14, 1, 2, 0, '2016-06-09 13:24:57'),
(397, 14, 2, 0, 1, '2016-06-09 13:25:32'),
(398, 14, 3, 2, 0, '2016-06-09 13:25:54'),
(399, 14, 4, 1, 2, '2016-06-09 13:26:30'),
(400, 14, 5, 2, 1, '2016-06-09 13:26:53'),
(401, 14, 6, 2, 0, '2016-06-09 13:27:14'),
(402, 14, 7, 4, 1, '2016-06-09 13:27:20'),
(403, 14, 8, 3, 1, '2016-06-13 11:02:25'),
(404, 14, 9, 1, 2, '2016-06-13 11:02:35'),
(405, 14, 10, 0, 2, '2016-06-09 13:28:33'),
(406, 27, 2, 0, 0, '2016-06-09 14:13:42'),
(407, 27, 1, 3, 0, '2016-06-09 14:13:48'),
(408, 27, 3, 2, 0, '2016-06-09 14:14:03'),
(409, 27, 4, 2, 0, '2016-06-09 14:15:17'),
(410, 27, 6, 1, 1, '2016-06-09 14:15:34'),
(411, 27, 5, 0, 1, '2016-06-09 14:15:42'),
(412, 27, 7, 3, 0, '2016-06-09 14:16:07'),
(413, 27, 8, 1, 1, '2016-06-09 14:16:19'),
(414, 27, 9, 0, 2, '2016-06-09 14:16:32'),
(415, 27, 10, 1, 2, '2016-06-09 14:16:39'),
(416, 27, 11, 0, 0, '2016-06-09 14:16:54'),
(417, 27, 12, 2, 0, '2016-06-09 14:17:10'),
(418, 27, 13, 2, 0, '2016-06-09 14:18:24'),
(419, 27, 14, 2, 0, '2016-06-09 14:18:37'),
(420, 27, 15, 4, 0, '2016-06-09 14:18:44'),
(421, 27, 16, 1, 0, '2016-06-09 14:19:04'),
(422, 27, 17, 2, 0, '2016-06-09 14:19:11'),
(423, 27, 18, 2, 0, '2016-06-09 14:19:20'),
(424, 27, 19, 2, 1, '2016-06-09 14:19:35'),
(425, 27, 20, 0, 2, '2016-06-09 14:19:44'),
(426, 27, 21, 1, 0, '2016-06-09 14:19:51'),
(427, 27, 22, 3, 0, '2016-06-09 14:20:08'),
(428, 27, 23, 0, 1, '2016-06-09 14:20:17'),
(429, 27, 24, 1, 0, '2016-06-09 14:20:24'),
(430, 27, 25, 2, 0, '2016-06-09 14:20:29'),
(431, 27, 26, 0, 2, '2016-06-09 14:20:37'),
(432, 27, 27, 1, 2, '2016-06-09 14:20:45'),
(433, 27, 28, 1, 1, '2016-06-09 14:20:50'),
(434, 27, 29, 0, 4, '2016-06-09 14:20:59'),
(435, 27, 30, 0, 0, '2016-06-09 14:21:08'),
(436, 27, 31, 0, 1, '2016-06-09 14:21:22'),
(437, 27, 32, 0, 0, '2016-06-09 14:21:27'),
(438, 27, 33, 0, 1, '2016-06-09 14:21:36'),
(439, 27, 34, 0, 1, '2016-06-09 14:21:43'),
(440, 27, 35, 2, 0, '2016-06-09 14:21:47'),
(441, 27, 36, 0, 1, '2016-06-09 14:21:53'),
(442, 27, 37, 1, 0, '2016-06-09 14:22:18'),
(443, 27, 38, 2, 0, '2016-06-09 14:22:30'),
(444, 27, 39, 1, 0, '2016-06-09 14:22:39'),
(445, 27, 40, 2, 0, '2016-06-09 14:22:47'),
(446, 27, 41, 1, 0, '2016-06-09 14:22:53'),
(447, 27, 42, 2, 1, '2016-06-09 14:22:59'),
(448, 27, 43, 2, 0, '2016-06-09 14:23:06'),
(449, 27, 44, 1, 2, '2016-06-09 14:23:12'),
(450, 27, 45, 2, 1, '2016-06-09 14:23:21'),
(451, 27, 46, 1, 0, '2016-06-09 14:23:31'),
(452, 27, 47, 0, 1, '2016-06-09 14:23:36'),
(453, 27, 48, 2, 0, '2016-06-09 14:23:44'),
(454, 27, 49, 1, 2, '2016-06-09 14:23:49'),
(455, 27, 50, 3, 0, '2016-06-09 14:23:54'),
(456, 27, 51, 2, 0, '2016-06-09 14:24:04'),
(457, 10, 1, 4, 1, '2016-06-09 15:39:28'),
(458, 10, 2, 1, 3, '2016-06-09 15:39:51'),
(459, 10, 4, 2, 0, '2016-06-09 15:40:19'),
(460, 10, 5, 0, 2, '2016-06-09 15:40:30'),
(461, 10, 6, 1, 2, '2016-06-09 15:40:40'),
(462, 10, 7, 3, 0, '2016-06-09 15:40:49'),
(463, 10, 8, 2, 1, '2016-06-09 15:41:03'),
(464, 10, 9, 0, 1, '2016-06-12 22:23:18'),
(465, 10, 10, 1, 2, '2016-06-12 22:23:31'),
(466, 10, 11, 1, 0, '2016-06-12 22:23:44'),
(467, 10, 12, 2, 0, '2016-06-12 22:23:53'),
(468, 10, 13, 1, 0, '2016-06-12 22:24:04'),
(469, 10, 14, 0, 1, '2016-06-12 22:24:17'),
(470, 10, 15, 2, 0, '2016-06-12 22:24:25'),
(471, 10, 16, 1, 0, '2016-06-12 22:24:42'),
(472, 10, 17, 0, 1, '2016-06-09 15:42:55'),
(473, 10, 18, 2, 1, '2016-06-09 15:43:03'),
(474, 10, 19, 2, 1, '2016-06-09 15:43:19'),
(475, 10, 20, 1, 0, '2016-06-09 15:43:31'),
(476, 10, 21, 2, 0, '2016-06-12 22:25:11'),
(477, 10, 22, 1, 0, '2016-06-09 15:43:50'),
(478, 10, 23, 1, 2, '2016-06-09 15:44:00'),
(479, 10, 24, 2, 0, '2016-06-09 15:44:14'),
(480, 10, 25, 1, 0, '2016-06-09 15:44:35'),
(481, 22, 3, 0, 1, '2016-06-09 16:46:52'),
(482, 22, 4, 1, 0, '2016-06-11 19:07:18'),
(483, 22, 5, 1, 2, '2016-06-09 16:47:42'),
(484, 22, 6, 2, 0, '2016-06-09 16:47:53'),
(485, 22, 7, 2, 0, '2016-06-09 16:48:17'),
(486, 22, 8, 2, 0, '2016-06-09 16:48:29'),
(487, 22, 9, 0, 1, '2016-06-09 16:49:53'),
(488, 22, 10, 1, 1, '2016-06-09 16:51:09'),
(489, 35, 1, 2, 0, '2016-06-09 16:53:16'),
(490, 30, 1, 2, 0, '2016-06-09 21:05:13'),
(491, 30, 2, 0, 1, '2016-06-09 21:07:54'),
(492, 30, 3, 1, 1, '2016-06-09 21:09:24'),
(493, 30, 4, 1, 1, '2016-06-09 21:09:30'),
(494, 30, 5, 0, 2, '2016-06-09 21:12:20'),
(495, 30, 6, 2, 0, '2016-06-09 21:12:53'),
(496, 30, 7, 3, 1, '2016-06-09 21:12:59'),
(497, 30, 8, 2, 0, '2016-06-09 21:14:45'),
(498, 30, 9, 0, 0, '2016-06-09 21:14:53'),
(499, 30, 10, 1, 0, '2016-06-09 21:18:17'),
(500, 30, 11, 1, 0, '2016-06-09 21:16:00'),
(501, 30, 12, 2, 0, '2016-06-09 21:16:58'),
(502, 30, 13, 1, 0, '2016-06-09 21:19:47'),
(503, 30, 14, 0, 0, '2016-06-09 21:20:02'),
(504, 30, 15, 3, 0, '2016-06-09 21:20:19'),
(505, 30, 16, 1, 0, '2016-06-09 21:20:26'),
(506, 30, 17, 2, 0, '2016-06-09 21:20:47'),
(507, 30, 18, 2, 0, '2016-06-09 21:20:54'),
(508, 30, 19, 1, 0, '2016-06-09 21:21:16'),
(509, 30, 20, 1, 1, '2016-06-09 21:21:24'),
(510, 30, 21, 1, 0, '2016-06-09 21:21:46'),
(511, 30, 22, 2, 1, '2016-06-09 21:22:05'),
(512, 30, 23, 1, 0, '2016-06-09 21:22:14'),
(513, 30, 24, 2, 0, '2016-06-09 21:22:20'),
(514, 30, 25, 1, 0, '2016-06-09 21:22:45'),
(515, 30, 26, 0, 2, '2016-06-09 21:22:52'),
(516, 30, 27, 1, 2, '2016-06-19 23:39:52'),
(517, 30, 28, 1, 1, '2016-06-09 21:23:54'),
(518, 30, 29, 0, 2, '2016-06-19 23:40:10'),
(519, 30, 30, 0, 1, '2016-06-19 23:41:07'),
(520, 30, 31, 1, 2, '2016-06-19 23:41:28'),
(521, 30, 32, 1, 1, '2016-06-19 23:41:48'),
(522, 30, 33, 0, 1, '2016-06-19 23:42:17'),
(523, 30, 34, 0, 2, '2016-06-19 23:42:22'),
(524, 30, 35, 2, 0, '2016-06-19 23:42:54'),
(525, 30, 36, 0, 1, '2016-06-19 23:43:09'),
(526, 11, 2, 0, 2, '2016-06-09 21:40:50'),
(527, 11, 3, 1, 2, '2016-06-09 21:41:05'),
(528, 11, 4, 3, 2, '2016-06-09 21:41:21'),
(529, 12, 1, 3, 0, '2016-06-09 21:44:06'),
(530, 12, 2, 0, 3, '2016-06-09 21:44:28'),
(531, 12, 3, 2, 0, '2016-06-09 21:44:51'),
(532, 12, 4, 1, 0, '2016-06-09 21:45:29'),
(533, 12, 5, 2, 1, '2016-06-09 21:45:55'),
(534, 12, 6, 2, 0, '2016-06-09 21:46:16'),
(535, 12, 7, 2, 1, '2016-06-09 21:46:40'),
(536, 12, 8, 3, 0, '2016-06-09 21:47:03'),
(537, 12, 9, 0, 2, '2016-06-09 21:47:23'),
(538, 12, 10, 2, 1, '2016-06-09 21:47:54'),
(539, 12, 11, 2, 0, '2016-06-09 21:48:41'),
(540, 12, 12, 2, 0, '2016-06-09 21:49:05'),
(541, 12, 13, 2, 1, '2016-06-09 21:49:22'),
(542, 12, 14, 1, 1, '2016-06-09 21:50:02'),
(543, 12, 15, 3, 0, '2016-06-09 21:50:33'),
(544, 12, 16, 1, 2, '2016-06-09 21:50:58'),
(545, 12, 17, 1, 0, '2016-06-09 21:51:18'),
(546, 12, 18, 3, 0, '2016-06-09 21:52:03'),
(547, 12, 19, 2, 0, '2016-06-09 21:52:19'),
(548, 12, 20, 0, 1, '2016-06-09 21:52:33'),
(549, 12, 21, 2, 1, '2016-06-09 21:52:49'),
(550, 12, 22, 2, 0, '2016-06-09 21:53:10'),
(551, 12, 23, 0, 0, '2016-06-09 21:53:34'),
(552, 12, 24, 2, 1, '2016-06-09 21:54:01'),
(553, 12, 25, 1, 1, '2016-06-09 21:54:16'),
(554, 12, 26, 1, 3, '2016-06-09 21:54:30'),
(555, 12, 27, 0, 1, '2016-06-09 21:54:46'),
(556, 12, 28, 1, 2, '2016-06-09 21:55:43'),
(557, 12, 29, 0, 3, '2016-06-09 21:56:10'),
(558, 12, 30, 1, 1, '2016-06-09 21:56:46'),
(559, 12, 31, 1, 2, '2016-06-09 21:57:16'),
(560, 12, 32, 1, 2, '2016-06-09 21:57:34'),
(561, 12, 33, 0, 2, '2016-06-09 21:58:19'),
(562, 12, 34, 0, 2, '2016-06-09 21:58:37'),
(563, 12, 35, 2, 0, '2016-06-09 21:58:55'),
(564, 12, 36, 0, 1, '2016-06-09 21:59:15'),
(565, 11, 5, 1, 1, '2016-06-09 22:03:05'),
(566, 11, 6, 2, 0, '2016-06-09 22:03:31'),
(567, 11, 7, 2, 0, '2016-06-09 22:03:57'),
(568, 11, 8, 1, 1, '2016-06-12 09:30:19'),
(569, 11, 9, 1, 0, '2016-06-09 22:05:43'),
(570, 11, 10, 3, 1, '2016-06-09 22:06:36'),
(571, 11, 11, 2, 0, '2016-06-09 22:07:07'),
(572, 11, 12, 2, 1, '2016-06-09 22:07:33'),
(573, 21, 3, 0, 1, '2016-06-10 09:01:43'),
(574, 21, 1, 3, 1, '2016-06-10 09:03:08'),
(575, 21, 2, 0, 2, '2016-06-10 09:04:20'),
(576, 21, 5, 1, 1, '2016-06-10 09:08:58'),
(577, 21, 6, 3, 1, '2016-06-10 09:09:12'),
(578, 36, 1, 2, 1, '2016-06-10 12:08:02'),
(579, 36, 2, 1, 1, '2016-06-10 12:04:56'),
(580, 36, 3, 1, 1, '2016-06-10 12:05:06'),
(581, 36, 4, 2, 1, '2016-06-10 12:05:29'),
(582, 36, 5, 1, 1, '2016-06-10 12:05:50'),
(583, 36, 6, 1, 1, '2016-06-10 12:06:01'),
(584, 36, 7, 2, 1, '2016-06-10 12:06:09'),
(585, 36, 8, 2, 1, '2016-06-10 12:06:19'),
(586, 36, 9, 1, 1, '2016-06-10 12:06:45'),
(587, 36, 10, 1, 1, '2016-06-10 12:06:52'),
(588, 36, 11, 1, 1, '2016-06-10 12:07:03'),
(589, 36, 12, 2, 1, '2016-06-10 12:07:16'),
(590, 17, 1, 3, 0, '2016-06-10 13:30:32'),
(591, 17, 2, 1, 2, '2016-06-10 13:30:43'),
(592, 17, 3, 1, 1, '2016-06-10 13:30:56'),
(593, 17, 4, 2, 0, '2016-06-10 13:31:05'),
(594, 17, 5, 0, 1, '2016-06-10 13:31:12'),
(595, 17, 6, 2, 0, '2016-06-10 13:31:26'),
(596, 17, 7, 3, 0, '2016-06-12 18:48:23'),
(597, 17, 8, 1, 0, '2016-06-10 13:31:45'),
(598, 17, 9, 1, 1, '2016-06-10 13:31:56'),
(599, 17, 10, 1, 1, '2016-06-10 13:32:10'),
(600, 17, 11, 2, 0, '2016-06-10 13:32:20'),
(601, 17, 12, 2, 1, '2016-06-10 13:32:33'),
(602, 20, 5, 0, 1, '2016-06-10 13:42:00'),
(603, 20, 6, 3, 0, '2016-06-10 13:42:08'),
(604, 20, 7, 3, 0, '2016-06-10 13:42:17'),
(605, 20, 8, 2, 0, '2016-06-10 13:42:31'),
(606, 20, 9, 1, 2, '2016-06-10 13:42:39'),
(607, 20, 10, 2, 1, '2016-06-10 13:42:53'),
(608, 18, 1, 1, 0, '2016-06-10 14:19:29'),
(609, 18, 2, 0, 1, '2016-06-10 14:20:22'),
(610, 18, 3, 0, 0, '2016-06-10 14:20:57'),
(611, 18, 4, 1, 0, '2016-06-10 14:21:31'),
(612, 18, 5, 0, 1, '2016-06-10 14:22:22'),
(613, 18, 6, 1, 0, '2016-06-10 14:23:03'),
(614, 18, 7, 1, 0, '2016-06-10 14:23:44'),
(615, 18, 8, 1, 0, '2016-06-10 14:25:47'),
(616, 18, 9, 0, 0, '2016-06-10 14:26:18'),
(617, 18, 10, 0, 0, '2016-06-10 14:27:20'),
(618, 18, 11, 1, 0, '2016-06-10 14:29:20'),
(619, 18, 12, 1, 0, '2016-06-10 14:30:45'),
(620, 18, 13, 1, 0, '2016-06-10 14:31:58'),
(621, 6, 2, 1, 2, '2016-06-10 19:45:43'),
(622, 6, 3, 1, 1, '2016-06-10 19:45:56'),
(623, 6, 4, 3, 1, '2016-06-11 14:48:23'),
(624, 6, 5, 1, 2, '2016-06-10 19:46:32'),
(625, 6, 6, 1, 0, '2016-06-10 19:47:20'),
(626, 6, 7, 2, 0, '2016-06-12 18:58:02'),
(627, 6, 8, 2, 0, '2016-06-11 14:47:57'),
(628, 2, 1, 2, 0, '2016-06-10 20:24:20'),
(629, 3, 1, 2, 0, '2016-06-10 20:24:20'),
(630, 19, 1, 2, 0, '2016-06-10 20:24:20'),
(631, 22, 2, 0, 2, '2016-06-10 23:11:01'),
(632, 32, 5, 1, 2, '2016-06-11 08:45:36'),
(633, 32, 6, 0, 0, '2016-06-11 08:45:58'),
(634, 32, 7, 3, 1, '2016-06-11 08:46:27'),
(635, 35, 2, 0, 2, '2016-06-11 09:17:23'),
(636, 35, 3, 1, 0, '2016-06-11 09:17:38'),
(637, 35, 4, 2, 1, '2016-06-11 09:17:52'),
(638, 35, 5, 1, 1, '2016-06-11 09:18:51'),
(639, 35, 6, 2, 0, '2016-06-11 09:19:14'),
(640, 13, 2, 0, 2, '2016-06-11 09:20:12'),
(641, 13, 5, 1, 1, '2016-06-11 09:20:50'),
(642, 13, 6, 0, 1, '2016-06-11 09:21:19'),
(643, 13, 7, 3, 0, '2016-06-11 09:21:38'),
(644, 32, 8, 1, 0, '2016-06-11 10:14:40'),
(645, 32, 9, 0, 1, '2016-06-11 10:14:48'),
(646, 32, 10, 2, 1, '2016-06-11 10:14:54'),
(647, 32, 11, 0, 0, '2016-06-11 10:15:03'),
(648, 32, 12, 3, 0, '2016-06-11 10:15:10'),
(649, 32, 13, 1, 0, '2016-06-11 10:15:21'),
(650, 32, 14, 1, 1, '2016-06-11 10:15:33'),
(651, 32, 15, 2, 0, '2016-06-11 10:16:11'),
(652, 32, 16, 2, 0, '2016-06-11 10:16:17'),
(653, 32, 17, 1, 1, '2016-06-11 10:16:23'),
(654, 32, 18, 2, 1, '2016-06-11 10:16:32'),
(655, 32, 19, 3, 2, '2016-06-11 10:16:40'),
(656, 32, 20, 2, 1, '2016-06-11 10:16:46'),
(657, 32, 21, 1, 0, '2016-06-11 10:16:53'),
(658, 32, 22, 2, 0, '2016-06-11 10:17:01'),
(659, 32, 23, 0, 0, '2016-06-11 10:17:09'),
(660, 32, 24, 2, 1, '2016-06-11 10:17:23'),
(661, 32, 25, 0, 0, '2016-06-11 10:17:29'),
(662, 32, 26, 0, 2, '2016-06-11 10:17:37'),
(663, 32, 27, 0, 1, '2016-06-11 10:17:44'),
(664, 32, 28, 2, 1, '2016-06-11 10:17:51'),
(665, 32, 29, 0, 3, '2016-06-11 10:17:57'),
(666, 32, 30, 2, 2, '2016-06-11 10:18:03'),
(667, 32, 31, 0, 2, '2016-06-11 10:19:08'),
(668, 32, 32, 1, 2, '2016-06-11 10:19:16'),
(669, 32, 33, 0, 0, '2016-06-11 10:19:21'),
(670, 32, 34, 0, 2, '2016-06-11 10:19:29'),
(671, 32, 35, 2, 0, '2016-06-11 10:19:36'),
(672, 32, 36, 1, 3, '2016-06-11 10:19:44'),
(673, 2, 2, 0, 2, '2016-06-11 13:30:30'),
(674, 3, 2, 0, 2, '2016-06-11 13:30:30'),
(675, 19, 2, 0, 2, '2016-06-11 13:30:30'),
(676, 2, 3, 1, 1, '2016-06-11 16:30:14'),
(677, 3, 3, 1, 1, '2016-06-11 16:30:14'),
(678, 19, 3, 1, 1, '2016-06-11 16:30:14'),
(679, 21, 4, 2, 1, '2016-06-11 16:34:15'),
(680, 21, 7, 2, 0, '2016-06-12 18:37:42'),
(681, 21, 8, 2, 0, '2016-06-11 16:34:52'),
(682, 21, 9, 1, 2, '2016-06-11 16:35:02'),
(683, 21, 10, 1, 1, '2016-06-11 16:35:10'),
(684, 21, 11, 3, 1, '2016-06-11 16:37:28'),
(685, 21, 12, 3, 1, '2016-06-13 21:53:32'),
(686, 21, 13, 2, 1, '2016-06-11 16:38:29'),
(687, 21, 14, 1, 2, '2016-06-11 16:38:35'),
(688, 21, 15, 3, 0, '2016-06-11 16:38:41'),
(689, 28, 13, 1, 1, '2016-06-11 19:10:38'),
(690, 28, 14, 1, 2, '2016-06-11 19:10:50'),
(691, 28, 15, 2, 0, '2016-06-11 19:10:59'),
(692, 28, 16, 2, 1, '2016-06-13 22:03:19'),
(693, 2, 4, 2, 1, '2016-06-11 19:31:03'),
(694, 3, 4, 2, 1, '2016-06-11 19:31:03'),
(695, 19, 4, 2, 0, '2016-06-11 19:31:03'),
(696, 34, 13, 0, 2, '2016-06-13 22:02:36'),
(697, 34, 14, 1, 1, '2016-06-12 05:42:11'),
(698, 34, 15, 3, 0, '2016-06-12 05:42:42'),
(699, 34, 16, 1, 2, '2016-06-13 22:03:33'),
(700, 11, 13, 0, 2, '2016-06-12 09:31:47'),
(701, 11, 14, 2, 1, '2016-06-12 09:32:11'),
(702, 11, 15, 2, 0, '2016-06-12 09:32:26'),
(703, 11, 16, 4, 0, '2016-06-12 09:33:06'),
(704, 11, 17, 2, 1, '2016-06-12 09:34:03'),
(705, 11, 18, 1, 1, '2016-06-12 09:34:17'),
(706, 11, 19, 2, 1, '2016-06-12 09:34:38'),
(707, 11, 20, 1, 2, '2016-06-12 09:35:37'),
(708, 11, 21, 1, 0, '2016-06-12 09:36:24'),
(709, 11, 22, 1, 0, '2016-06-12 09:36:37'),
(710, 11, 23, 2, 0, '2016-06-12 09:38:05'),
(711, 11, 24, 2, 2, '2016-06-12 09:38:47'),
(712, 11, 25, 1, 0, '2016-06-12 09:39:26'),
(713, 11, 26, 1, 2, '2016-06-12 09:39:43'),
(714, 11, 27, 1, 2, '2016-06-12 09:39:58'),
(715, 11, 28, 1, 2, '2016-06-12 09:40:35'),
(716, 11, 29, 0, 3, '2016-06-21 11:18:19'),
(717, 11, 30, 1, 2, '2016-06-12 09:41:46'),
(718, 11, 31, 2, 1, '2016-06-12 09:42:03'),
(719, 11, 32, 1, 1, '2016-06-12 09:42:59'),
(720, 11, 33, 1, 1, '2016-06-12 09:43:15'),
(721, 11, 34, 0, 3, '2016-06-12 09:43:33'),
(722, 11, 35, 2, 0, '2016-06-12 09:43:48'),
(723, 11, 36, 1, 2, '2016-06-12 09:44:55'),
(724, 11, 37, 2, 1, '2016-06-12 09:45:14'),
(725, 11, 38, 2, 1, '2016-06-12 09:45:33'),
(726, 11, 39, 2, 1, '2016-06-12 09:45:46'),
(727, 11, 40, 2, 1, '2016-06-12 09:46:21'),
(728, 11, 41, 2, 1, '2016-06-12 09:46:34'),
(729, 11, 42, 2, 1, '2016-06-12 09:46:49'),
(730, 11, 43, 1, 2, '2016-06-26 21:41:35'),
(731, 11, 44, 2, 1, '2016-06-12 09:47:38'),
(732, 35, 7, 2, 0, '2016-06-12 12:44:23'),
(733, 35, 8, 2, 0, '2016-06-12 12:44:35'),
(734, 35, 9, 1, 1, '2016-06-12 12:44:45'),
(735, 2, 5, 1, 1, '2016-06-12 13:30:26'),
(736, 3, 5, 1, 1, '2016-06-12 13:30:26'),
(737, 19, 5, 1, 1, '2016-06-12 13:30:26'),
(738, 2, 6, 2, 0, '2016-06-12 16:36:39'),
(739, 3, 6, 2, 0, '2016-06-12 16:36:39'),
(740, 19, 6, 2, 0, '2016-06-12 16:36:39'),
(741, 21, 16, 2, 0, '2016-06-16 04:41:45'),
(742, 2, 7, 2, 0, '2016-06-12 19:33:43'),
(743, 3, 7, 2, 0, '2016-06-12 19:33:43'),
(744, 19, 7, 2, 0, '2016-06-12 19:33:43'),
(745, 26, 13, 0, 0, '2016-06-12 20:05:37'),
(746, 26, 14, 1, 2, '2016-06-12 20:05:57'),
(747, 26, 15, 1, 0, '2016-06-12 20:06:21'),
(748, 26, 16, 1, 0, '2016-06-12 20:06:40'),
(749, 26, 17, 1, 0, '2016-06-12 20:06:57'),
(750, 26, 18, 2, 1, '2016-06-12 20:07:08'),
(751, 26, 19, 1, 0, '2016-06-12 20:07:33'),
(752, 20, 11, 1, 1, '2016-06-12 22:11:40'),
(753, 20, 12, 2, 2, '2016-06-13 11:08:19'),
(754, 22, 11, 1, 0, '2016-06-12 23:00:50'),
(755, 22, 12, 2, 0, '2016-06-12 23:01:15'),
(756, 22, 13, 1, 1, '2016-06-12 23:01:33'),
(757, 22, 14, 0, 1, '2016-06-12 23:01:57'),
(758, 22, 15, 2, 0, '2016-06-12 23:02:09'),
(759, 22, 16, 2, 1, '2016-06-12 23:02:22'),
(760, 13, 8, 2, 1, '2016-06-13 08:32:14'),
(761, 13, 9, 0, 2, '2016-06-13 08:32:39'),
(762, 13, 10, 1, 1, '2016-06-13 08:32:53'),
(763, 20, 13, 1, 1, '2016-06-13 11:08:44'),
(764, 20, 14, 0, 0, '2016-06-13 11:09:22'),
(765, 20, 15, 3, 0, '2016-06-13 11:09:31'),
(766, 2, 8, 2, 0, '2016-06-13 13:44:42'),
(767, 3, 8, 2, 0, '2016-06-13 13:44:42'),
(768, 19, 8, 2, 0, '2016-06-13 13:44:42'),
(769, 6, 9, 0, 1, '2016-06-13 14:39:28'),
(770, 6, 10, 0, 0, '2016-06-13 14:39:38'),
(771, 6, 12, 2, 0, '2016-06-13 14:40:06'),
(772, 6, 11, 1, 0, '2016-06-13 14:40:17'),
(773, 18, 14, 0, 1, '2016-06-13 15:53:55'),
(774, 18, 15, 2, 0, '2016-06-13 15:54:35'),
(775, 18, 16, 1, 0, '2016-06-13 15:55:07'),
(776, 18, 17, 1, 0, '2016-06-13 15:55:39'),
(777, 18, 18, 1, 0, '2016-06-13 15:56:43'),
(778, 18, 19, 1, 0, '2016-06-13 15:57:37'),
(779, 18, 20, 0, 1, '2016-06-13 15:58:20'),
(780, 18, 21, 2, 0, '2016-06-13 15:58:57'),
(781, 2, 9, 1, 1, '2016-06-13 16:35:27'),
(782, 3, 9, 1, 1, '2016-06-13 16:35:27'),
(783, 19, 9, 1, 1, '2016-06-13 16:35:27'),
(784, 14, 11, 1, 0, '2016-06-13 16:38:30'),
(785, 14, 12, 2, 0, '2016-06-13 16:38:50'),
(786, 14, 13, 1, 1, '2016-06-13 16:39:08'),
(787, 14, 14, 1, 2, '2016-06-13 16:39:38'),
(788, 14, 15, 4, 0, '2016-06-13 16:39:46'),
(789, 14, 16, 2, 1, '2016-06-13 16:40:00'),
(790, 14, 17, 1, 0, '2016-06-13 16:40:13'),
(791, 14, 18, 2, 0, '2016-06-13 17:14:08'),
(792, 2, 10, 1, 1, '2016-06-13 19:36:45'),
(793, 3, 10, 1, 1, '2016-06-13 19:36:45'),
(794, 19, 10, 1, 1, '2016-06-13 19:36:45'),
(795, 21, 17, 2, 0, '2016-06-13 21:54:00'),
(796, 21, 18, 2, 0, '2016-06-13 21:54:17'),
(797, 21, 19, 2, 0, '2016-06-13 21:54:38'),
(798, 21, 20, 1, 1, '2016-06-13 21:54:50'),
(799, 21, 21, 2, 0, '2016-06-13 21:55:49'),
(800, 21, 22, 1, 1, '2016-06-13 21:56:15'),
(801, 34, 17, 1, 1, '2016-06-14 22:48:03'),
(802, 34, 18, 2, 0, '2016-06-15 03:00:51'),
(803, 34, 19, 2, 1, '2016-06-15 03:01:18'),
(804, 34, 20, 0, 2, '2016-06-15 03:01:37'),
(805, 34, 21, 2, 0, '2016-06-13 22:04:35'),
(806, 5, 19, 1, 0, '2016-06-14 06:59:00'),
(807, 5, 20, 0, 1, '2016-06-14 06:59:31'),
(808, 5, 21, 1, 0, '2016-06-14 06:59:53'),
(809, 5, 22, 1, 0, '2016-06-14 07:00:24'),
(810, 5, 23, 1, 1, '2016-06-14 07:00:55'),
(811, 5, 24, 1, 0, '2016-06-17 21:37:43'),
(812, 5, 25, 1, 1, '2016-06-14 07:01:46'),
(813, 5, 26, 0, 1, '2016-06-14 07:02:10'),
(814, 5, 28, 1, 1, '2016-06-14 07:02:40'),
(815, 5, 27, 0, 1, '2016-06-14 07:03:15'),
(816, 5, 29, 0, 2, '2016-06-14 07:03:54'),
(817, 5, 30, 0, 1, '2016-06-21 07:52:26'),
(818, 5, 31, 0, 1, '2016-06-21 07:53:03'),
(819, 5, 32, 1, 1, '2016-06-14 07:05:19'),
(820, 5, 33, 0, 1, '2016-06-22 06:16:23'),
(821, 5, 34, 0, 1, '2016-06-14 07:06:07'),
(822, 5, 35, 1, 0, '2016-06-14 07:06:29'),
(823, 5, 36, 0, 1, '2016-06-22 06:17:36'),
(824, 31, 11, 1, 0, '2016-06-14 09:24:11'),
(825, 31, 12, 3, 0, '2016-06-14 09:24:31'),
(826, 31, 13, 0, 0, '2016-06-14 09:24:48'),
(827, 31, 14, 1, 1, '2016-06-14 09:25:06'),
(828, 31, 15, 2, 0, '2016-06-14 09:25:15'),
(829, 31, 16, 3, 1, '2016-06-14 09:25:27'),
(830, 31, 17, 2, 1, '2016-06-14 09:25:51'),
(831, 31, 18, 2, 0, '2016-06-14 09:26:01'),
(832, 13, 11, 1, 0, '2016-06-14 10:46:08'),
(833, 13, 12, 2, 0, '2016-06-14 10:46:19'),
(834, 13, 13, 1, 1, '2016-06-14 10:46:33'),
(835, 13, 14, 1, 1, '2016-06-14 10:46:50'),
(836, 13, 15, 2, 0, '2016-06-14 10:47:10'),
(837, 13, 16, 2, 1, '2016-06-14 10:47:22'),
(838, 13, 17, 2, 0, '2016-06-14 10:47:37'),
(839, 13, 18, 2, 1, '2016-06-14 10:47:55'),
(840, 35, 11, 2, 1, '2016-06-14 11:14:59'),
(841, 35, 13, 1, 1, '2016-06-14 11:15:16'),
(842, 35, 14, 0, 1, '2016-06-14 11:15:25'),
(843, 35, 15, 3, 0, '2016-06-14 11:15:34'),
(844, 35, 16, 2, 1, '2016-06-14 11:15:39'),
(845, 6, 13, 0, 1, '2016-06-14 14:44:14'),
(846, 6, 14, 2, 1, '2016-06-15 16:06:58'),
(847, 6, 15, 2, 0, '2016-06-14 14:44:31'),
(848, 6, 16, 4, 3, '2016-06-16 00:24:40'),
(849, 6, 17, 1, 1, '2016-06-14 14:44:52'),
(850, 6, 19, 1, 0, '2016-06-14 14:45:09'),
(851, 6, 20, 1, 1, '2016-06-14 14:45:16'),
(852, 6, 21, 1, 0, '2016-06-14 14:45:23'),
(853, 6, 22, 2, 1, '2016-06-14 14:45:31'),
(854, 6, 23, 1, 1, '2016-06-14 14:45:42'),
(855, 6, 24, 2, 0, '2016-06-14 14:45:51'),
(856, 6, 25, 1, 1, '2016-06-14 14:46:00'),
(857, 6, 26, 0, 1, '2016-06-14 14:46:07'),
(858, 6, 27, 1, 3, '2016-06-20 15:27:07'),
(859, 6, 28, 0, 1, '2016-06-14 14:46:21'),
(860, 6, 29, 0, 2, '2016-06-14 14:46:29'),
(861, 6, 30, 2, 1, '2016-06-14 14:46:39'),
(862, 6, 31, 1, 1, '2016-06-14 14:46:45'),
(863, 6, 32, 1, 0, '2016-06-14 14:46:58'),
(864, 6, 33, 1, 1, '2016-06-20 15:27:32'),
(865, 6, 34, 0, 1, '2016-06-14 14:47:13'),
(866, 6, 35, 2, 1, '2016-06-14 14:47:26'),
(867, 6, 36, 0, 2, '2016-06-14 14:47:33'),
(868, 6, 18, 2, 1, '2016-06-14 14:48:03'),
(869, 36, 13, 1, 1, '2016-06-14 15:47:01'),
(870, 36, 14, 1, 1, '2016-06-14 15:47:11'),
(871, 36, 15, 3, 1, '2016-06-14 15:47:19'),
(872, 36, 16, 2, 1, '2016-06-14 15:47:30'),
(873, 36, 17, 1, 1, '2016-06-14 15:47:39'),
(874, 36, 18, 2, 1, '2016-06-14 15:47:48'),
(875, 36, 19, 1, 1, '2016-06-14 15:47:53'),
(876, 36, 20, 1, 1, '2016-06-14 15:47:58'),
(877, 36, 21, 2, 1, '2016-06-14 15:48:14'),
(878, 36, 22, 1, 1, '2016-06-14 15:48:23'),
(879, 36, 23, 1, 1, '2016-06-14 15:48:36'),
(880, 36, 24, 1, 1, '2016-06-14 15:48:40'),
(881, 36, 25, 1, 1, '2016-06-14 15:48:48'),
(882, 2, 11, 1, 0, '2016-06-14 16:57:10'),
(883, 3, 11, 1, 0, '2016-06-14 16:57:10'),
(884, 19, 11, 1, 0, '2016-06-14 16:57:10'),
(885, 23, 21, 2, 1, '2016-06-14 16:58:50'),
(886, 23, 20, 1, 2, '2016-06-14 16:58:58'),
(887, 2, 12, 2, 0, '2016-06-14 19:51:43'),
(888, 3, 12, 2, 0, '2016-06-14 19:51:43'),
(889, 19, 12, 2, 0, '2016-06-14 19:51:43'),
(890, 17, 13, 0, 1, '2016-06-14 20:07:23'),
(891, 17, 14, 0, 1, '2016-06-14 20:07:37'),
(892, 17, 15, 2, 1, '2016-06-14 20:07:46'),
(893, 34, 22, 2, 0, '2016-06-15 03:02:01'),
(894, 34, 23, 1, 1, '2016-06-14 22:49:55'),
(895, 34, 24, 1, 1, '2016-06-14 22:50:06'),
(896, 20, 16, 3, 1, '2016-06-15 10:24:23'),
(897, 20, 17, 2, 0, '2016-06-15 10:24:44'),
(898, 20, 18, 2, 1, '2016-06-15 10:25:03'),
(899, 20, 19, 2, 0, '2016-06-15 10:25:19'),
(900, 20, 20, 1, 1, '2016-06-15 10:25:25'),
(901, 20, 21, 1, 0, '2016-06-15 10:25:34'),
(902, 20, 22, 1, 0, '2016-06-15 10:26:14'),
(903, 20, 23, 1, 0, '2016-06-15 10:26:09'),
(904, 20, 24, 2, 1, '2016-06-15 10:26:34'),
(905, 20, 25, 1, 0, '2016-06-15 10:26:44'),
(906, 20, 26, 0, 2, '2016-06-15 10:26:52'),
(907, 9, 19, 2, 0, '2016-06-15 12:02:38'),
(908, 9, 20, 1, 2, '2016-06-15 12:02:47'),
(909, 9, 21, 2, 0, '2016-06-15 12:02:54'),
(910, 9, 22, 1, 1, '2016-06-15 12:03:01'),
(911, 9, 23, 1, 1, '2016-06-15 12:03:08'),
(912, 9, 24, 2, 1, '2016-06-15 12:03:18'),
(913, 9, 25, 2, 1, '2016-06-15 12:03:27'),
(914, 9, 26, 1, 2, '2016-06-15 12:03:33'),
(915, 9, 27, 1, 2, '2016-06-15 12:03:40'),
(916, 9, 28, 1, 1, '2016-06-15 12:03:47'),
(917, 9, 29, 0, 3, '2016-06-15 12:03:54'),
(918, 9, 30, 1, 1, '2016-06-15 12:04:00'),
(919, 9, 31, 1, 2, '2016-06-15 12:04:05'),
(920, 9, 32, 2, 1, '2016-06-15 12:04:12'),
(921, 9, 33, 1, 1, '2016-06-15 12:04:21'),
(922, 9, 34, 1, 2, '2016-06-15 12:04:27'),
(923, 9, 35, 2, 0, '2016-06-15 12:04:34'),
(924, 9, 36, 1, 2, '2016-06-15 12:04:40'),
(925, 35, 17, 1, 1, '2016-06-15 13:29:54'),
(926, 35, 18, 2, 0, '2016-06-15 13:30:00'),
(927, 2, 13, 1, 1, '2016-06-15 13:30:05'),
(928, 3, 13, 1, 1, '2016-06-15 13:30:05'),
(929, 19, 13, 1, 1, '2016-06-15 13:30:05'),
(930, 35, 19, 2, 0, '2016-06-15 13:30:14'),
(931, 35, 20, 1, 1, '2016-06-15 13:30:19'),
(932, 35, 21, 2, 0, '2016-06-15 13:30:25'),
(933, 35, 22, 1, 1, '2016-06-15 13:30:31'),
(934, 35, 23, 1, 1, '2016-06-15 13:30:36'),
(935, 35, 24, 2, 1, '2016-06-15 13:30:40'),
(936, 35, 25, 1, 0, '2016-06-15 13:30:48'),
(937, 35, 26, 0, 2, '2016-06-15 13:30:53'),
(938, 35, 27, 0, 2, '2016-06-15 13:30:59'),
(939, 35, 28, 1, 2, '2016-06-19 12:46:04'),
(940, 35, 29, 0, 2, '2016-06-15 13:31:09'),
(941, 35, 30, 1, 1, '2016-06-15 13:31:14'),
(942, 35, 31, 0, 2, '2016-06-15 13:31:32'),
(943, 35, 32, 1, 1, '2016-06-15 13:31:36'),
(944, 35, 33, 0, 1, '2016-06-15 13:31:42'),
(945, 35, 34, 0, 1, '2016-06-15 13:31:48'),
(946, 35, 35, 2, 1, '2016-06-15 13:31:52'),
(947, 35, 36, 1, 1, '2016-06-15 13:32:01'),
(948, 17, 16, 2, 1, '2016-06-15 15:49:29'),
(949, 17, 17, 2, 0, '2016-06-16 15:55:48'),
(950, 17, 18, 2, 1, '2016-06-15 15:49:49'),
(951, 17, 19, 2, 1, '2016-06-15 15:49:56'),
(952, 17, 20, 0, 1, '2016-06-15 15:50:06'),
(953, 17, 21, 1, 0, '2016-06-15 15:50:17'),
(954, 2, 14, 1, 1, '2016-06-15 16:47:42'),
(955, 3, 14, 1, 1, '2016-06-15 16:47:42'),
(956, 19, 14, 1, 1, '2016-06-15 16:47:42'),
(957, 2, 15, 2, 0, '2016-06-15 19:30:41'),
(958, 3, 15, 2, 0, '2016-06-15 19:30:41'),
(959, 19, 15, 2, 0, '2016-06-15 19:30:41'),
(960, 21, 23, 1, 2, '2016-06-15 21:47:20'),
(961, 21, 25, 1, 2, '2016-06-16 04:41:30'),
(962, 21, 26, 1, 2, '2016-06-15 21:48:07'),
(963, 21, 28, 0, 1, '2016-06-15 21:48:39'),
(964, 21, 29, 0, 3, '2016-06-15 21:48:50'),
(965, 21, 30, 0, 1, '2016-06-15 21:49:01'),
(966, 21, 31, 0, 2, '2016-06-15 21:49:16'),
(967, 21, 32, 2, 1, '2016-06-18 18:21:02'),
(968, 21, 24, 2, 0, '2016-06-18 18:59:21'),
(969, 21, 27, 1, 2, '2016-06-15 21:50:13'),
(970, 26, 21, 2, 0, '2016-06-15 21:56:49'),
(971, 26, 20, 0, 1, '2016-06-16 20:34:17'),
(972, 26, 22, 1, 0, '2016-06-15 21:57:19'),
(973, 26, 23, 1, 1, '2016-06-15 21:57:32'),
(974, 26, 24, 1, 1, '2016-06-15 21:58:05'),
(975, 1, 22, 2, 1, '2016-06-16 11:13:11'),
(976, 1, 23, 1, 1, '2016-06-16 11:14:09'),
(977, 1, 24, 3, 0, '2016-06-16 11:15:12'),
(978, 1, 25, 2, 1, '2016-06-16 11:15:34'),
(979, 1, 26, 0, 1, '2016-06-16 11:15:56'),
(980, 2, 16, 2, 1, '2016-06-16 13:39:22'),
(981, 3, 16, 2, 1, '2016-06-16 13:39:22'),
(982, 19, 16, 2, 1, '2016-06-16 13:39:22'),
(983, 2, 17, 1, 0, '2016-06-16 16:58:22'),
(984, 3, 17, 1, 0, '2016-06-16 16:58:22'),
(985, 19, 17, 1, 0, '2016-06-16 16:58:22'),
(986, 28, 18, 2, 0, '2016-06-16 16:59:27'),
(987, 28, 19, 2, 0, '2016-06-16 16:59:38'),
(988, 28, 20, 1, 1, '2016-06-16 16:59:47'),
(989, 28, 21, 2, 0, '2016-06-16 16:59:59'),
(990, 28, 22, 2, 1, '2016-06-16 17:00:13'),
(991, 28, 23, 1, 1, '2016-06-16 17:00:21'),
(992, 28, 24, 2, 0, '2016-06-16 17:00:29'),
(993, 28, 25, 1, 0, '2016-06-16 17:00:47'),
(994, 28, 26, 1, 2, '2016-06-16 17:00:56'),
(995, 28, 27, 0, 2, '2016-06-16 17:01:06'),
(996, 28, 28, 1, 1, '2016-06-16 17:01:15'),
(997, 28, 29, 0, 3, '2016-06-16 17:01:24'),
(998, 28, 30, 1, 1, '2016-06-16 17:01:34'),
(999, 28, 31, 1, 2, '2016-06-16 17:01:42'),
(1000, 28, 32, 1, 1, '2016-06-16 17:01:49'),
(1001, 28, 33, 0, 1, '2016-06-16 17:02:08'),
(1002, 28, 34, 1, 2, '2016-06-16 18:47:24'),
(1003, 2, 18, 2, 1, '2016-06-16 19:59:37'),
(1004, 3, 18, 2, 1, '2016-06-16 19:59:37'),
(1005, 19, 18, 2, 1, '2016-06-16 19:59:37'),
(1006, 26, 26, 0, 1, '2016-06-16 20:34:46'),
(1007, 26, 27, 0, 1, '2016-06-16 20:35:16'),
(1008, 26, 28, 1, 1, '2016-06-16 20:35:31'),
(1009, 26, 29, 0, 2, '2016-06-16 20:35:42'),
(1010, 26, 30, 0, 1, '2016-06-16 20:36:24'),
(1011, 26, 31, 1, 2, '2016-06-16 20:36:42'),
(1012, 26, 32, 1, 1, '2016-06-16 20:37:01'),
(1013, 26, 33, 0, 1, '2016-06-16 20:37:14'),
(1014, 26, 34, 1, 2, '2016-06-16 20:37:32'),
(1015, 26, 35, 1, 0, '2016-06-16 20:37:43'),
(1016, 26, 36, 1, 2, '2016-06-16 20:37:58'),
(1017, 14, 19, 2, 1, '2016-06-17 07:40:31'),
(1018, 14, 20, 0, 2, '2016-06-17 07:41:30'),
(1019, 14, 21, 2, 0, '2016-06-17 07:41:56'),
(1020, 14, 22, 2, 0, '2016-06-17 07:42:05'),
(1021, 14, 23, 1, 0, '2016-06-17 07:42:35'),
(1022, 14, 24, 3, 1, '2016-06-17 07:42:42'),
(1023, 14, 25, 2, 0, '2016-06-17 07:43:12'),
(1024, 14, 26, 1, 3, '2016-06-17 07:43:17'),
(1025, 14, 27, 1, 3, '2016-06-17 07:43:25'),
(1026, 14, 28, 1, 0, '2016-06-17 07:43:34'),
(1027, 14, 29, 0, 3, '2016-06-17 07:43:46'),
(1028, 14, 30, 0, 2, '2016-06-17 07:43:53'),
(1029, 14, 31, 1, 1, '2016-06-21 18:48:15'),
(1030, 14, 32, 1, 0, '2016-06-17 07:44:43'),
(1031, 22, 19, 1, 1, '2016-06-17 11:30:16'),
(1032, 22, 20, 0, 1, '2016-06-17 11:30:30'),
(1033, 22, 21, 1, 0, '2016-06-17 11:30:41'),
(1034, 22, 22, 1, 0, '2016-06-17 11:30:51'),
(1035, 22, 23, 1, 1, '2016-06-17 11:31:01'),
(1036, 22, 24, 1, 1, '2016-06-17 11:31:15'),
(1037, 22, 25, 1, 1, '2016-06-17 11:31:24'),
(1038, 22, 26, 0, 2, '2016-06-17 11:31:34'),
(1039, 22, 27, 0, 2, '2016-06-17 11:31:44'),
(1040, 22, 28, 1, 1, '2016-06-17 11:31:58'),
(1041, 22, 29, 1, 2, '2016-06-17 11:32:58'),
(1042, 22, 30, 0, 1, '2016-06-17 11:33:08'),
(1043, 22, 31, 1, 1, '2016-06-17 11:33:19'),
(1044, 22, 32, 1, 0, '2016-06-17 11:33:29'),
(1045, 22, 33, 0, 1, '2016-06-17 11:33:45'),
(1046, 22, 34, 0, 1, '2016-06-17 11:33:54'),
(1047, 22, 35, 1, 0, '2016-06-17 11:34:01'),
(1048, 22, 36, 0, 1, '2016-06-17 11:34:10'),
(1049, 13, 19, 1, 0, '2016-06-17 11:41:38'),
(1050, 13, 20, 0, 2, '2016-06-17 11:42:04'),
(1051, 13, 21, 2, 0, '2016-06-17 11:42:21'),
(1052, 31, 19, 2, 0, '2016-06-17 13:17:55'),
(1053, 2, 19, 2, 0, '2016-06-17 13:38:36'),
(1054, 3, 19, 2, 0, '2016-06-17 13:38:36'),
(1055, 19, 19, 2, 0, '2016-06-17 13:38:36'),
(1056, 31, 20, 0, 2, '2016-06-17 13:52:08'),
(1057, 31, 21, 2, 0, '2016-06-17 13:52:34'),
(1058, 10, 26, 2, 1, '2016-06-17 14:57:28'),
(1059, 10, 27, 0, 1, '2016-06-17 14:57:38'),
(1060, 10, 28, 1, 0, '2016-06-17 14:57:54'),
(1061, 10, 29, 0, 1, '2016-06-20 15:03:03'),
(1062, 10, 30, 1, 1, '2016-06-20 15:03:28'),
(1063, 10, 31, 0, 1, '2016-06-20 15:03:46'),
(1064, 10, 32, 2, 0, '2016-06-17 14:58:44'),
(1065, 10, 33, 0, 2, '2016-06-17 14:59:00'),
(1066, 10, 34, 0, 1, '2016-06-20 15:04:22'),
(1067, 10, 35, 1, 1, '2016-06-17 15:00:23'),
(1068, 10, 36, 1, 1, '2016-06-17 15:00:37'),
(1069, 31, 22, 2, 1, '2016-06-17 15:59:49'),
(1070, 31, 23, 0, 0, '2016-06-17 15:59:51'),
(1071, 31, 24, 2, 0, '2016-06-17 15:59:41'),
(1072, 31, 25, 1, 1, '2016-06-17 15:59:40'),
(1073, 31, 26, 0, 3, '2016-06-17 15:59:37'),
(1074, 18, 22, 1, 0, '2016-06-17 16:03:28'),
(1075, 18, 23, 1, 1, '2016-06-17 16:03:37'),
(1076, 18, 24, 1, 0, '2016-06-17 16:04:56'),
(1077, 18, 25, 1, 1, '2016-06-17 16:05:41'),
(1078, 18, 26, 0, 1, '2016-06-17 16:06:20'),
(1079, 18, 27, 0, 1, '2016-06-17 16:07:01'),
(1080, 2, 20, 1, 1, '2016-06-17 16:31:38'),
(1081, 3, 20, 1, 1, '2016-06-17 16:31:38'),
(1082, 19, 20, 1, 1, '2016-06-17 16:31:38'),
(1083, 18, 28, 1, 0, '2016-06-17 17:43:23'),
(1084, 18, 29, 0, 1, '2016-06-17 17:43:31'),
(1085, 18, 30, 0, 1, '2016-06-17 17:43:43'),
(1086, 18, 31, 0, 1, '2016-06-17 17:44:42'),
(1087, 18, 32, 1, 1, '2016-06-17 17:45:51'),
(1088, 18, 33, 1, 1, '2016-06-17 17:46:32'),
(1089, 18, 34, 0, 2, '2016-06-17 17:48:28'),
(1090, 18, 35, 1, 0, '2016-06-17 17:48:39'),
(1091, 18, 36, 0, 1, '2016-06-17 17:49:07'),
(1092, 2, 21, 2, 0, '2016-06-17 19:30:54'),
(1093, 3, 21, 2, 0, '2016-06-17 19:30:54'),
(1094, 19, 21, 2, 0, '2016-06-17 19:30:54'),
(1095, 34, 25, 1, 0, '2016-06-17 19:41:27'),
(1096, 34, 26, 0, 2, '2016-06-17 19:41:47'),
(1097, 34, 27, 1, 1, '2016-06-17 19:42:00'),
(1098, 34, 28, 0, 1, '2016-06-17 19:42:16'),
(1099, 34, 29, 0, 1, '2016-06-17 19:42:26'),
(1100, 17, 22, 2, 0, '2016-06-17 21:23:20'),
(1101, 17, 23, 1, 1, '2016-06-17 21:24:22'),
(1102, 17, 24, 1, 2, '2016-06-17 21:24:36'),
(1103, 17, 25, 1, 0, '2016-06-17 21:25:19'),
(1104, 17, 26, 1, 1, '2016-06-17 21:25:45'),
(1105, 13, 22, 0, 1, '2016-06-18 09:27:20'),
(1106, 13, 24, 2, 0, '2016-06-18 09:27:51'),
(1107, 2, 22, 1, 0, '2016-06-18 13:39:35'),
(1108, 3, 22, 1, 0, '2016-06-18 13:39:35'),
(1109, 19, 22, 1, 0, '2016-06-18 13:39:35'),
(1110, 20, 27, 1, 2, '2016-06-18 13:55:26'),
(1111, 20, 28, 0, 1, '2016-06-18 13:55:43'),
(1112, 20, 29, 0, 3, '2016-06-18 13:55:52'),
(1113, 20, 30, 0, 2, '2016-06-18 13:56:01'),
(1114, 20, 31, 1, 2, '2016-06-18 13:57:21'),
(1115, 20, 32, 2, 0, '2016-06-18 13:57:32'),
(1116, 20, 33, 1, 1, '2016-06-18 13:57:40'),
(1117, 20, 34, 0, 1, '2016-06-18 13:57:47'),
(1118, 20, 35, 2, 0, '2016-06-18 13:57:58'),
(1119, 20, 36, 1, 1, '2016-06-18 13:58:22'),
(1120, 23, 23, 1, 1, '2016-06-18 15:26:20'),
(1121, 23, 24, 2, 0, '2016-06-18 15:26:29'),
(1122, 23, 25, 1, 0, '2016-06-18 15:26:44'),
(1123, 23, 26, 1, 2, '2016-06-18 15:26:57'),
(1124, 23, 27, 0, 2, '2016-06-18 15:27:07'),
(1125, 23, 28, 1, 2, '2016-06-18 15:27:45'),
(1126, 23, 29, 1, 2, '2016-06-18 15:28:02'),
(1127, 23, 30, 1, 1, '2016-06-18 15:28:32'),
(1128, 23, 31, 2, 3, '2016-06-18 15:28:44'),
(1129, 23, 32, 1, 2, '2016-06-18 15:29:14'),
(1130, 23, 33, 1, 2, '2016-06-18 15:29:23'),
(1131, 23, 34, 0, 2, '2016-06-18 15:29:31'),
(1132, 23, 35, 2, 0, '2016-06-18 15:29:45'),
(1133, 23, 36, 1, 3, '2016-06-18 15:29:54'),
(1134, 2, 23, 1, 1, '2016-06-18 16:39:27'),
(1135, 3, 23, 1, 1, '2016-06-18 16:39:27'),
(1136, 19, 23, 1, 1, '2016-06-18 16:39:27'),
(1137, 21, 34, 0, 2, '2016-06-18 18:19:22'),
(1138, 21, 35, 1, 0, '2016-06-18 18:19:32'),
(1139, 21, 36, 1, 1, '2016-06-18 18:19:42'),
(1140, 21, 33, 1, 1, '2016-06-18 18:21:23'),
(1141, 34, 30, 0, 2, '2016-06-18 19:27:00'),
(1142, 34, 31, 0, 0, '2016-06-18 19:27:34'),
(1143, 2, 24, 2, 0, '2016-06-18 19:31:53'),
(1144, 3, 24, 2, 0, '2016-06-18 19:31:53'),
(1145, 19, 24, 2, 0, '2016-06-18 19:31:53'),
(1146, 34, 32, 2, 0, '2016-06-19 02:36:04'),
(1147, 34, 33, 1, 1, '2016-06-19 02:36:33'),
(1148, 34, 34, 0, 2, '2016-06-19 02:36:57'),
(1149, 34, 36, 1, 3, '2016-06-21 22:03:26'),
(1150, 34, 35, 1, 1, '2016-06-19 02:37:52'),
(1151, 13, 26, 1, 1, '2016-06-19 07:11:35'),
(1152, 13, 27, 0, 2, '2016-06-19 07:11:46'),
(1153, 13, 28, 0, 1, '2016-06-19 07:12:03'),
(1154, 26, 25, 1, 1, '2016-06-19 13:16:52'),
(1155, 2, 25, 1, 1, '2016-06-19 19:34:50'),
(1156, 3, 25, 1, 0, '2016-06-19 19:34:50'),
(1157, 19, 25, 1, 0, '2016-06-19 19:34:50'),
(1158, 2, 26, 0, 2, '2016-06-19 19:34:52'),
(1159, 3, 26, 0, 2, '2016-06-19 19:34:52'),
(1160, 19, 26, 0, 2, '2016-06-19 19:34:52'),
(1161, 31, 27, 0, 2, '2016-06-20 10:44:53'),
(1162, 31, 28, 1, 1, '2016-06-20 10:45:01'),
(1163, 36, 27, 1, 2, '2016-06-20 13:03:35'),
(1164, 36, 28, 1, 1, '2016-06-20 13:06:25'),
(1165, 36, 29, 1, 2, '2016-06-20 13:06:35'),
(1166, 36, 30, 1, 1, '2016-06-20 13:06:41'),
(1167, 36, 31, 1, 2, '2016-06-20 13:06:46'),
(1168, 36, 32, 2, 1, '2016-06-20 13:06:54'),
(1169, 36, 33, 1, 1, '2016-06-20 13:07:09'),
(1170, 36, 34, 1, 1, '2016-06-20 13:07:16'),
(1171, 36, 35, 1, 1, '2016-06-20 13:07:22'),
(1172, 36, 36, 1, 1, '2016-06-20 13:07:27'),
(1173, 1, 28, 1, 1, '2016-06-20 15:20:58'),
(1174, 1, 27, 0, 2, '2016-06-20 15:21:16'),
(1175, 1, 29, 0, 2, '2016-06-20 15:22:39'),
(1176, 1, 30, 1, 2, '2016-06-20 15:22:48'),
(1177, 1, 31, 0, 2, '2016-06-20 15:23:55'),
(1178, 1, 32, 0, 0, '2016-06-20 15:24:27'),
(1179, 1, 33, 1, 1, '2016-06-20 15:25:49'),
(1180, 1, 34, 0, 2, '2016-06-20 15:26:02'),
(1181, 1, 35, 1, 0, '2016-06-20 15:26:29'),
(1182, 1, 36, 0, 1, '2016-06-20 15:26:53'),
(1183, 17, 27, 1, 2, '2016-06-20 19:22:40'),
(1184, 17, 28, 0, 2, '2016-06-20 17:35:15'),
(1185, 17, 29, 0, 2, '2016-06-20 17:35:27'),
(1186, 17, 30, 0, 2, '2016-06-20 17:35:35'),
(1187, 17, 31, 1, 1, '2016-06-20 17:35:47'),
(1188, 17, 32, 2, 1, '2016-06-20 17:36:06'),
(1189, 17, 33, 1, 1, '2016-06-20 17:36:35'),
(1190, 17, 34, 0, 1, '2016-06-20 17:36:43'),
(1191, 17, 35, 2, 1, '2016-06-20 17:36:53'),
(1192, 17, 36, 0, 2, '2016-06-20 17:37:05'),
(1193, 2, 27, 0, 2, '2016-06-20 19:31:05'),
(1194, 3, 27, 0, 2, '2016-06-20 19:31:05'),
(1195, 19, 27, 0, 2, '2016-06-20 19:31:05'),
(1196, 2, 28, 1, 1, '2016-06-20 19:31:07'),
(1197, 3, 28, 1, 1, '2016-06-20 19:31:07'),
(1198, 19, 28, 1, 1, '2016-06-20 19:31:07'),
(1199, 13, 29, 0, 2, '2016-06-21 09:05:46'),
(1200, 13, 30, 0, 2, '2016-06-21 09:06:00');
INSERT INTO `Prediction` (`PredictionID`, `UserID`, `MatchID`, `HomeTeamPoints`, `AwayTeamPoints`, `DateAdded`) VALUES
(1201, 13, 31, 1, 3, '2016-06-21 09:06:11'),
(1202, 13, 32, 2, 0, '2016-06-21 09:06:23'),
(1203, 20, 37, 1, 1, '2016-06-21 10:24:20'),
(1204, 20, 38, 2, 0, '2016-06-25 14:36:05'),
(1205, 20, 39, 1, 1, '2016-06-25 14:36:13'),
(1206, 20, 40, 3, 1, '2016-06-25 14:36:21'),
(1207, 20, 41, 2, 0, '2016-06-25 14:36:31'),
(1208, 20, 42, 1, 2, '2016-06-25 14:36:38'),
(1209, 20, 43, 1, 1, '2016-06-25 14:36:59'),
(1210, 20, 44, 3, 0, '2016-06-25 14:37:07'),
(1211, 20, 45, 1, 2, '2016-06-29 14:30:45'),
(1212, 20, 46, 1, 3, '2016-06-29 14:31:06'),
(1213, 20, 47, 1, 1, '2016-06-29 14:31:28'),
(1214, 20, 48, 4, 0, '2016-06-29 14:31:36'),
(1215, 20, 49, 2, 2, '2016-07-04 09:31:55'),
(1216, 20, 50, 2, 1, '2016-07-04 09:32:13'),
(1217, 20, 51, 1, 2, '2016-07-09 14:14:50'),
(1218, 31, 29, 0, 2, '2016-06-21 13:57:12'),
(1219, 31, 30, 1, 1, '2016-06-21 13:57:16'),
(1220, 31, 31, 0, 2, '2016-06-21 13:57:23'),
(1221, 31, 32, 1, 1, '2016-06-21 13:57:28'),
(1222, 2, 29, 0, 3, '2016-06-21 16:55:47'),
(1223, 3, 29, 0, 2, '2016-06-21 16:55:47'),
(1224, 19, 29, 0, 2, '2016-06-21 16:55:47'),
(1225, 2, 30, 1, 1, '2016-06-21 16:55:50'),
(1226, 3, 30, 1, 1, '2016-06-21 16:55:50'),
(1227, 19, 30, 1, 1, '2016-06-21 16:55:50'),
(1228, 14, 33, 2, 1, '2016-06-21 18:48:54'),
(1229, 14, 34, 0, 2, '2016-06-21 18:49:15'),
(1230, 14, 35, 2, 0, '2016-06-21 18:49:30'),
(1231, 14, 36, 0, 1, '2016-06-21 19:03:40'),
(1232, 2, 31, 1, 2, '2016-06-21 19:36:34'),
(1233, 3, 31, 1, 2, '2016-06-21 19:36:34'),
(1234, 19, 31, 1, 1, '2016-06-21 19:36:34'),
(1235, 2, 32, 1, 1, '2016-06-21 19:36:37'),
(1236, 3, 32, 1, 1, '2016-06-21 19:36:37'),
(1237, 19, 32, 1, 1, '2016-06-21 19:36:37'),
(1238, 31, 33, 1, 1, '2016-06-22 12:45:33'),
(1239, 31, 34, 0, 2, '2016-06-22 12:45:38'),
(1240, 31, 35, 2, 1, '2016-06-22 12:45:42'),
(1241, 31, 36, 0, 1, '2016-06-22 12:45:54'),
(1242, 28, 35, 1, 0, '2016-06-22 13:51:08'),
(1243, 28, 36, 0, 1, '2016-06-22 13:51:16'),
(1244, 28, 37, 1, 2, '2016-06-22 13:51:33'),
(1245, 13, 34, 0, 2, '2016-06-22 14:47:36'),
(1246, 13, 35, 1, 1, '2016-06-22 14:47:51'),
(1247, 13, 36, 2, 1, '2016-06-22 14:48:35'),
(1248, 13, 33, 1, 1, '2016-06-22 14:49:11'),
(1252, 2, 33, 1, 1, '2016-06-22 16:30:31'),
(1253, 3, 33, 1, 1, '2016-06-22 16:30:31'),
(1254, 19, 33, 1, 1, '2016-06-22 16:30:31'),
(1258, 2, 34, 0, 2, '2016-06-22 16:30:33'),
(1259, 3, 34, 0, 2, '2016-06-22 16:30:33'),
(1260, 19, 34, 0, 2, '2016-06-22 16:30:33'),
(1261, 23, 37, 1, 0, '2016-06-22 17:09:46'),
(1262, 2, 35, 1, 0, '2016-06-22 19:38:58'),
(1263, 3, 35, 1, 0, '2016-06-22 19:38:58'),
(1264, 19, 35, 1, 0, '2016-06-22 19:38:58'),
(1265, 2, 36, 1, 1, '2016-06-22 19:39:01'),
(1266, 3, 36, 1, 1, '2016-06-22 19:39:01'),
(1267, 19, 36, 1, 1, '2016-06-22 19:39:01'),
(1268, 4, 41, 3, 0, '2016-06-25 14:21:44'),
(1269, 9, 37, 1, 2, '2016-06-22 22:06:32'),
(1270, 9, 38, 1, 0, '2016-06-22 22:06:51'),
(1271, 9, 39, 2, 1, '2016-06-22 22:07:01'),
(1272, 9, 40, 2, 1, '2016-06-22 22:07:08'),
(1273, 9, 41, 2, 0, '2016-06-22 22:07:20'),
(1274, 9, 42, 1, 2, '2016-06-22 22:07:26'),
(1275, 9, 43, 1, 0, '2016-06-22 22:07:47'),
(1276, 9, 44, 1, 0, '2016-06-22 22:07:58'),
(1277, 34, 37, 0, 2, '2016-06-23 02:37:02'),
(1278, 34, 38, 2, 1, '2016-06-23 02:37:14'),
(1279, 34, 39, 2, 1, '2016-06-23 02:37:27'),
(1280, 34, 40, 2, 0, '2016-06-23 02:37:39'),
(1281, 34, 41, 3, 0, '2016-06-23 02:38:02'),
(1282, 34, 42, 0, 1, '2016-06-23 02:38:22'),
(1283, 34, 43, 1, 2, '2016-06-23 02:38:41'),
(1284, 34, 44, 1, 1, '2016-06-23 02:38:54'),
(1285, 25, 37, 0, 1, '2016-06-23 06:42:07'),
(1286, 25, 38, 2, 0, '2016-06-23 06:42:24'),
(1287, 25, 39, 2, 1, '2016-06-23 06:42:39'),
(1288, 25, 40, 2, 1, '2016-06-23 06:43:07'),
(1289, 25, 41, 2, 0, '2016-06-23 06:43:22'),
(1290, 25, 42, 0, 1, '2016-06-23 06:43:37'),
(1291, 25, 43, 1, 1, '2016-06-23 06:43:55'),
(1292, 25, 44, 2, 0, '2016-06-23 06:45:50'),
(1293, 6, 37, 0, 1, '2016-06-23 08:31:01'),
(1294, 6, 38, 0, 1, '2016-06-23 08:31:09'),
(1295, 6, 39, 2, 1, '2016-06-23 08:31:18'),
(1296, 6, 40, 3, 0, '2016-06-23 08:31:25'),
(1297, 6, 41, 3, 0, '2016-06-23 08:31:42'),
(1298, 6, 42, 0, 1, '2016-06-23 08:31:53'),
(1299, 6, 43, 2, 0, '2016-06-23 08:32:06'),
(1300, 6, 44, 2, 1, '2016-06-23 08:32:13'),
(1301, 17, 37, 1, 2, '2016-06-23 09:27:05'),
(1302, 17, 38, 2, 0, '2016-06-23 09:27:14'),
(1303, 17, 39, 2, 1, '2016-06-23 09:27:21'),
(1304, 17, 40, 1, 0, '2016-06-26 00:12:58'),
(1305, 17, 41, 2, 0, '2016-06-26 00:12:50'),
(1306, 17, 42, 0, 1, '2016-06-26 00:13:15'),
(1307, 17, 43, 1, 0, '2016-06-23 09:28:10'),
(1308, 17, 44, 1, 0, '2016-06-26 00:13:24'),
(1309, 1, 37, 0, 0, '2016-06-23 10:55:10'),
(1310, 1, 38, 2, 1, '2016-06-23 10:55:19'),
(1311, 1, 39, 1, 0, '2016-06-23 10:55:30'),
(1312, 1, 40, 2, 1, '2016-06-23 10:55:40'),
(1313, 1, 41, 2, 0, '2016-06-23 10:55:48'),
(1314, 1, 42, 0, 1, '2016-06-23 10:56:01'),
(1315, 1, 43, 1, 1, '2016-06-23 10:56:34'),
(1316, 1, 44, 0, 0, '2016-06-23 10:56:41'),
(1317, 5, 37, 0, 1, '2016-06-24 23:36:50'),
(1318, 5, 38, 1, 0, '2016-06-23 21:16:27'),
(1319, 5, 39, 1, 0, '2016-06-23 21:17:00'),
(1320, 5, 40, 1, 0, '2016-06-23 21:17:28'),
(1321, 5, 41, 1, 0, '2016-06-23 21:17:56'),
(1322, 5, 42, 0, 1, '2016-06-23 21:18:26'),
(1323, 5, 43, 0, 1, '2016-06-23 21:18:50'),
(1324, 5, 44, 1, 0, '2016-06-23 21:19:12'),
(1325, 5, 45, 0, 1, '2016-06-23 21:20:09'),
(1326, 5, 46, 0, 1, '2016-06-23 21:20:33'),
(1327, 5, 47, 1, 0, '2016-06-28 11:25:56'),
(1328, 5, 48, 2, 0, '2016-06-28 11:26:39'),
(1329, 5, 49, 1, 0, '2016-07-04 23:22:33'),
(1330, 5, 50, 1, 1, '2016-06-23 21:22:10'),
(1331, 5, 51, 0, 1, '2016-07-08 21:40:16'),
(1332, 30, 37, 0, 0, '2016-06-23 22:46:25'),
(1333, 30, 38, 2, 0, '2016-06-23 22:40:58'),
(1334, 30, 40, 3, 1, '2016-06-23 22:42:41'),
(1335, 30, 41, 2, 1, '2016-06-23 22:48:05'),
(1336, 30, 42, 2, 2, '2016-06-23 22:47:17'),
(1337, 30, 43, 1, 1, '2016-06-23 22:43:08'),
(1338, 30, 44, 2, 1, '2016-06-23 22:51:26'),
(1339, 30, 39, 1, 2, '2016-06-23 22:46:00'),
(1340, 7, 37, 17410742, 16141241, '2016-06-24 23:07:54'),
(1341, 7, 38, 2, 0, '2016-06-24 12:46:23'),
(1342, 7, 39, 1, 2, '2016-06-24 12:46:31'),
(1343, 7, 40, 1, 0, '2016-06-24 12:46:38'),
(1344, 7, 41, 3, 0, '2016-06-24 12:46:45'),
(1345, 7, 42, 0, 1, '2016-06-24 12:46:52'),
(1346, 7, 43, 0, 0, '2016-06-24 12:47:36'),
(1347, 7, 44, 1, 0, '2016-06-24 12:47:30'),
(1348, 7, 45, 0, 1, '2016-06-30 09:30:51'),
(1349, 7, 46, 0, 2, '2016-06-30 09:30:59'),
(1350, 21, 37, 1, 1, '2016-06-24 14:20:13'),
(1351, 21, 38, 2, 1, '2016-06-24 14:20:21'),
(1352, 21, 39, 2, 1, '2016-06-24 14:20:29'),
(1353, 21, 40, 1, 1, '2016-06-25 22:12:37'),
(1354, 21, 41, 2, 0, '2016-06-24 14:20:42'),
(1355, 21, 42, 0, 0, '2016-06-25 22:12:52'),
(1356, 21, 43, 1, 1, '2016-06-24 14:20:56'),
(1357, 21, 44, 2, 1, '2016-06-24 14:21:02'),
(1358, 26, 38, 1, 0, '2016-06-24 15:01:01'),
(1359, 26, 37, 1, 1, '2016-06-24 15:01:17'),
(1360, 26, 39, 2, 1, '2016-06-24 15:01:37'),
(1361, 26, 40, 1, 0, '2016-06-24 15:01:50'),
(1362, 26, 41, 1, 0, '2016-06-24 15:02:04'),
(1363, 26, 42, 0, 1, '2016-06-24 15:02:36'),
(1364, 26, 43, 0, 1, '2016-06-24 15:02:49'),
(1365, 26, 44, 1, 0, '2016-06-24 15:02:57'),
(1366, 15, 37, 0, 1, '2016-06-24 18:17:56'),
(1367, 15, 38, 2, 1, '2016-06-24 18:18:15'),
(1368, 15, 39, 2, 1, '2016-06-24 18:18:31'),
(1369, 15, 40, 2, 0, '2016-06-24 18:18:48'),
(1370, 15, 42, 1, 2, '2016-06-24 18:19:10'),
(1371, 15, 43, 1, 0, '2016-06-24 18:19:21'),
(1372, 15, 44, 2, 0, '2016-06-24 18:19:30'),
(1373, 15, 41, 2, 0, '2016-06-24 18:19:55'),
(1374, 10, 37, 1, 1, '2016-06-24 20:45:16'),
(1375, 10, 38, 1, 0, '2016-06-24 20:45:32'),
(1376, 10, 39, 0, 2, '2016-06-24 20:45:41'),
(1377, 10, 40, 2, 0, '2016-06-24 20:45:53'),
(1378, 10, 41, 2, 0, '2016-06-24 20:46:04'),
(1379, 10, 42, 2, 1, '2016-06-24 20:47:51'),
(1380, 10, 43, 1, 2, '2016-06-24 20:48:26'),
(1381, 10, 44, 1, 0, '2016-06-24 20:48:37'),
(1382, 13, 37, 0, 1, '2016-06-25 08:02:12'),
(1383, 13, 38, 2, 1, '2016-06-25 08:02:24'),
(1384, 13, 39, 3, 2, '2016-06-25 08:02:38'),
(1385, 13, 40, 1, 1, '2016-06-25 08:03:09'),
(1386, 13, 41, 2, 0, '2016-06-25 08:03:19'),
(1387, 13, 42, 1, 3, '2016-06-25 08:03:33'),
(1388, 13, 43, 1, 1, '2016-06-25 08:03:43'),
(1389, 13, 44, 2, 0, '2016-06-25 08:03:55'),
(1390, 12, 37, 1, 2, '2016-06-25 09:11:30'),
(1391, 12, 38, 2, 1, '2016-06-25 09:11:40'),
(1392, 12, 39, 2, 1, '2016-06-25 09:11:47'),
(1393, 12, 40, 3, 0, '2016-06-25 09:12:00'),
(1394, 12, 41, 1, 0, '2016-06-25 09:12:09'),
(1395, 12, 42, 0, 2, '2016-06-25 09:12:19'),
(1396, 12, 43, 1, 1, '2016-06-25 09:12:44'),
(1397, 12, 44, 1, 0, '2016-06-25 09:12:55'),
(1398, 22, 37, 1, 2, '2016-06-25 10:05:47'),
(1399, 22, 38, 2, 0, '2016-06-25 10:05:57'),
(1400, 22, 39, 1, 1, '2016-06-25 10:06:24'),
(1401, 22, 40, 3, 0, '2016-06-25 10:06:35'),
(1402, 22, 41, 2, 0, '2016-06-25 10:06:44'),
(1403, 22, 42, 0, 2, '2016-06-25 10:06:56'),
(1404, 22, 43, 0, 2, '2016-06-25 10:07:19'),
(1405, 22, 44, 2, 0, '2016-06-25 10:07:35'),
(1406, 14, 37, 1, 1, '2016-06-25 11:08:49'),
(1407, 14, 38, 2, 0, '2016-06-25 11:08:58'),
(1408, 14, 39, 0, 1, '2016-06-25 11:09:18'),
(1409, 14, 40, 3, 1, '2016-06-25 11:09:29'),
(1410, 14, 41, 3, 0, '2016-06-25 11:09:37'),
(1411, 14, 42, 0, 1, '2016-06-25 11:09:50'),
(1412, 14, 43, 1, 2, '2016-06-27 10:03:49'),
(1413, 14, 44, 2, 1, '2016-06-27 10:04:04'),
(1414, 31, 37, 1, 1, '2016-06-25 11:31:20'),
(1415, 31, 38, 2, 0, '2016-06-25 11:31:29'),
(1416, 31, 39, 3, 2, '2016-06-25 11:31:45'),
(1417, 31, 40, 0, 1, '2016-06-25 11:31:58'),
(1418, 31, 41, 2, 0, '2016-06-25 11:32:07'),
(1419, 31, 42, 2, 1, '2016-06-26 10:34:27'),
(1420, 2, 37, 669645, 620818, '2016-06-25 14:03:31'),
(1421, 3, 37, 1, 1, '2016-06-25 14:03:31'),
(1422, 19, 37, 1, 1, '2016-06-25 14:03:31'),
(1423, 28, 38, 2, 0, '2016-06-25 14:13:39'),
(1424, 28, 39, 1, 2, '2016-06-25 14:13:51'),
(1425, 28, 40, 1, 0, '2016-06-25 14:14:02'),
(1426, 28, 41, 2, 0, '2016-06-25 14:14:14'),
(1427, 28, 42, 0, 1, '2016-06-25 14:14:30'),
(1428, 36, 38, 2, 1, '2016-06-25 16:24:48'),
(1429, 36, 39, 2, 1, '2016-06-25 16:25:04'),
(1430, 2, 38, 2, 0, '2016-06-25 16:32:59'),
(1431, 3, 38, 2, 0, '2016-06-25 16:32:59'),
(1432, 19, 38, 2, 0, '2016-06-25 16:32:59'),
(1433, 23, 39, 2, 1, '2016-06-25 16:52:02'),
(1434, 23, 40, 2, 1, '2016-06-25 16:52:17'),
(1435, 23, 41, 1, 0, '2016-06-25 16:52:25'),
(1436, 23, 42, 1, 2, '2016-06-25 16:53:03'),
(1437, 23, 43, 1, 2, '2016-06-25 16:53:17'),
(1438, 23, 44, 1, 0, '2016-06-25 16:53:30'),
(1439, 35, 39, 0, 1, '2016-06-25 18:32:05'),
(1440, 35, 40, 2, 1, '2016-06-25 18:32:16'),
(1441, 35, 41, 2, 0, '2016-06-25 18:32:40'),
(1442, 35, 42, 0, 2, '2016-06-25 18:32:55'),
(1443, 35, 43, 2, 0, '2016-06-25 18:33:52'),
(1444, 35, 44, 2, 0, '2016-06-25 18:34:00'),
(1445, 2, 39, 2, 1, '2016-06-25 19:50:26'),
(1446, 3, 39, 2, 1, '2016-06-25 19:50:26'),
(1447, 19, 39, 2, 1, '2016-06-25 19:50:26'),
(1448, 18, 40, 1, 0, '2016-06-26 08:35:15'),
(1449, 18, 41, 1, 0, '2016-06-26 08:35:23'),
(1450, 18, 42, 0, 1, '2016-06-26 08:35:31'),
(1451, 18, 43, 0, 1, '2016-06-26 08:35:44'),
(1452, 18, 44, 2, 0, '2016-06-26 08:35:53'),
(1453, 18, 45, 1, 0, '2016-06-26 08:36:01'),
(1454, 18, 46, 1, 0, '2016-06-26 08:36:09'),
(1455, 18, 47, 1, 0, '2016-06-26 08:36:24'),
(1456, 18, 48, 3, 0, '2016-07-03 00:50:09'),
(1457, 18, 49, 1, 0, '2016-06-26 08:36:49'),
(1458, 18, 50, 2, 1, '2016-07-06 23:38:21'),
(1459, 18, 51, 1, 1, '2016-07-10 17:51:54'),
(1460, 26, 45, 1, 1, '2016-06-26 11:49:28'),
(1461, 36, 40, 2, 0, '2016-06-26 13:04:51'),
(1462, 36, 41, 2, 1, '2016-06-26 13:05:03'),
(1463, 36, 42, 1, 2, '2016-06-26 13:05:23'),
(1464, 2, 40, 2, 0, '2016-06-26 14:05:01'),
(1465, 3, 40, 2, 0, '2016-06-26 14:05:01'),
(1466, 19, 40, 2, 0, '2016-06-26 14:05:01'),
(1467, 28, 43, 2, 1, '2016-06-26 15:30:08'),
(1468, 28, 44, 2, 0, '2016-06-26 15:30:15'),
(1469, 28, 45, 0, 2, '2016-06-26 15:30:29'),
(1470, 2, 41, 2, 0, '2016-06-26 16:30:16'),
(1471, 3, 41, 2, 0, '2016-06-26 16:30:16'),
(1472, 19, 41, 2, 0, '2016-06-26 16:30:16'),
(1473, 2, 42, 1, 1, '2016-06-26 19:36:03'),
(1474, 3, 42, 0, 1, '2016-06-26 19:36:03'),
(1475, 19, 42, 0, 1, '2016-06-26 19:36:03'),
(1476, 11, 45, 1, 1, '2016-06-26 21:41:59'),
(1477, 11, 46, 0, 2, '2016-06-26 21:42:19'),
(1478, 11, 47, 2, 1, '2016-06-26 21:42:40'),
(1479, 11, 48, 2, 0, '2016-06-26 21:42:53'),
(1480, 11, 49, 0, 2, '2016-06-26 21:43:13'),
(1481, 11, 50, 2, 1, '2016-06-26 21:43:24'),
(1482, 11, 51, 2, 1, '2016-06-26 21:43:44'),
(1483, 32, 44, 2, 0, '2016-06-27 08:40:26'),
(1484, 32, 43, 0, 1, '2016-06-27 08:40:17'),
(1485, 1, 46, 1, 2, '2016-06-27 09:31:50'),
(1486, 1, 45, 0, 1, '2016-06-27 09:32:05'),
(1487, 1, 47, 1, 1, '2016-06-27 09:32:20'),
(1488, 1, 48, 2, 1, '2016-06-27 09:32:30'),
(1489, 14, 45, 0, 2, '2016-06-27 10:04:25'),
(1490, 14, 46, 1, 3, '2016-06-30 22:47:00'),
(1491, 31, 43, 2, 1, '2016-06-27 13:42:59'),
(1492, 31, 44, 2, 0, '2016-06-27 13:43:06'),
(1493, 15, 45, 1, 0, '2016-06-27 14:40:30'),
(1494, 15, 46, 0, 2, '2016-06-27 14:40:41'),
(1495, 15, 47, 2, 0, '2016-06-27 14:40:49'),
(1496, 15, 48, 1, 0, '2016-06-27 14:40:54'),
(1497, 2, 43, 1, 1, '2016-06-27 16:45:35'),
(1498, 3, 43, 1, 1, '2016-06-27 16:45:35'),
(1499, 19, 43, 1, 1, '2016-06-27 16:45:35'),
(1500, 2, 44, 2, 0, '2016-06-27 19:34:31'),
(1501, 3, 44, 2, 0, '2016-06-27 19:34:31'),
(1502, 19, 44, 2, 0, '2016-06-27 19:34:31'),
(1503, 13, 45, 0, 0, '2016-06-28 09:10:56'),
(1504, 13, 46, 0, 2, '2016-06-28 09:11:05'),
(1505, 13, 47, 2, 1, '2016-06-28 09:11:19'),
(1506, 13, 48, 1, 0, '2016-06-28 09:11:40'),
(1507, 10, 45, 1, 2, '2016-06-28 20:12:04'),
(1508, 10, 46, 0, 1, '2016-06-28 20:12:27'),
(1509, 10, 47, 2, 1, '2016-06-28 20:12:38'),
(1510, 10, 48, 2, 0, '2016-06-28 20:13:02'),
(1511, 22, 45, 1, 0, '2016-06-28 21:11:51'),
(1512, 22, 46, 1, 2, '2016-06-28 21:12:15'),
(1513, 22, 47, 0, 1, '2016-06-28 21:12:56'),
(1514, 22, 48, 0, 1, '2016-06-28 21:13:03'),
(1515, 9, 45, 1, 1, '2016-06-28 22:25:01'),
(1516, 9, 46, 0, 2, '2016-06-28 22:25:11'),
(1517, 9, 47, 1, 2, '2016-06-28 22:25:27'),
(1518, 9, 48, 2, 0, '2016-06-28 22:25:37'),
(1519, 21, 45, 1, 2, '2016-06-29 10:37:31'),
(1520, 21, 46, 1, 2, '2016-06-29 10:37:38'),
(1521, 21, 47, 1, 1, '2016-06-29 10:37:47'),
(1522, 21, 48, 2, 0, '2016-06-29 10:37:58'),
(1523, 26, 46, 1, 2, '2016-06-29 13:51:29'),
(1524, 26, 47, 1, 0, '2016-06-29 13:51:54'),
(1525, 26, 48, 1, 1, '2016-06-29 13:52:07'),
(1526, 6, 45, 0, 1, '2016-06-29 16:51:40'),
(1527, 6, 46, 0, 3, '2016-06-29 16:51:49'),
(1528, 6, 47, 1, 2, '2016-06-29 16:51:56'),
(1529, 6, 48, 2, 1, '2016-06-29 16:52:05'),
(1530, 6, 49, 1, 2, '2016-06-29 16:53:09'),
(1531, 6, 50, 1, 1, '2016-06-29 16:53:32'),
(1532, 6, 51, 1, 3, '2016-06-29 16:53:44'),
(1533, 17, 45, 1, 1, '2016-06-30 00:35:37'),
(1534, 17, 46, 1, 2, '2016-06-30 00:35:45'),
(1535, 17, 47, 1, 1, '2016-06-30 00:35:53'),
(1536, 17, 48, 2, 1, '2016-06-30 00:36:05'),
(1537, 7, 47, 1, 0, '2016-06-30 09:31:06'),
(1538, 7, 48, 2, 0, '2016-06-30 09:31:13'),
(1539, 35, 45, 1, 2, '2016-06-30 10:46:36'),
(1540, 35, 46, 1, 1, '2016-06-30 10:46:43'),
(1541, 35, 47, 1, 2, '2016-06-30 10:46:50'),
(1542, 35, 48, 3, 1, '2016-06-30 10:46:57'),
(1543, 31, 45, 2, 2, '2016-06-30 12:50:03'),
(1544, 31, 46, 1, 3, '2016-06-30 12:50:13'),
(1545, 31, 47, 1, 1, '2016-06-30 12:50:19'),
(1546, 31, 48, 3, 0, '2016-06-30 12:50:27'),
(1547, 2, 45, 1, 1, '2016-06-30 20:06:06'),
(1548, 3, 45, 1, 1, '2016-06-30 20:06:06'),
(1549, 19, 45, 1, 1, '2016-06-30 20:06:06'),
(1550, 25, 46, 0, 2, '2016-06-30 20:07:47'),
(1551, 25, 47, 2, 1, '2016-06-30 20:07:59'),
(1552, 25, 48, 3, 0, '2016-06-30 20:08:14'),
(1553, 25, 49, 1, 1, '2016-06-30 20:08:25'),
(1554, 25, 50, 1, 1, '2016-07-06 21:50:59'),
(1555, 25, 51, 0, 2, '2016-07-06 21:50:50'),
(1556, 12, 46, 1, 2, '2016-06-30 20:10:19'),
(1557, 12, 47, 1, 2, '2016-06-30 20:10:28'),
(1558, 12, 48, 2, 1, '2016-06-30 20:10:53'),
(1559, 12, 49, 1, 1, '2016-06-30 20:11:01'),
(1560, 12, 50, 2, 1, '2016-06-30 20:11:11'),
(1561, 28, 46, 1, 2, '2016-06-30 20:11:11'),
(1562, 28, 47, 1, 1, '2016-06-30 20:11:19'),
(1563, 12, 51, 1, 3, '2016-07-10 17:59:06'),
(1564, 28, 48, 2, 0, '2016-06-30 20:11:27'),
(1565, 23, 46, 1, 1, '2016-06-30 20:20:32'),
(1566, 23, 47, 2, 2, '2016-06-30 20:20:44'),
(1567, 23, 48, 2, 1, '2016-06-30 20:20:55'),
(1568, 34, 46, 2, 1, '2016-06-30 22:00:54'),
(1569, 34, 47, 0, 2, '2016-06-30 22:01:11'),
(1570, 34, 48, 3, 1, '2016-06-30 22:01:35'),
(1571, 30, 46, 1, 2, '2016-06-30 22:32:26'),
(1572, 30, 47, 2, 0, '2016-06-30 22:32:43'),
(1573, 30, 48, 2, 1, '2016-06-30 22:34:01'),
(1574, 30, 49, 2, 2, '2016-07-04 14:13:43'),
(1575, 30, 50, 1, 2, '2016-07-04 14:13:57'),
(1576, 14, 47, 2, 1, '2016-06-30 22:46:40'),
(1577, 14, 48, 2, 1, '2016-06-30 22:46:48'),
(1578, 2, 46, 1, 2, '2016-07-01 20:11:31'),
(1579, 3, 46, 1, 2, '2016-07-01 20:11:31'),
(1580, 19, 46, 1, 2, '2016-07-01 20:11:31'),
(1581, 34, 49, 1, 2, '2016-07-02 08:22:30'),
(1582, 14, 49, 1, 2, '2016-07-02 10:01:57'),
(1583, 36, 47, 2, 1, '2016-07-02 19:29:01'),
(1584, 36, 48, 2, 1, '2016-07-02 19:29:22'),
(1585, 2, 47, 1, 1, '2016-07-02 20:08:19'),
(1586, 3, 47, 1, 1, '2016-07-02 20:08:19'),
(1587, 19, 47, 1, 1, '2016-07-02 20:08:19'),
(1588, 26, 49, 1, 1, '2016-07-02 22:21:38'),
(1589, 28, 49, 1, 1, '2016-07-02 22:47:31'),
(1590, 23, 49, 1, 2, '2016-07-03 12:11:43'),
(1591, 23, 50, 2, 0, '2016-07-03 12:12:06'),
(1592, 2, 48, 2, 0, '2016-07-03 19:40:47'),
(1593, 3, 48, 2, 0, '2016-07-03 19:40:47'),
(1594, 19, 48, 2, 0, '2016-07-03 19:40:47'),
(1595, 28, 50, 1, 2, '2016-07-03 22:09:50'),
(1596, 22, 49, 0, 1, '2016-07-03 23:07:25'),
(1597, 22, 50, 2, 2, '2016-07-03 23:07:45'),
(1598, 22, 51, 0, 2, '2016-07-03 23:22:05'),
(1599, 9, 49, 1, 0, '2016-07-04 07:12:09'),
(1600, 9, 50, 2, 2, '2016-07-04 07:12:37'),
(1601, 31, 49, 2, 2, '2016-07-04 09:25:12'),
(1602, 31, 50, 1, 0, '2016-07-04 09:25:29'),
(1603, 31, 51, 0, 1, '2016-07-04 09:25:38'),
(1604, 10, 49, 1, 2, '2016-07-04 14:11:38'),
(1605, 10, 50, 1, 1, '2016-07-04 14:11:53'),
(1606, 34, 50, 1, 1, '2016-07-04 16:54:17'),
(1607, 15, 49, 2, 1, '2016-07-04 17:24:52'),
(1608, 15, 50, 1, 1, '2016-07-04 17:25:06'),
(1609, 15, 51, 1, 1, '2016-07-04 17:25:18'),
(1610, 17, 49, 1, 2, '2016-07-05 00:09:49'),
(1611, 17, 50, 1, 1, '2016-07-05 00:09:57'),
(1612, 14, 50, 1, 2, '2016-07-07 10:38:29'),
(1613, 14, 51, 0, 2, '2016-07-07 22:12:26'),
(1614, 1, 49, 2, 1, '2016-07-05 10:13:02'),
(1615, 1, 50, 2, 1, '2016-07-05 10:13:12'),
(1616, 1, 51, 0, 2, '2016-07-07 21:58:13'),
(1617, 32, 49, 0, 1, '2016-07-05 18:55:01'),
(1618, 26, 50, 1, 0, '2016-07-05 21:53:30'),
(1619, 26, 51, 0, 1, '2016-07-05 21:53:50'),
(1620, 7, 49, 2, 1, '2016-07-06 12:52:47'),
(1621, 7, 50, 1, 0, '2016-07-06 12:52:53'),
(1622, 7, 51, 1, 1, '2016-07-06 12:52:57'),
(1623, 21, 49, 1, 1, '2016-07-06 17:46:37'),
(1624, 21, 50, 2, 1, '2016-07-06 17:46:55'),
(1625, 2, 49, 1, 1, '2016-07-06 19:33:38'),
(1626, 3, 49, 1, 1, '2016-07-06 19:33:38'),
(1627, 19, 49, 1, 1, '2016-07-06 19:33:38'),
(1628, 34, 51, 1, 3, '2016-07-06 22:33:55'),
(1629, 2, 50, 1, 1, '2016-07-07 20:00:36'),
(1630, 3, 50, 1, 1, '2016-07-07 20:00:36'),
(1631, 19, 50, 1, 1, '2016-07-07 20:00:36'),
(1632, 9, 51, 0, 2, '2016-07-07 21:52:03'),
(1633, 10, 51, 0, 1, '2016-07-08 20:42:34'),
(1634, 17, 51, 1, 3, '2016-07-08 23:27:30'),
(1635, 21, 51, 0, 2, '2016-07-10 08:21:38'),
(1636, 28, 51, 1, 2, '2016-07-10 14:55:06'),
(1637, 30, 51, 1, 2, '2016-07-10 16:20:14'),
(1638, 23, 51, 0, 2, '2016-07-10 18:34:53'),
(1639, 36, 51, 1, 2, '2016-07-10 18:58:38'),
(1640, 2, 51, 1, 2, '2016-07-10 19:30:06'),
(1641, 3, 51, 1, 2, '2016-07-10 19:30:06'),
(1642, 19, 51, 1, 2, '2016-07-10 19:30:06');

-- --------------------------------------------------------

--
-- Table structure for table `RememberMe`
--

DROP TABLE IF EXISTS `RememberMe`;
CREATE TABLE IF NOT EXISTS `RememberMe` (
  `UserID` int(11) NOT NULL,
  `SeriesID` int(11) NOT NULL,
  `Token` varchar(50) NOT NULL,
  `DateAdded` datetime NOT NULL
) ENGINE=InnoDB DEFAULT CHARSET=latin1;

--
-- Dumping data for table `RememberMe`
--

INSERT INTO `RememberMe` (`UserID`, `SeriesID`, `Token`, `DateAdded`) VALUES
(31, 798105537, '80b0302cc7e708ca34ecba2f1179481c', '2016-06-06 14:58:15'),
(31, 750771776, '25f4354108a8c31bd5d9ffb6c793b088', '2016-06-06 14:58:15'),
(25, 562320676, '84f22c98e3fd5252c08fda37574010b0', '2016-06-06 15:08:30'),
(25, 995842733, '4ad7b95335fc0840fcd4b45a6e844455', '2016-06-23 06:41:15'),
(1, 496260905, '9d56f71a6a301707c058957d6286d65f', '2016-06-06 15:19:05'),
(1, 279389711, 'f1bcc338c17e6a8c32fd5392070acf91', '2016-06-15 16:47:42'),
(6, 656698804, '744499136e91f901ae57e479fecd1e59', '2016-06-06 15:55:18'),
(6, 184949272, '59ad24ce451e1af6240344945ae661cd', '2016-07-04 09:56:46'),
(4, 192022284, 'a353b1c1b168098d672007ecabf7fcd4', '2016-06-06 21:10:12'),
(4, 694264808, '7e49dbbc2307ca695054d6eb16871c42', '2016-07-10 22:32:23'),
(5, 623385960, '127f23409b7c14490787b01915e0732d', '2016-06-06 22:49:57'),
(5, 892993381, '3928de446797c1105f5bfcd16e37633c', '2016-07-13 23:02:47'),
(11, 200303342, '9acb07994c8d3384e8bbfda9e27c166e', '2016-06-07 13:33:29'),
(11, 459126428, '593a5a19fea6e66c8b041b3dbcaa5476', '2016-06-09 21:38:59'),
(28, 193657585, '3d781c1e083f797b50fc85dd821847ed', '2016-06-07 18:06:49'),
(28, 313065701, 'f66306ee344c3bee84fe76024d269f21', '2016-07-10 14:54:54'),
(23, 107087650, '2800da54c0e802fac97b2494f3376a5a', '2016-06-07 22:26:38'),
(23, 751900828, '57cbe1c35b04383ca13b8eb0c5a4454f', '2016-07-03 12:10:24'),
(26, 580081748, 'c563ece9d628ac65be899f224d4672bc', '2016-06-08 21:36:13'),
(26, 220746530, 'f8d3eea8f9e9c17402411f04196c5109', '2016-06-30 22:37:29'),
(4, 670210479, '41afc61ba83d2b3802ea06023b192537', '2016-06-09 09:12:14'),
(4, 253909608, '54d43cbb615ad9d60554924c6145d2cc', '2016-07-06 21:52:33'),
(1, 438163386, '2a91f5b65295de87eb83d74ad76f4226', '2016-06-09 11:16:05'),
(1, 971784935, '4ba6ae54fa5a5275a5d19d43e37ce856', '2016-07-03 11:26:36'),
(11, 656476129, 'fa9a7a039d3503f1557fe729b0688a11', '2016-06-09 22:01:56'),
(11, 92412619, '78a5935c935b8be47f0bb47cfdc07578', '2016-06-26 21:40:20'),
(17, 67578789, 'aa39ca0569c9f31a59cd5e2c94170b80', '2016-06-10 13:30:22'),
(17, 781973383, '424866fffa2d88f6a1974d8055898b2f', '2016-07-07 21:53:41'),
(17, 91919377, '2c6a7258ba421f161cf6875501383be2', '2016-06-10 13:33:36'),
(17, 733150569, 'e3b49772e041226f26355c0b0a9c269b', '2016-07-10 23:55:48'),
(18, 933987203, '4d862b6da08f51a66d77a75edf385296', '2016-06-10 14:17:53'),
(18, 287881952, '6962762e97f4fa02edb695223e5f709c', '2016-07-10 17:51:45'),
(4, 939523372, '76aa89b2378e62ad3ed00087951deec2', '2016-06-10 15:41:07'),
(4, 364345515, 'b1ae24e0ebedf00a92c0144d547269e7', '2016-06-10 15:41:07'),
(6, 412326633, '754e3c24baa9b35f83abaa5b68539ef9', '2016-06-10 19:44:08'),
(6, 881261300, '8bdd7b97f8f8d5e1aecd761f9f43673c', '2016-07-10 19:24:50'),
(34, 14997063, '08167fee93368fd4dde32155f2bf0368', '2016-06-11 15:55:37'),
(34, 583325560, 'b9c122f7071728d05d674475c3cf8bcf', '2016-06-11 19:43:08'),
(34, 280987036, 'b3acf70c26d0b2f0a1ecb49552bfaca5', '2016-06-11 15:59:49'),
(34, 494709185, 'e456fe995f5e213be645ddf13a8b805c', '2016-07-31 05:52:24'),
(21, 758030925, '1805045041e68267696c1769d40542be', '2016-06-11 16:33:58'),
(21, 106117368, 'cc40d45c0c5f2bb6c4d9b0ad8d02259a', '2016-07-14 11:54:46'),
(22, 335875211, '0f21c49b6184ee6e944d5cded5c1e0d3', '2016-06-11 19:00:13'),
(22, 154802459, '75111b4d6db9db183c1c30ec8ceabcf1', '2016-07-07 15:52:07'),
(15, 948861061, 'f35386755d8323ba22a69eb05cfaa230', '2016-06-12 13:41:35'),
(15, 164020398, 'f06bdbb5fee5b86ed3bffebb1b7372cd', '2016-06-23 21:38:18'),
(21, 721984046, 'fb6e9a251466c2c2891babb5be3d9e54', '2016-06-12 18:37:04'),
(21, 815514465, '2a65b7cf23417dac44481d82c3182f90', '2016-06-19 00:07:55'),
(26, 646357621, '48f3f4569d5253b996edb6d445e5df72', '2016-06-12 20:05:01'),
(26, 801217549, '4c3851d4f3cddd9fffe2984e206cf6b9', '2016-06-22 19:12:47'),
(10, 51252546, 'd31eed851438a739c250cce0620e2bd4', '2016-06-12 22:22:38'),
(10, 96397353, '6077c3dd6392251fda8583d9a95ee650', '2016-08-01 07:38:02'),
(15, 992663615, 'efb087e64d2ac93915ff520e793c157c', '2016-06-13 22:06:46'),
(15, 390040252, '0a144b39ba0f099ba32b7e176c1d7bb1', '2016-06-22 23:22:25'),
(13, 235160145, '0a90ff4c14464e21a3c76fce59ba4165', '2016-06-14 10:45:54'),
(13, 690286386, 'a1638c856ef143db4789e0b81709a31f', '2016-06-21 09:05:20'),
(34, 70905231, '80c374a2fc132192ef99ced9636da830', '2016-06-15 03:00:16'),
(34, 167354671, '138d8bc690b61750b26b6e1c0d8b0dcc', '2016-06-23 03:16:01'),
(1, 821286245, '8b0da2cf09f9b22e37f39f6fa4720550', '2016-06-15 18:59:24'),
(1, 194723960, '49ed0a65ffe9883fe01922edef6e74a3', '2016-07-11 14:39:42'),
(33, 556123853, 'bfb7e08fb889b4281e992e880bd4882d', '2016-06-15 21:59:53'),
(33, 760356317, '8843876f9e4d515a2ed221a2750facfa', '2016-06-25 09:03:54'),
(1, 319633376, '08c4577e93d2f51edcb5a1a95fc5df82', '2016-06-16 18:04:40'),
(1, 262657802, 'fa28f6400c1ba3be12b44cf3753e0498', '2016-06-25 18:57:54'),
(15, 118515757, '54d65df52debb0c4dfa999abd089422c', '2016-06-20 16:41:45'),
(15, 841094656, '8054a79a914489af9f76d8b9b5652985', '2016-07-13 15:40:50'),
(11, 177986331, '51d1ab2466ab62ded9060f1803d1ef13', '2016-06-21 11:17:32'),
(11, 199819117, 'dce68d36ce386ab9f101222a9d7d8f85', '2016-06-21 11:17:32'),
(13, 464408345, '908dbddbf2b5c4d58019e5ad1a08867f', '2016-06-22 14:47:12'),
(13, 61376706, 'c66de6807747e37c9ca2b41f80374d10', '2016-08-07 10:06:10'),
(15, 996756041, '06e6a5273a634cccd3c15fb158df976b', '2016-06-24 18:17:38'),
(15, 774517401, '5a572f471041b7723746d8cf2ed22cfc', '2016-07-25 12:10:08'),
(36, 720662161, 'f6191015be39c407393ee6ca0467cc40', '2016-06-25 16:23:02'),
(36, 443794957, '1613ec187e4fb5ec3b03e73bbd7b171e', '2016-06-25 16:23:02'),
(1, 739705549, 'fac6b9ffbc9be25d7ba791ff04e38faf', '2016-07-03 21:57:00'),
(1, 164013737, '6a7a04e127d79a7a75230e6f49655566', '2016-07-10 23:35:35'),
(21, 95672853, '21157c4b6a545e2585e487a0d2263d75', '2016-07-06 17:46:09'),
(21, 913045317, 'd5047100ee58a361c0a93c5e61a6ecf3', '2016-08-04 16:34:45'),
(25, 326937464, 'a6d7dd0c43f9ce99f9edb98fb8c93457', '2016-07-06 21:50:11'),
(25, 984127386, '600cafcc6336cbaabf9d3e5fcfcb36ea', '2016-07-06 21:50:11'),
(30, 180630237, '2aabcf6b669685b286bb1c69ea0bd89b', '2016-07-10 16:18:10'),
(30, 46662504, 'e966e4b6893240cbb6ff9f8bf454bb96', '2016-07-19 22:58:34');

-- --------------------------------------------------------

--
-- Table structure for table `Role`
--

DROP TABLE IF EXISTS `Role`;
CREATE TABLE IF NOT EXISTS `Role` (
`RoleID` int(11) NOT NULL,
  `Role` varchar(50) NOT NULL
) ENGINE=InnoDB AUTO_INCREMENT=5 DEFAULT CHARSET=latin1;

--
-- Dumping data for table `Role`
--

INSERT INTO `Role` (`RoleID`, `Role`) VALUES
(1, 'Admin'),
(2, 'Mr Mean'),
(3, 'Mr Median'),
(4, 'Mr Mode');

-- --------------------------------------------------------

--
-- Table structure for table `ScoringSystem`
--

DROP TABLE IF EXISTS `ScoringSystem`;
CREATE TABLE IF NOT EXISTS `ScoringSystem` (
  `ScoringSystemID` int(11) NOT NULL,
  `Name` varchar(50) NOT NULL
) ENGINE=InnoDB DEFAULT CHARSET=latin1;

--
-- Dumping data for table `ScoringSystem`
--

INSERT INTO `ScoringSystem` (`ScoringSystemID`, `Name`) VALUES
(1, 'Official'),
(2, 'AutoQuiz');

-- --------------------------------------------------------

--
-- Table structure for table `Stage`
--

DROP TABLE IF EXISTS `Stage`;
CREATE TABLE IF NOT EXISTS `Stage` (
`StageID` int(11) NOT NULL,
  `Name` varchar(50) NOT NULL
) ENGINE=InnoDB AUTO_INCREMENT=6 DEFAULT CHARSET=latin1;

--
-- Dumping data for table `Stage`
--

INSERT INTO `Stage` (`StageID`, `Name`) VALUES
(1, 'Group Stages'),
(2, 'Round of 16'),
(3, 'Quarter Finals'),
(4, 'Semi Finals'),
(5, 'Final');

-- --------------------------------------------------------

--
-- Table structure for table `Team`
--

DROP TABLE IF EXISTS `Team`;
CREATE TABLE IF NOT EXISTS `Team` (
`TeamID` int(11) NOT NULL,
  `Name` varchar(50) NOT NULL,
  `ShortName` varchar(10) NOT NULL
) ENGINE=InnoDB AUTO_INCREMENT=25 DEFAULT CHARSET=latin1;

--
-- Dumping data for table `Team`
--

INSERT INTO `Team` (`TeamID`, `Name`, `ShortName`) VALUES
(1, 'Albania', 'ALB'),
(2, 'France', 'FRA'),
(3, 'Romania', 'ROU'),
(4, 'Switzerland', 'SUI'),
(5, 'England', 'ENG'),
(6, 'Russia', 'RUS'),
(7, 'Slovakia', 'SVK'),
(8, 'Wales', 'WAL'),
(9, 'Germany', 'GER'),
(10, 'Northern Ireland', 'NIR'),
(11, 'Poland', 'POL'),
(12, 'Ukraine', 'UKR'),
(13, 'Croatia', 'CRO'),
(14, 'Czech Republic', 'CZE'),
(15, 'Spain', 'ESP'),
(16, 'Turkey', 'TUR'),
(17, 'Belgium', 'BEL'),
(18, 'Italy', 'ITA'),
(19, 'Republic of Ireland', 'IRL'),
(20, 'Sweden', 'SWE'),
(21, 'Austria', 'AUT'),
(22, 'Hungary', 'HUN'),
(23, 'Iceland', 'ISL'),
(24, 'Portugal', 'POR');

-- --------------------------------------------------------

--
-- Table structure for table `TournamentRole`
--

DROP TABLE IF EXISTS `TournamentRole`;
CREATE TABLE IF NOT EXISTS `TournamentRole` (
`TournamentRoleID` int(11) NOT NULL,
  `Name` varchar(50) NOT NULL,
  `TeamID` int(11) DEFAULT NULL,
  `FromMatchID` int(11) DEFAULT NULL,
  `FromGroupID` int(11) DEFAULT NULL,
  `StageID` int(11) NOT NULL
) ENGINE=InnoDB AUTO_INCREMENT=55 DEFAULT CHARSET=latin1;

--
-- Dumping data for table `TournamentRole`
--

INSERT INTO `TournamentRole` (`TournamentRoleID`, `Name`, `TeamID`, `FromMatchID`, `FromGroupID`, `StageID`) VALUES
(1, 'Group A Team 1', 1, NULL, 1, 1),
(2, 'Group A Team 2', 2, NULL, 1, 1),
(3, 'Group A Team 3', 3, NULL, 1, 1),
(4, 'Group A Team 4', 4, NULL, 1, 1),
(5, 'Group B Team 1', 5, NULL, 2, 1),
(6, 'Group B Team 2', 6, NULL, 2, 1),
(7, 'Group B Team 3', 7, NULL, 2, 1),
(8, 'Group B Team 4', 8, NULL, 2, 1),
(9, 'Group C Team 1', 9, NULL, 3, 1),
(10, 'Group C Team 2', 10, NULL, 3, 1),
(11, 'Group C Team 3', 11, NULL, 3, 1),
(12, 'Group C Team 4', 12, NULL, 3, 1),
(13, 'Group D Team 1', 13, NULL, 4, 1),
(14, 'Group D Team 2', 14, NULL, 4, 1),
(15, 'Group D Team 3', 15, NULL, 4, 1),
(16, 'Group D Team 4', 16, NULL, 4, 1),
(17, 'Group E Team 1', 17, NULL, 5, 1),
(18, 'Group E Team 2', 18, NULL, 5, 1),
(19, 'Group E Team 3', 19, NULL, 5, 1),
(20, 'Group E Team 4', 20, NULL, 5, 1),
(21, 'Group F Team 1', 21, NULL, 6, 1),
(22, 'Group F Team 2', 22, NULL, 6, 1),
(23, 'Group F Team 3', 23, NULL, 6, 1),
(24, 'Group F Team 4', 24, NULL, 6, 1),
(25, 'Winner Group A', 2, NULL, 1, 2),
(26, 'Runner Up Group A', 4, NULL, 1, 2),
(27, 'Winner Group B', 8, NULL, 2, 2),
(28, 'Runner Up Group B', 5, NULL, 2, 2),
(29, 'Winner Group C', 9, NULL, 3, 2),
(30, 'Runner Up Group C', 11, NULL, 3, 2),
(31, 'Winner Group D', 13, NULL, 4, 2),
(32, 'Runner Up Group D', 15, NULL, 4, 2),
(33, 'Winner Group E', 18, NULL, 5, 2),
(34, 'Runner Up Group E', 17, NULL, 5, 2),
(35, 'Winner Group F', 22, NULL, 6, 2),
(36, 'Runner Up Group F', 23, NULL, 6, 2),
(37, 'Third Place A/C/D', 10, NULL, 7, 2),
(38, 'Third Place B/E/F', 24, NULL, 8, 2),
(39, 'Third Place C/D/E', 19, NULL, 9, 2),
(40, 'Third Place A/B/F', 7, NULL, 10, 2),
(41, 'Winner R16 1', 11, 37, NULL, 3),
(42, 'Winner R16 2', 8, 38, NULL, 3),
(43, 'Winner R16 3', 24, 39, NULL, 3),
(44, 'Winner R16 4', 2, 40, NULL, 3),
(45, 'Winner R16 5', 9, 41, NULL, 3),
(46, 'Winner R16 6', 17, 42, NULL, 3),
(47, 'Winner R16 7', 18, 43, NULL, 3),
(48, 'Winner R16 8', 23, 44, NULL, 3),
(49, 'Winner Quarter-Final 1', 24, 45, NULL, 4),
(50, 'Winner Quarter-Final 2', 8, 46, NULL, 4),
(51, 'Winner Quarter-Final 3', 9, 47, NULL, 4),
(52, 'Winner Quarter-Final 4', 2, 48, NULL, 4),
(53, 'Winner Semi-Final 1', 24, 49, NULL, 5),
(54, 'Winner Semi-Final 2', 2, 50, NULL, 5);

-- --------------------------------------------------------

--
-- Table structure for table `User`
--

DROP TABLE IF EXISTS `User`;
CREATE TABLE IF NOT EXISTS `User` (
`UserID` int(11) NOT NULL,
  `FirstName` varchar(50) NOT NULL,
  `LastName` varchar(50) NOT NULL,
  `DisplayName` varchar(50) NOT NULL,
  `Email` varchar(50) NOT NULL,
  `Password` varchar(50) NOT NULL
) ENGINE=InnoDB AUTO_INCREMENT=37 DEFAULT CHARSET=latin1;

--
-- Dumping data for table `User`
--

INSERT INTO `User` (`UserID`, `FirstName`, `LastName`, `DisplayName`, `Email`, `Password`) VALUES
(1, 'James', 'MacAdie', 'Maccas', 'james.macadie@telerealtrillium.com', 'e30a23724ec797c00135c9a6eccda61c'),
(2, 'Mr.', 'Mean', 'Mr. Mean', 'mrmean@julianrimet.com', 'f0c9a442ef67e81b3a1340ae95700eb3'),
(3, 'Mr.', 'Median', 'Mr. Median', 'mrmedian@julianrimet.com', 'f0c9a442ef67e81b3a1340ae95700eb3'),
(4, 'Richard', 'Morrison', 'Binary Boy', 'richard.morrison3@googlemail.com', '4039d3083f93bb8623b58b626b50d7b0'),
(5, 'Dan', 'Smith', 'DTM', 'dan.smith@citi.com', '9cf2146a2ebedb2e23af62c4e0d41f98'),
(6, 'William', 'MacAdie', 'Will Mac', 'will.macadie@gmail.com', '74c46d2453cc27f2911432363c986746'),
(7, 'Richard', 'Kowenicki', 'Kov', 'doctorkov@googlemail.com', '4011bbf0faf06684cc7eba99d2d016dd'),
(8, 'Sarah', 'Kowenicki', 'Sammie', 'sarahkowenicki@hotmail.com', 'eeaae7a93367d447ef056708acbc6116'),
(9, 'Mark', 'Rusling', 'The Councillor', 'markrusling@hotmail.com', '6d73f43911551b5ed98b7d6d712bf591'),
(10, 'Clare', 'MacAdie', 'Clare Mac', 'clare@macadie.co.uk', 'e706adb60ed514bd612e49c915425ed1'),
(11, 'Tom', 'MacAdie', 'Tom Mac', 'thomasmacadie@eversheds.com', '45a79221ef9f6bc2dfb4e21ad6c6f9d9'),
(12, 'Fiona', 'MacAdie', 'Fi Mac', 'fknox1@hotmail.com', '713dc3d995d57eb25e632786983ee2f3'),
(13, 'Matt', 'Margrett', 'Matt', 'mattmargrett@gmail.com', '2d0fb7f2e960f8c47ce514ce8a863c69'),
(14, 'Graham', 'Morrison', 'G.Mozz', 'gmorrison@cantab.net', 'baaf4a1cc7c187378e67535a2fb148a6'),
(15, 'James', 'Hall', 'Haller', 'james.russell.hall@gmail.com', '6e20c6b09ad5c38d6da40696f6713c8f'),
(17, 'Benjamin ', 'Hart', 'Ben', 'ben@benhart.co.uk', '2566ce3b7e59f9f23baeb77e7d4fe044'),
(18, 'Oliver', 'Peck', 'Ollie', 'oliver.peck@rocketmail.com', 'f8b4ad619a9b4f9f50451943b0b268ba'),
(19, 'Mr.', 'Mode', 'Mr. Mode', 'mrmode@julianrimet.com', 'f0c9a442ef67e81b3a1340ae95700eb3'),
(20, 'David', 'Hart', 'David', 'david@davidhart.co.uk', '52ce8dcc2d13295f76dcba6025b0f8ef'),
(21, 'Paul', 'Coupar', 'Coups', 'pcoupar@hotmail.com', '96ed9a860e90485c20c1030095b3b16c'),
(22, 'Tom', 'Peck', 'Peck', 'tompeck1000@gmail.com', '9d37874755d2f8f9cd2779996048f97f'),
(23, 'Genevieve', 'Smith', 'Gen', 'gen.smith@gmail.com', 'c4683de7ded706807b711abf5b37f79b'),
(25, 'Ross', 'Allen', 'Ross', 'rceallen@gmail.com', '410e30c15c7c9f7b5dde86ee9227c458'),
(26, 'Mark', 'Spinks', 'Mark S', 'maspinks@hotmail.com', '00a51fd1eea9f936d90f4809e62bc423'),
(27, 'Des', 'McEwan', 'Mond', 'desmcewan@hotmail.com', 'a6b251bb416b2d1880682562948e9196'),
(28, 'Charlotte', 'Peck', 'Lottie', 'happylottie@hotmail.com', 'efbed475f64469145e9b8d19f838b588'),
(30, 'Alice', 'Jones', 'Lady Peck', 'a.jones@independent.co.uk', '78c8566f78eb142414d15bd1e73bcffe'),
(31, 'Sam', 'Gallagher', 'galsnakes', 'Sam.Gallagher@progressivecp.com', '0ac550c49c9993cf4093eb4d5ca59b49'),
(32, 'Jonny', 'Pearson', 'Jonny', 'jonnyzpearson@gmail.com', '9fb568f0aca401be4db0c0635b11a276'),
(33, 'Martin', 'Ayers', 'Ayersy', 'martin.ayers@talk21.com', 'df8da059c547b3aa2f3852806e712e46'),
(34, 'Matt', 'Kerry', 'Matt K', 'mattkerry81@googlemail.com', 'dfc32a9c425dece57b0245203c24fbdc'),
(35, 'Archie', 'Bland', 'Archie', 'archie.bland@theguardian.com', 'c364e6ebeff1c877ed4fbd7302fd90bd'),
(36, 'Jari', 'Stehn', 'Sven', 'jari.stehn@gmail.com', '98848e030093528e4201e7952004c376');

-- --------------------------------------------------------

--
-- Table structure for table `UserRole`
--

DROP TABLE IF EXISTS `UserRole`;
CREATE TABLE IF NOT EXISTS `UserRole` (
`UserRoleID` int(11) NOT NULL,
  `UserID` int(11) NOT NULL,
  `RoleID` int(11) NOT NULL
) ENGINE=InnoDB AUTO_INCREMENT=5 DEFAULT CHARSET=latin1;

--
-- Dumping data for table `UserRole`
--

INSERT INTO `UserRole` (`UserRoleID`, `UserID`, `RoleID`) VALUES
(1, 1, 1),
(2, 2, 2),
(3, 3, 3),
(4, 19, 4);

-- --------------------------------------------------------

--
-- Table structure for table `Venue`
--

DROP TABLE IF EXISTS `Venue`;
CREATE TABLE IF NOT EXISTS `Venue` (
`VenueID` int(11) NOT NULL,
  `Name` varchar(50) NOT NULL,
  `City` varchar(50) NOT NULL,
  `Capacity` int(11) NOT NULL
) ENGINE=InnoDB AUTO_INCREMENT=11 DEFAULT CHARSET=latin1;

--
-- Dumping data for table `Venue`
--

INSERT INTO `Venue` (`VenueID`, `Name`, `City`, `Capacity`) VALUES
(1, 'Parc des Princes', 'Paris', 45000),
(2, 'Stade de France', 'Saint Denis', 80000),
(3, 'Stade de Bordeaux', 'Bordeaux', 42000),
(4, 'Stade Bollaert-Delelis', 'Lens', 35000),
(5, 'Stade Pierre Mauroy', 'Lille', 50000),
(6, 'Stade de Lyon', 'Lyon', 59000),
(7, 'Stade Vlodrome', 'Marseille', 67000),
(8, 'Stade de Nice', 'Nice', 35000),
(9, 'Stade Geoffroy Guichard', 'Saint-Etienne', 42000),
(10, 'Stadium de Toulouse', 'Toulouse', 33000);

--
-- Indexes for dumped tables
--

--
-- Indexes for table `Broadcaster`
--
ALTER TABLE `Broadcaster`
 ADD PRIMARY KEY (`BroadcasterID`);

--
-- Indexes for table `Emails`
--
ALTER TABLE `Emails`
 ADD PRIMARY KEY (`EmailsID`), ADD KEY `FK_Email_Match` (`MatchID`);

--
-- Indexes for table `Group`
--
ALTER TABLE `Group`
 ADD PRIMARY KEY (`GroupID`);

--
-- Indexes for table `Match`
--
ALTER TABLE `Match`
 ADD PRIMARY KEY (`MatchID`), ADD KEY `FK_Match_Venue` (`VenueID`), ADD KEY `FK_Match_Home_Team` (`HomeTeamID`), ADD KEY `FK_Match_Away_team` (`AwayTeamID`), ADD KEY `FK_Match_Broadcaster` (`BroadcasterID`), ADD KEY `FK_Match_Stage` (`StageID`), ADD KEY `FK_Match_User` (`ResultPostedBy`);

--
-- Indexes for table `MetaGroup`
--
ALTER TABLE `MetaGroup`
 ADD PRIMARY KEY (`MetaGroupID`);

--
-- Indexes for table `MetaGroupMap`
--
ALTER TABLE `MetaGroupMap`
 ADD KEY `FK_MetaGroupMap_MetaGroup` (`MetaGroupID`), ADD KEY `FK_MetaGroupMap_Group` (`GroupID`);

--
-- Indexes for table `Points`
--
ALTER TABLE `Points`
 ADD PRIMARY KEY (`PointsID`), ADD KEY `FK_Points_Match` (`MatchID`), ADD KEY `FK_Points_User` (`UserID`), ADD KEY `FK_Points_ScoringSystem` (`ScoringSystemID`);

--
-- Indexes for table `Prediction`
--
ALTER TABLE `Prediction`
 ADD PRIMARY KEY (`PredictionID`), ADD KEY `FK_Prediction_User` (`UserID`), ADD KEY `FK_Prediction_Match` (`MatchID`);

--
-- Indexes for table `RememberMe`
--
ALTER TABLE `RememberMe`
 ADD KEY `UserID` (`UserID`);

--
-- Indexes for table `Role`
--
ALTER TABLE `Role`
 ADD PRIMARY KEY (`RoleID`);

--
-- Indexes for table `ScoringSystem`
--
ALTER TABLE `ScoringSystem`
 ADD PRIMARY KEY (`ScoringSystemID`);

--
-- Indexes for table `Stage`
--
ALTER TABLE `Stage`
 ADD PRIMARY KEY (`StageID`);

--
-- Indexes for table `Team`
--
ALTER TABLE `Team`
 ADD PRIMARY KEY (`TeamID`);

--
-- Indexes for table `TournamentRole`
--
ALTER TABLE `TournamentRole`
 ADD PRIMARY KEY (`TournamentRoleID`), ADD KEY `FK_TournamentRole_Team` (`TeamID`), ADD KEY `FK_TournamentRole_Match` (`FromMatchID`), ADD KEY `FK_TournamentRole_Group` (`FromGroupID`), ADD KEY `FK_TournamentRole_Stage` (`StageID`);

--
-- Indexes for table `User`
--
ALTER TABLE `User`
 ADD PRIMARY KEY (`UserID`);

--
-- Indexes for table `UserRole`
--
ALTER TABLE `UserRole`
 ADD PRIMARY KEY (`UserRoleID`), ADD KEY `FK_UserRole_User` (`UserID`), ADD KEY `FK_UserRole_Role` (`RoleID`);

--
-- Indexes for table `Venue`
--
ALTER TABLE `Venue`
 ADD PRIMARY KEY (`VenueID`);

--
-- AUTO_INCREMENT for dumped tables
--

--
-- AUTO_INCREMENT for table `Broadcaster`
--
ALTER TABLE `Broadcaster`
MODIFY `BroadcasterID` int(11) NOT NULL AUTO_INCREMENT,AUTO_INCREMENT=4;
--
-- AUTO_INCREMENT for table `Emails`
--
ALTER TABLE `Emails`
MODIFY `EmailsID` int(11) NOT NULL AUTO_INCREMENT,AUTO_INCREMENT=52;
--
-- AUTO_INCREMENT for table `Group`
--
ALTER TABLE `Group`
MODIFY `GroupID` int(11) NOT NULL AUTO_INCREMENT,AUTO_INCREMENT=7;
--
-- AUTO_INCREMENT for table `Match`
--
ALTER TABLE `Match`
MODIFY `MatchID` int(11) NOT NULL AUTO_INCREMENT,AUTO_INCREMENT=52;
--
-- AUTO_INCREMENT for table `Points`
--
ALTER TABLE `Points`
MODIFY `PointsID` int(11) NOT NULL AUTO_INCREMENT,AUTO_INCREMENT=1684;
--
-- AUTO_INCREMENT for table `Prediction`
--
ALTER TABLE `Prediction`
MODIFY `PredictionID` int(11) NOT NULL AUTO_INCREMENT,AUTO_INCREMENT=1643;
--
-- AUTO_INCREMENT for table `Role`
--
ALTER TABLE `Role`
MODIFY `RoleID` int(11) NOT NULL AUTO_INCREMENT,AUTO_INCREMENT=5;
--
-- AUTO_INCREMENT for table `Stage`
--
ALTER TABLE `Stage`
MODIFY `StageID` int(11) NOT NULL AUTO_INCREMENT,AUTO_INCREMENT=6;
--
-- AUTO_INCREMENT for table `Team`
--
ALTER TABLE `Team`
MODIFY `TeamID` int(11) NOT NULL AUTO_INCREMENT,AUTO_INCREMENT=25;
--
-- AUTO_INCREMENT for table `TournamentRole`
--
ALTER TABLE `TournamentRole`
MODIFY `TournamentRoleID` int(11) NOT NULL AUTO_INCREMENT,AUTO_INCREMENT=55;
--
-- AUTO_INCREMENT for table `User`
--
ALTER TABLE `User`
MODIFY `UserID` int(11) NOT NULL AUTO_INCREMENT,AUTO_INCREMENT=37;
--
-- AUTO_INCREMENT for table `UserRole`
--
ALTER TABLE `UserRole`
MODIFY `UserRoleID` int(11) NOT NULL AUTO_INCREMENT,AUTO_INCREMENT=5;
--
-- AUTO_INCREMENT for table `Venue`
--
ALTER TABLE `Venue`
MODIFY `VenueID` int(11) NOT NULL AUTO_INCREMENT,AUTO_INCREMENT=11;
--
-- Constraints for dumped tables
--

--
-- Constraints for table `Emails`
--
ALTER TABLE `Emails`
ADD CONSTRAINT `FK_Email_Match` FOREIGN KEY (`MatchID`) REFERENCES `Match` (`MatchID`) ON DELETE CASCADE ON UPDATE CASCADE;

--
-- Constraints for table `Match`
--
ALTER TABLE `Match`
ADD CONSTRAINT `FK_Match_Away_Team` FOREIGN KEY (`AwayTeamID`) REFERENCES `TournamentRole` (`TournamentRoleID`) ON DELETE CASCADE ON UPDATE CASCADE,
ADD CONSTRAINT `FK_Match_Broadcaster` FOREIGN KEY (`BroadcasterID`) REFERENCES `Broadcaster` (`BroadcasterID`) ON DELETE CASCADE ON UPDATE CASCADE,
ADD CONSTRAINT `FK_Match_Home_team` FOREIGN KEY (`HomeTeamID`) REFERENCES `TournamentRole` (`TournamentRoleID`) ON DELETE CASCADE ON UPDATE CASCADE,
ADD CONSTRAINT `FK_Match_Stage` FOREIGN KEY (`StageID`) REFERENCES `Stage` (`StageID`) ON DELETE CASCADE ON UPDATE CASCADE,
ADD CONSTRAINT `FK_Match_User` FOREIGN KEY (`ResultPostedBy`) REFERENCES `User` (`UserID`) ON DELETE CASCADE ON UPDATE CASCADE,
ADD CONSTRAINT `FK_Match_Venue` FOREIGN KEY (`VenueID`) REFERENCES `Venue` (`VenueID`) ON DELETE CASCADE ON UPDATE CASCADE;

--
-- Constraints for table `MetaGroupMap`
--
ALTER TABLE `MetaGroupMap`
ADD CONSTRAINT `FK_MetaGroupMap_Group` FOREIGN KEY (`GroupID`) REFERENCES `Group` (`GroupID`) ON DELETE CASCADE ON UPDATE CASCADE,
ADD CONSTRAINT `FK_MetaGroupMap_MetaGroup` FOREIGN KEY (`MetaGroupID`) REFERENCES `MetaGroup` (`MetaGroupID`) ON DELETE CASCADE ON UPDATE CASCADE;

--
-- Constraints for table `Points`
--
ALTER TABLE `Points`
ADD CONSTRAINT `FK_Points_Match` FOREIGN KEY (`MatchID`) REFERENCES `Match` (`MatchID`) ON DELETE CASCADE ON UPDATE CASCADE,
ADD CONSTRAINT `FK_Points_ScoringSystem` FOREIGN KEY (`ScoringSystemID`) REFERENCES `ScoringSystem` (`ScoringSystemID`) ON DELETE CASCADE ON UPDATE CASCADE,
ADD CONSTRAINT `FK_Points_User` FOREIGN KEY (`UserID`) REFERENCES `User` (`UserID`) ON DELETE CASCADE ON UPDATE CASCADE;

--
-- Constraints for table `Prediction`
--
ALTER TABLE `Prediction`
ADD CONSTRAINT `FK_Prediction_Match` FOREIGN KEY (`MatchID`) REFERENCES `Match` (`MatchID`) ON DELETE CASCADE ON UPDATE CASCADE,
ADD CONSTRAINT `FK_Prediction_User` FOREIGN KEY (`UserID`) REFERENCES `User` (`UserID`) ON DELETE CASCADE ON UPDATE CASCADE;

--
-- Constraints for table `RememberMe`
--
ALTER TABLE `RememberMe`
ADD CONSTRAINT `FK_RememberMe_User` FOREIGN KEY (`UserID`) REFERENCES `User` (`UserID`) ON DELETE CASCADE ON UPDATE CASCADE;

--
-- Constraints for table `TournamentRole`
--
ALTER TABLE `TournamentRole`
ADD CONSTRAINT `FK_TournamentRole_Group` FOREIGN KEY (`FromGroupID`) REFERENCES `MetaGroup` (`MetaGroupID`) ON DELETE CASCADE ON UPDATE CASCADE,
ADD CONSTRAINT `FK_TournamentRole_Match` FOREIGN KEY (`FromMatchID`) REFERENCES `Match` (`MatchID`) ON DELETE CASCADE ON UPDATE CASCADE,
ADD CONSTRAINT `FK_TournamentRole_Stage` FOREIGN KEY (`StageID`) REFERENCES `Stage` (`StageID`) ON DELETE CASCADE ON UPDATE CASCADE,
ADD CONSTRAINT `FK_TournamentRole_Team` FOREIGN KEY (`TeamID`) REFERENCES `Team` (`TeamID`) ON DELETE CASCADE ON UPDATE CASCADE;

--
-- Constraints for table `UserRole`
--
ALTER TABLE `UserRole`
ADD CONSTRAINT `FK_UserRole_Role` FOREIGN KEY (`RoleID`) REFERENCES `Role` (`RoleID`) ON DELETE CASCADE ON UPDATE CASCADE,
ADD CONSTRAINT `FK_UserRole_User` FOREIGN KEY (`UserID`) REFERENCES `User` (`UserID`) ON DELETE CASCADE ON UPDATE CASCADE;

/*!40101 SET CHARACTER_SET_CLIENT=@OLD_CHARACTER_SET_CLIENT */;
/*!40101 SET CHARACTER_SET_RESULTS=@OLD_CHARACTER_SET_RESULTS */;
/*!40101 SET COLLATION_CONNECTION=@OLD_COLLATION_CONNECTION */;
