-- phpMyAdmin SQL Dump
-- version 4.1.8
-- http://www.phpmyadmin.net
--
-- Host: localhost
-- Generation Time: Jul 20, 2014 at 04:50 PM
-- Server version: 5.5.37-cll
-- PHP Version: 5.4.23

SET SQL_MODE = "NO_AUTO_VALUE_ON_ZERO";
SET time_zone = "+00:00";


/*!40101 SET @OLD_CHARACTER_SET_CLIENT=@@CHARACTER_SET_CLIENT */;
/*!40101 SET @OLD_CHARACTER_SET_RESULTS=@@CHARACTER_SET_RESULTS */;
/*!40101 SET @OLD_COLLATION_CONNECTION=@@COLLATION_CONNECTION */;
/*!40101 SET NAMES utf8 */;

--
-- Database: `julianri_worldcup2014`
--

-- --------------------------------------------------------

--
-- Table structure for table `Broadcaster`
--

CREATE TABLE IF NOT EXISTS `Broadcaster` (
  `BroadcasterID` int(11) NOT NULL AUTO_INCREMENT,
  `Name` varchar(10) NOT NULL,
  PRIMARY KEY (`BroadcasterID`)
) ENGINE=InnoDB  DEFAULT CHARSET=latin1 AUTO_INCREMENT=3 ;

--
-- Dumping data for table `Broadcaster`
--

INSERT INTO `Broadcaster` (`BroadcasterID`, `Name`) VALUES
(1, 'BBC'),
(2, 'ITV');

-- --------------------------------------------------------

--
-- Table structure for table `Emails`
--

CREATE TABLE IF NOT EXISTS `Emails` (
  `EmailsID` int(11) NOT NULL AUTO_INCREMENT,
  `MatchID` int(11) NOT NULL,
  `PredictionsSent` tinyint(1) NOT NULL,
  `ResultsSent` tinyint(1) NOT NULL,
  PRIMARY KEY (`EmailsID`),
  KEY `FK_Email_Match` (`MatchID`)
) ENGINE=InnoDB  DEFAULT CHARSET=latin1 AUTO_INCREMENT=65 ;

--
-- Dumping data for table `Emails`
--

INSERT INTO `Emails` (`EmailsID`, `MatchID`, `PredictionsSent`, `ResultsSent`) VALUES
(1, 1, 1, 1),
(2, 2, 1, 1),
(3, 3, 1, 1),
(4, 4, 1, 1),
(5, 5, 1, 1),
(6, 6, 1, 1),
(7, 7, 1, 1),
(8, 8, 1, 1),
(9, 9, 1, 1),
(10, 10, 1, 1),
(11, 11, 1, 1),
(12, 12, 1, 1),
(13, 13, 1, 1),
(14, 14, 1, 1),
(15, 15, 1, 1),
(16, 16, 1, 1),
(17, 17, 1, 1),
(18, 18, 1, 1),
(19, 19, 1, 1),
(20, 20, 1, 1),
(21, 21, 1, 1),
(22, 22, 1, 1),
(23, 23, 1, 1),
(24, 24, 1, 1),
(25, 25, 1, 1),
(26, 26, 1, 1),
(27, 27, 1, 1),
(28, 28, 1, 1),
(29, 29, 1, 1),
(30, 30, 1, 1),
(31, 31, 1, 1),
(32, 32, 1, 1),
(33, 33, 1, 1),
(34, 34, 1, 1),
(35, 35, 1, 1),
(36, 36, 1, 1),
(37, 37, 1, 1),
(38, 38, 1, 1),
(39, 39, 1, 1),
(40, 40, 1, 1),
(41, 41, 1, 1),
(42, 42, 1, 1),
(43, 43, 1, 1),
(44, 44, 1, 1),
(45, 45, 1, 1),
(46, 46, 1, 1),
(47, 47, 1, 1),
(48, 48, 1, 1),
(49, 49, 1, 1),
(50, 50, 1, 1),
(51, 51, 1, 1),
(52, 52, 1, 1),
(53, 53, 1, 1),
(54, 54, 1, 1),
(55, 55, 1, 1),
(56, 56, 1, 1),
(57, 57, 1, 1),
(58, 58, 1, 1),
(59, 59, 1, 1),
(60, 60, 1, 1),
(61, 61, 1, 1),
(62, 62, 1, 1),
(63, 63, 1, 1),
(64, 64, 1, 1);

-- --------------------------------------------------------

--
-- Table structure for table `Group`
--

CREATE TABLE IF NOT EXISTS `Group` (
  `GroupID` int(11) NOT NULL AUTO_INCREMENT,
  `Name` varchar(10) NOT NULL,
  PRIMARY KEY (`GroupID`)
) ENGINE=InnoDB  DEFAULT CHARSET=latin1 AUTO_INCREMENT=9 ;

--
-- Dumping data for table `Group`
--

INSERT INTO `Group` (`GroupID`, `Name`) VALUES
(1, 'A'),
(2, 'B'),
(3, 'C'),
(4, 'D'),
(5, 'E'),
(6, 'F'),
(7, 'G'),
(8, 'H');

-- --------------------------------------------------------

--
-- Table structure for table `Match`
--

CREATE TABLE IF NOT EXISTS `Match` (
  `MatchID` int(11) NOT NULL AUTO_INCREMENT,
  `Date` date NOT NULL,
  `KickOff` time NOT NULL,
  `VenueID` int(11) NOT NULL,
  `HomeTeamID` int(11) NOT NULL,
  `AwayTeamID` int(11) NOT NULL,
  `HomeTeamGoals` int(11) DEFAULT NULL,
  `AwayTeamGoals` int(11) DEFAULT NULL,
  `ResultPostedBy` int(11) DEFAULT NULL,
  `ResultPostedOn` datetime DEFAULT NULL,
  `StageID` int(11) NOT NULL DEFAULT '1',
  `BroadcasterID` int(11) NOT NULL,
  PRIMARY KEY (`MatchID`),
  KEY `FK_Match_Venue` (`VenueID`),
  KEY `FK_Match_Home_Team` (`HomeTeamID`),
  KEY `FK_Match_Away_team` (`AwayTeamID`),
  KEY `FK_Match_Broadcaster` (`BroadcasterID`),
  KEY `FK_Match_Stage` (`StageID`),
  KEY `FK_Match_User` (`ResultPostedBy`)
) ENGINE=InnoDB  DEFAULT CHARSET=latin1 AUTO_INCREMENT=65 ;

--
-- Dumping data for table `Match`
--

INSERT INTO `Match` (`MatchID`, `Date`, `KickOff`, `VenueID`, `HomeTeamID`, `AwayTeamID`, `HomeTeamGoals`, `AwayTeamGoals`, `ResultPostedBy`, `ResultPostedOn`, `StageID`, `BroadcasterID`) VALUES
(1, '2014-06-12', '21:00:00', 1, 1, 2, 3, 1, 1, '2014-06-12 22:54:46', 1, 2),
(2, '2014-06-13', '17:00:00', 2, 3, 4, 1, 0, 1, '2014-06-13 18:56:53', 1, 2),
(3, '2014-06-13', '20:00:00', 7, 5, 6, 1, 5, 1, '2014-06-13 21:51:27', 1, 1),
(4, '2014-06-13', '23:00:00', 8, 7, 8, 3, 1, 1, '2014-06-14 08:03:50', 1, 2),
(5, '2014-06-14', '17:00:00', 12, 9, 10, 3, 0, 1, '2014-06-14 18:52:53', 1, 1),
(6, '2014-06-14', '20:00:00', 3, 13, 14, 1, 3, 1, '2014-06-14 21:55:16', 1, 2),
(7, '2014-06-14', '23:00:00', 4, 15, 16, 1, 2, 1, '2014-06-15 00:53:58', 1, 1),
(8, '2014-06-15', '02:00:00', 6, 11, 12, 2, 1, 1, '2014-06-15 10:09:18', 1, 2),
(9, '2014-06-15', '17:00:00', 5, 17, 18, 2, 1, 1, '2014-06-15 18:51:11', 1, 2),
(10, '2014-06-15', '20:00:00', 10, 19, 20, 3, 0, 1, '2014-06-15 21:56:27', 1, 1),
(11, '2014-06-15', '23:00:00', 9, 21, 22, 2, 1, 1, '2014-06-16 08:45:20', 1, 1),
(12, '2014-06-16', '17:00:00', 7, 25, 26, 4, 0, 1, '2014-06-16 18:52:08', 1, 2),
(13, '2014-06-16', '20:00:00', 11, 23, 24, 0, 0, 1, '2014-06-16 21:50:49', 1, 1),
(14, '2014-06-16', '23:00:00', 2, 27, 28, 1, 2, 1, '2014-06-17 05:07:25', 1, 1),
(15, '2014-06-17', '17:00:00', 12, 29, 30, 2, 1, 1, '2014-06-17 18:52:16', 1, 2),
(16, '2014-06-17', '20:00:00', 3, 1, 3, 0, 0, 1, '2014-06-17 21:50:22', 1, 1),
(17, '2014-06-17', '23:00:00', 8, 31, 32, 1, 1, 1, '2014-06-18 05:11:18', 1, 1),
(18, '2014-06-18', '17:00:00', 10, 8, 6, 2, 3, 1, '2014-06-18 18:53:17', 1, 2),
(19, '2014-06-18', '20:00:00', 9, 5, 7, 0, 2, 1, '2014-06-18 21:56:04', 1, 1),
(20, '2014-06-18', '23:00:00', 4, 4, 2, 0, 4, 1, '2014-06-19 05:06:12', 1, 2),
(21, '2014-06-19', '17:00:00', 5, 9, 11, 2, 1, 1, '2014-06-19 19:16:50', 1, 1),
(22, '2014-06-19', '20:00:00', 1, 13, 15, 2, 1, 1, '2014-06-19 21:51:29', 1, 2),
(23, '2014-06-19', '23:00:00', 2, 12, 10, 0, 0, 1, '2014-06-20 07:01:13', 1, 1),
(24, '2014-06-20', '17:00:00', 6, 16, 14, 0, 1, 1, '2014-06-20 18:53:30', 1, 1),
(25, '2014-06-20', '20:00:00', 7, 17, 19, 2, 5, 1, '2014-06-20 21:52:07', 1, 2),
(26, '2014-06-20', '23:00:00', 11, 20, 18, 1, 2, 1, '2014-06-21 07:56:15', 1, 2),
(27, '2014-06-21', '17:00:00', 12, 21, 23, 1, 0, 1, '2014-06-21 18:53:30', 1, 2),
(28, '2014-06-21', '20:00:00', 3, 25, 27, 2, 2, 1, '2014-06-21 21:53:41', 1, 1),
(29, '2014-06-21', '23:00:00', 8, 24, 22, 1, 0, 1, '2014-06-22 09:06:29', 1, 1),
(30, '2014-06-22', '17:00:00', 9, 29, 31, 1, 0, 1, '2014-06-22 18:50:52', 1, 1),
(31, '2014-06-22', '20:00:00', 10, 32, 30, 2, 4, 1, '2014-06-22 21:51:59', 1, 2),
(32, '2014-06-22', '23:00:00', 4, 28, 26, 2, 2, 1, '2014-06-23 05:11:24', 1, 1),
(33, '2014-06-23', '17:00:00', 11, 8, 5, 0, 3, 1, '2014-06-23 18:55:17', 1, 2),
(34, '2014-06-23', '17:00:00', 1, 6, 7, 2, 0, 1, '2014-06-23 18:55:34', 1, 2),
(35, '2014-06-23', '21:00:00', 5, 4, 1, 1, 4, 1, '2014-06-23 22:53:23', 1, 2),
(36, '2014-06-23', '21:00:00', 6, 2, 3, 1, 3, 1, '2014-06-23 22:54:22', 1, 2),
(37, '2014-06-24', '17:00:00', 2, 16, 13, 0, 1, 1, '2014-06-24 19:12:59', 1, 2),
(38, '2014-06-24', '17:00:00', 12, 14, 15, 0, 0, 1, '2014-06-24 18:51:19', 1, 2),
(39, '2014-06-24', '21:00:00', 8, 12, 9, 1, 4, 1, '2014-06-25 05:07:28', 1, 1),
(40, '2014-06-24', '21:00:00', 3, 10, 11, 2, 1, 1, '2014-06-25 05:07:41', 1, 1),
(41, '2014-06-25', '17:00:00', 10, 24, 21, 2, 3, 1, '2014-06-25 19:21:22', 1, 2),
(42, '2014-06-25', '17:00:00', 7, 22, 23, 3, 1, 1, '2014-06-25 19:21:34', 1, 2),
(43, '2014-06-25', '21:00:00', 4, 20, 17, 0, 3, 1, '2014-06-25 22:51:52', 1, 1),
(44, '2014-06-25', '21:00:00', 9, 18, 19, 0, 0, 1, '2014-06-25 22:52:23', 1, 1),
(45, '2014-06-26', '17:00:00', 6, 28, 25, 0, 1, 1, '2014-06-26 18:57:40', 1, 1),
(46, '2014-06-26', '17:00:00', 5, 26, 27, 2, 1, 1, '2014-06-26 18:57:56', 1, 1),
(47, '2014-06-26', '21:00:00', 1, 32, 29, 0, 1, 1, '2014-06-27 05:25:23', 1, 2),
(48, '2014-06-26', '21:00:00', 11, 30, 31, 1, 1, 1, '2014-06-27 05:26:06', 1, 2),
(49, '2014-06-28', '17:00:00', 12, 33, 36, 1, 1, 1, '2014-06-28 19:41:01', 2, 1),
(50, '2014-06-28', '21:00:00', 9, 37, 40, 2, 0, 1, '2014-06-28 22:51:17', 2, 1),
(51, '2014-06-29', '17:00:00', 3, 35, 34, 2, 1, 1, '2014-06-29 18:57:49', 2, 1),
(52, '2014-06-29', '21:00:00', 6, 39, 38, 1, 1, 1, '2014-06-30 05:06:30', 2, 1),
(53, '2014-06-30', '17:00:00', 5, 41, 44, 2, 0, 1, '2014-06-30 18:54:55', 2, 1),
(54, '2014-06-30', '21:00:00', 10, 45, 48, 2, 1, 1, '2014-07-01 05:09:39', 2, 1),
(55, '2014-07-01', '17:00:00', 1, 43, 42, 1, 0, 1, '2014-07-01 19:36:23', 2, 1),
(56, '2014-07-01', '21:00:00', 7, 47, 46, 2, 1, 1, '2014-07-01 23:31:55', 2, 1),
(57, '2014-07-04', '17:00:00', 9, 53, 54, 0, 1, 1, '2014-07-04 18:56:33', 3, 1),
(58, '2014-07-04', '21:00:00', 3, 49, 50, 2, 1, 1, '2014-07-04 22:55:12', 3, 1),
(59, '2014-07-05', '17:00:00', 5, 55, 56, 1, 0, 1, '2014-07-05 20:02:15', 3, 1),
(60, '2014-07-05', '21:00:00', 7, 51, 52, 0, 0, 1, '2014-07-06 09:00:04', 3, 1),
(61, '2014-07-08', '21:00:00', 12, 57, 58, 7, 1, 1, '2014-07-08 22:48:36', 4, 1),
(62, '2014-07-09', '21:00:00', 1, 59, 60, 0, 0, 1, '2014-07-09 23:41:39', 4, 1),
(63, '2014-07-12', '21:00:00', 5, 61, 62, 0, 3, 1, '2014-07-12 22:53:17', 5, 1),
(64, '2014-07-13', '20:00:00', 9, 63, 64, 1, 0, 1, '2014-07-13 22:36:06', 5, 1);

-- --------------------------------------------------------

--
-- Table structure for table `Points`
--

CREATE TABLE IF NOT EXISTS `Points` (
  `PointsID` int(11) NOT NULL AUTO_INCREMENT,
  `ScoringSystemID` int(11) NOT NULL DEFAULT '1',
  `UserID` int(11) NOT NULL,
  `MatchID` int(11) NOT NULL,
  `ResultPoints` decimal(6,2) NOT NULL,
  `ScorePoints` decimal(6,2) NOT NULL,
  `TotalPoints` decimal(6,2) NOT NULL,
  PRIMARY KEY (`PointsID`),
  KEY `FK_Points_Match` (`MatchID`),
  KEY `FK_Points_User` (`UserID`),
  KEY `FK_Points_ScoringSystem` (`ScoringSystemID`)
) ENGINE=InnoDB  DEFAULT CHARSET=latin1 AUTO_INCREMENT=7558 ;

--
-- Dumping data for table `Points`
--

INSERT INTO `Points` (`PointsID`, `ScoringSystemID`, `UserID`, `MatchID`, `ResultPoints`, `ScorePoints`, `TotalPoints`) VALUES
(185, 1, 1, 1, '1.00', '0.00', '1.00'),
(186, 1, 10, 1, '1.00', '0.00', '1.00'),
(187, 1, 14, 1, '1.00', '0.00', '1.00'),
(188, 1, 11, 1, '1.00', '2.00', '3.00'),
(189, 1, 5, 1, '1.00', '0.00', '1.00'),
(190, 1, 9, 1, '1.00', '0.00', '1.00'),
(191, 1, 6, 1, '1.00', '2.00', '3.00'),
(192, 1, 15, 1, '1.00', '0.00', '1.00'),
(193, 1, 7, 1, '1.00', '0.00', '1.00'),
(194, 1, 4, 1, '1.00', '0.00', '1.00'),
(195, 1, 20, 1, '1.00', '0.00', '1.00'),
(196, 1, 13, 1, '1.00', '0.00', '1.00'),
(197, 1, 16, 1, '1.00', '0.00', '1.00'),
(198, 1, 12, 1, '1.00', '0.00', '1.00'),
(199, 1, 18, 1, '1.00', '0.00', '1.00'),
(200, 1, 24, 1, '1.00', '2.00', '3.00'),
(201, 1, 17, 1, '1.00', '2.00', '3.00'),
(202, 1, 25, 1, '1.00', '0.00', '1.00'),
(203, 1, 8, 1, '1.00', '0.00', '1.00'),
(204, 1, 26, 1, '1.00', '0.00', '1.00'),
(205, 1, 22, 1, '1.00', '0.00', '1.00'),
(206, 1, 23, 1, '1.00', '0.00', '1.00'),
(207, 1, 27, 1, '1.00', '2.00', '3.00'),
(208, 1, 21, 1, '1.00', '0.00', '1.00'),
(209, 1, 29, 1, '1.00', '0.00', '1.00'),
(210, 1, 2, 1, '1.00', '0.00', '1.00'),
(211, 1, 3, 1, '1.00', '0.00', '1.00'),
(212, 1, 19, 1, '1.00', '0.00', '1.00'),
(213, 1, 1, 2, '1.00', '2.00', '3.00'),
(214, 1, 10, 2, '0.00', '0.00', '0.00'),
(215, 1, 11, 2, '0.00', '0.00', '0.00'),
(216, 1, 5, 2, '0.00', '0.00', '0.00'),
(217, 1, 9, 2, '0.00', '0.00', '0.00'),
(218, 1, 6, 2, '1.00', '2.00', '3.00'),
(219, 1, 7, 2, '0.00', '0.00', '0.00'),
(220, 1, 4, 2, '1.00', '2.00', '3.00'),
(221, 1, 20, 2, '1.00', '0.00', '1.00'),
(222, 1, 13, 2, '0.00', '0.00', '0.00'),
(223, 1, 14, 2, '1.00', '2.00', '3.00'),
(224, 1, 16, 2, '1.00', '0.00', '1.00'),
(225, 1, 12, 2, '1.00', '0.00', '1.00'),
(226, 1, 24, 2, '1.00', '0.00', '1.00'),
(227, 1, 17, 2, '0.00', '0.00', '0.00'),
(228, 1, 25, 2, '0.00', '0.00', '0.00'),
(229, 1, 8, 2, '1.00', '0.00', '1.00'),
(230, 1, 26, 2, '1.00', '2.00', '3.00'),
(231, 1, 22, 2, '1.00', '2.00', '3.00'),
(232, 1, 23, 2, '0.00', '0.00', '0.00'),
(233, 1, 27, 2, '1.00', '0.00', '1.00'),
(234, 1, 21, 2, '1.00', '0.00', '1.00'),
(235, 1, 15, 2, '1.00', '2.00', '3.00'),
(236, 1, 28, 2, '1.00', '0.00', '1.00'),
(237, 1, 18, 2, '1.00', '2.00', '3.00'),
(238, 1, 29, 2, '1.00', '2.00', '3.00'),
(239, 1, 2, 2, '0.00', '0.00', '0.00'),
(240, 1, 3, 2, '0.00', '0.00', '0.00'),
(241, 1, 19, 2, '1.00', '2.00', '3.00'),
(242, 1, 10, 3, '0.00', '0.00', '0.00'),
(243, 1, 1, 3, '0.00', '0.00', '0.00'),
(244, 1, 11, 3, '0.00', '0.00', '0.00'),
(245, 1, 5, 3, '0.00', '0.00', '0.00'),
(246, 1, 9, 3, '0.00', '0.00', '0.00'),
(247, 1, 6, 3, '0.00', '0.00', '0.00'),
(248, 1, 7, 3, '0.00', '0.00', '0.00'),
(249, 1, 4, 3, '0.00', '0.00', '0.00'),
(250, 1, 20, 3, '0.00', '0.00', '0.00'),
(251, 1, 13, 3, '0.00', '0.00', '0.00'),
(252, 1, 14, 3, '0.00', '0.00', '0.00'),
(253, 1, 16, 3, '0.00', '0.00', '0.00'),
(254, 1, 12, 3, '0.00', '0.00', '0.00'),
(255, 1, 24, 3, '0.00', '0.00', '0.00'),
(256, 1, 17, 3, '0.00', '0.00', '0.00'),
(257, 1, 25, 3, '0.00', '0.00', '0.00'),
(258, 1, 8, 3, '0.00', '0.00', '0.00'),
(259, 1, 26, 3, '0.00', '0.00', '0.00'),
(260, 1, 22, 3, '0.00', '0.00', '0.00'),
(261, 1, 23, 3, '0.00', '0.00', '0.00'),
(262, 1, 27, 3, '0.00', '0.00', '0.00'),
(263, 1, 21, 3, '0.00', '0.00', '0.00'),
(264, 1, 15, 3, '0.00', '0.00', '0.00'),
(265, 1, 28, 3, '0.00', '0.00', '0.00'),
(266, 1, 18, 3, '0.00', '0.00', '0.00'),
(267, 1, 29, 3, '0.00', '0.00', '0.00'),
(268, 1, 2, 3, '0.00', '0.00', '0.00'),
(269, 1, 3, 3, '0.00', '0.00', '0.00'),
(270, 1, 19, 3, '0.00', '0.00', '0.00'),
(271, 1, 10, 4, '1.00', '0.00', '1.00'),
(272, 1, 1, 4, '1.00', '0.00', '1.00'),
(273, 1, 11, 4, '1.00', '0.00', '1.00'),
(274, 1, 9, 4, '1.00', '2.00', '3.00'),
(275, 1, 6, 4, '1.00', '0.00', '1.00'),
(276, 1, 7, 4, '0.00', '0.00', '0.00'),
(277, 1, 4, 4, '1.00', '0.00', '1.00'),
(278, 1, 20, 4, '1.00', '0.00', '1.00'),
(279, 1, 13, 4, '1.00', '0.00', '1.00'),
(280, 1, 14, 4, '1.00', '0.00', '1.00'),
(281, 1, 16, 4, '1.00', '0.00', '1.00'),
(282, 1, 12, 4, '1.00', '0.00', '1.00'),
(283, 1, 24, 4, '1.00', '0.00', '1.00'),
(284, 1, 17, 4, '1.00', '0.00', '1.00'),
(285, 1, 25, 4, '0.00', '0.00', '0.00'),
(286, 1, 8, 4, '1.00', '0.00', '1.00'),
(287, 1, 26, 4, '1.00', '0.00', '1.00'),
(288, 1, 22, 4, '1.00', '0.00', '1.00'),
(289, 1, 23, 4, '1.00', '0.00', '1.00'),
(290, 1, 27, 4, '1.00', '0.00', '1.00'),
(291, 1, 21, 4, '1.00', '0.00', '1.00'),
(292, 1, 15, 4, '0.00', '0.00', '0.00'),
(293, 1, 5, 4, '1.00', '0.00', '1.00'),
(294, 1, 28, 4, '1.00', '0.00', '1.00'),
(295, 1, 18, 4, '1.00', '0.00', '1.00'),
(296, 1, 29, 4, '1.00', '0.00', '1.00'),
(297, 1, 2, 4, '1.00', '0.00', '1.00'),
(298, 1, 3, 4, '1.00', '0.00', '1.00'),
(299, 1, 19, 4, '1.00', '0.00', '1.00'),
(300, 1, 1, 5, '1.00', '0.00', '1.00'),
(301, 1, 10, 5, '0.00', '0.00', '0.00'),
(302, 1, 11, 5, '1.00', '0.00', '1.00'),
(303, 1, 9, 5, '0.00', '0.00', '0.00'),
(304, 1, 7, 5, '1.00', '0.00', '1.00'),
(305, 1, 4, 5, '1.00', '0.00', '1.00'),
(306, 1, 20, 5, '1.00', '0.00', '1.00'),
(307, 1, 6, 5, '1.00', '0.00', '1.00'),
(308, 1, 13, 5, '1.00', '0.00', '1.00'),
(309, 1, 16, 5, '0.00', '0.00', '0.00'),
(310, 1, 12, 5, '1.00', '0.00', '1.00'),
(311, 1, 24, 5, '0.00', '0.00', '0.00'),
(312, 1, 17, 5, '1.00', '0.00', '1.00'),
(313, 1, 25, 5, '1.00', '0.00', '1.00'),
(314, 1, 8, 5, '1.00', '0.00', '1.00'),
(315, 1, 26, 5, '1.00', '0.00', '1.00'),
(316, 1, 22, 5, '0.00', '0.00', '0.00'),
(317, 1, 27, 5, '1.00', '0.00', '1.00'),
(318, 1, 21, 5, '1.00', '0.00', '1.00'),
(319, 1, 15, 5, '1.00', '0.00', '1.00'),
(320, 1, 5, 5, '1.00', '0.00', '1.00'),
(321, 1, 28, 5, '1.00', '0.00', '1.00'),
(322, 1, 18, 5, '1.00', '0.00', '1.00'),
(323, 1, 14, 5, '1.00', '0.00', '1.00'),
(324, 1, 23, 5, '1.00', '0.00', '1.00'),
(325, 1, 29, 5, '1.00', '0.00', '1.00'),
(326, 1, 2, 5, '1.00', '0.00', '1.00'),
(327, 1, 3, 5, '1.00', '0.00', '1.00'),
(328, 1, 19, 5, '1.00', '0.00', '1.00'),
(329, 1, 10, 6, '0.00', '0.00', '0.00'),
(330, 1, 1, 6, '0.00', '0.00', '0.00'),
(331, 1, 11, 6, '0.00', '0.00', '0.00'),
(332, 1, 9, 6, '0.00', '0.00', '0.00'),
(333, 1, 7, 6, '0.00', '0.00', '0.00'),
(334, 1, 4, 6, '0.00', '0.00', '0.00'),
(335, 1, 20, 6, '0.00', '0.00', '0.00'),
(336, 1, 6, 6, '0.00', '0.00', '0.00'),
(337, 1, 13, 6, '0.00', '0.00', '0.00'),
(338, 1, 16, 6, '0.00', '0.00', '0.00'),
(339, 1, 12, 6, '0.00', '0.00', '0.00'),
(340, 1, 24, 6, '0.00', '0.00', '0.00'),
(341, 1, 17, 6, '0.00', '0.00', '0.00'),
(342, 1, 25, 6, '0.00', '0.00', '0.00'),
(343, 1, 8, 6, '0.00', '0.00', '0.00'),
(344, 1, 26, 6, '0.00', '0.00', '0.00'),
(345, 1, 22, 6, '0.00', '0.00', '0.00'),
(346, 1, 27, 6, '0.00', '0.00', '0.00'),
(347, 1, 21, 6, '0.00', '0.00', '0.00'),
(348, 1, 15, 6, '0.00', '0.00', '0.00'),
(349, 1, 5, 6, '0.00', '0.00', '0.00'),
(350, 1, 28, 6, '0.00', '0.00', '0.00'),
(351, 1, 18, 6, '0.00', '0.00', '0.00'),
(352, 1, 14, 6, '0.00', '0.00', '0.00'),
(353, 1, 23, 6, '0.00', '0.00', '0.00'),
(354, 1, 29, 6, '0.00', '0.00', '0.00'),
(355, 1, 2, 6, '0.00', '0.00', '0.00'),
(356, 1, 3, 6, '0.00', '0.00', '0.00'),
(357, 1, 19, 6, '0.00', '0.00', '0.00'),
(358, 1, 1, 7, '0.00', '0.00', '0.00'),
(359, 1, 11, 7, '0.00', '0.00', '0.00'),
(360, 1, 9, 7, '0.00', '0.00', '0.00'),
(361, 1, 6, 7, '0.00', '0.00', '0.00'),
(362, 1, 10, 7, '0.00', '0.00', '0.00'),
(363, 1, 4, 7, '0.00', '0.00', '0.00'),
(364, 1, 20, 7, '0.00', '0.00', '0.00'),
(365, 1, 13, 7, '0.00', '0.00', '0.00'),
(366, 1, 16, 7, '1.00', '0.00', '1.00'),
(367, 1, 12, 7, '1.00', '0.00', '1.00'),
(368, 1, 24, 7, '1.00', '0.00', '1.00'),
(369, 1, 17, 7, '0.00', '0.00', '0.00'),
(370, 1, 25, 7, '0.00', '0.00', '0.00'),
(371, 1, 8, 7, '1.00', '0.00', '1.00'),
(372, 1, 26, 7, '0.00', '0.00', '0.00'),
(373, 1, 22, 7, '1.00', '0.00', '1.00'),
(374, 1, 27, 7, '0.00', '0.00', '0.00'),
(375, 1, 15, 7, '0.00', '0.00', '0.00'),
(376, 1, 5, 7, '0.00', '0.00', '0.00'),
(377, 1, 28, 7, '0.00', '0.00', '0.00'),
(378, 1, 18, 7, '0.00', '0.00', '0.00'),
(379, 1, 7, 7, '0.00', '0.00', '0.00'),
(380, 1, 14, 7, '1.00', '0.00', '1.00'),
(381, 1, 29, 7, '0.00', '0.00', '0.00'),
(382, 1, 23, 7, '0.00', '0.00', '0.00'),
(383, 1, 21, 7, '1.00', '0.00', '1.00'),
(384, 1, 2, 7, '1.00', '0.00', '1.00'),
(385, 1, 3, 7, '0.00', '0.00', '0.00'),
(386, 1, 19, 7, '1.00', '0.00', '1.00'),
(448, 1, 1, 8, '1.00', '0.00', '1.00'),
(449, 1, 11, 8, '1.00', '0.00', '1.00'),
(450, 1, 9, 8, '1.00', '0.00', '1.00'),
(451, 1, 10, 8, '1.00', '0.00', '1.00'),
(452, 1, 4, 8, '0.00', '0.00', '0.00'),
(453, 1, 20, 8, '1.00', '2.00', '3.00'),
(454, 1, 6, 8, '0.00', '0.00', '0.00'),
(455, 1, 16, 8, '1.00', '0.00', '1.00'),
(456, 1, 13, 8, '0.00', '0.00', '0.00'),
(457, 1, 12, 8, '0.00', '0.00', '0.00'),
(458, 1, 24, 8, '1.00', '0.00', '1.00'),
(459, 1, 17, 8, '0.00', '0.00', '0.00'),
(460, 1, 25, 8, '1.00', '0.00', '1.00'),
(461, 1, 8, 8, '0.00', '0.00', '0.00'),
(462, 1, 26, 8, '1.00', '0.00', '1.00'),
(463, 1, 22, 8, '1.00', '0.00', '1.00'),
(464, 1, 27, 8, '1.00', '0.00', '1.00'),
(465, 1, 15, 8, '1.00', '2.00', '3.00'),
(466, 1, 5, 8, '0.00', '0.00', '0.00'),
(467, 1, 28, 8, '1.00', '0.00', '1.00'),
(468, 1, 18, 8, '0.00', '0.00', '0.00'),
(469, 1, 14, 8, '0.00', '0.00', '0.00'),
(470, 1, 23, 8, '1.00', '2.00', '3.00'),
(471, 1, 29, 8, '1.00', '2.00', '3.00'),
(472, 1, 7, 8, '1.00', '2.00', '3.00'),
(473, 1, 21, 8, '1.00', '0.00', '1.00'),
(474, 1, 2, 8, '0.00', '0.00', '0.00'),
(475, 1, 3, 8, '1.00', '2.00', '3.00'),
(476, 1, 19, 8, '1.00', '0.00', '1.00'),
(477, 1, 1, 9, '0.00', '0.00', '0.00'),
(478, 1, 11, 9, '0.00', '0.00', '0.00'),
(479, 1, 9, 9, '0.00', '0.00', '0.00'),
(480, 1, 10, 9, '1.00', '0.00', '1.00'),
(481, 1, 4, 9, '1.00', '0.00', '1.00'),
(482, 1, 20, 9, '0.00', '0.00', '0.00'),
(483, 1, 6, 9, '0.00', '0.00', '0.00'),
(484, 1, 16, 9, '1.00', '0.00', '1.00'),
(485, 1, 13, 9, '1.00', '2.00', '3.00'),
(486, 1, 12, 9, '0.00', '0.00', '0.00'),
(487, 1, 24, 9, '0.00', '0.00', '0.00'),
(488, 1, 17, 9, '1.00', '0.00', '1.00'),
(489, 1, 25, 9, '0.00', '0.00', '0.00'),
(490, 1, 8, 9, '0.00', '0.00', '0.00'),
(491, 1, 26, 9, '0.00', '0.00', '0.00'),
(492, 1, 22, 9, '1.00', '2.00', '3.00'),
(493, 1, 27, 9, '0.00', '0.00', '0.00'),
(494, 1, 15, 9, '0.00', '0.00', '0.00'),
(495, 1, 5, 9, '0.00', '0.00', '0.00'),
(496, 1, 28, 9, '1.00', '2.00', '3.00'),
(497, 1, 18, 9, '0.00', '0.00', '0.00'),
(498, 1, 14, 9, '1.00', '2.00', '3.00'),
(499, 1, 23, 9, '0.00', '0.00', '0.00'),
(500, 1, 29, 9, '1.00', '0.00', '1.00'),
(501, 1, 7, 9, '0.00', '0.00', '0.00'),
(502, 1, 21, 9, '1.00', '2.00', '3.00'),
(503, 1, 2, 9, '0.00', '0.00', '0.00'),
(504, 1, 3, 9, '0.00', '0.00', '0.00'),
(505, 1, 19, 9, '0.00', '0.00', '0.00'),
(506, 1, 1, 10, '1.00', '0.00', '1.00'),
(507, 1, 11, 10, '0.00', '0.00', '0.00'),
(508, 1, 9, 10, '0.00', '0.00', '0.00'),
(509, 1, 10, 10, '1.00', '0.00', '1.00'),
(510, 1, 4, 10, '1.00', '0.00', '1.00'),
(511, 1, 20, 10, '1.00', '0.00', '1.00'),
(512, 1, 6, 10, '1.00', '0.00', '1.00'),
(513, 1, 16, 10, '1.00', '0.00', '1.00'),
(514, 1, 13, 10, '0.00', '0.00', '0.00'),
(515, 1, 12, 10, '1.00', '0.00', '1.00'),
(516, 1, 24, 10, '1.00', '0.00', '1.00'),
(517, 1, 17, 10, '1.00', '2.00', '3.00'),
(518, 1, 25, 10, '1.00', '0.00', '1.00'),
(519, 1, 8, 10, '1.00', '0.00', '1.00'),
(520, 1, 26, 10, '1.00', '0.00', '1.00'),
(521, 1, 22, 10, '1.00', '0.00', '1.00'),
(522, 1, 27, 10, '1.00', '0.00', '1.00'),
(523, 1, 15, 10, '1.00', '0.00', '1.00'),
(524, 1, 5, 10, '1.00', '0.00', '1.00'),
(525, 1, 28, 10, '1.00', '0.00', '1.00'),
(526, 1, 18, 10, '1.00', '0.00', '1.00'),
(527, 1, 14, 10, '1.00', '0.00', '1.00'),
(528, 1, 23, 10, '1.00', '0.00', '1.00'),
(529, 1, 29, 10, '1.00', '0.00', '1.00'),
(530, 1, 7, 10, '1.00', '0.00', '1.00'),
(531, 1, 21, 10, '1.00', '2.00', '3.00'),
(532, 1, 2, 10, '1.00', '0.00', '1.00'),
(533, 1, 3, 10, '1.00', '0.00', '1.00'),
(534, 1, 19, 10, '1.00', '0.00', '1.00'),
(535, 1, 1, 11, '1.00', '0.00', '1.00'),
(536, 1, 11, 11, '1.00', '0.00', '1.00'),
(537, 1, 9, 11, '1.00', '2.00', '3.00'),
(538, 1, 10, 11, '1.00', '0.00', '1.00'),
(539, 1, 4, 11, '1.00', '0.00', '1.00'),
(540, 1, 20, 11, '1.00', '0.00', '1.00'),
(541, 1, 6, 11, '1.00', '0.00', '1.00'),
(542, 1, 16, 11, '1.00', '0.00', '1.00'),
(543, 1, 13, 11, '1.00', '0.00', '1.00'),
(544, 1, 12, 11, '1.00', '0.00', '1.00'),
(545, 1, 24, 11, '1.00', '0.00', '1.00'),
(546, 1, 17, 11, '1.00', '0.00', '1.00'),
(547, 1, 25, 11, '1.00', '0.00', '1.00'),
(548, 1, 8, 11, '1.00', '0.00', '1.00'),
(549, 1, 26, 11, '1.00', '2.00', '3.00'),
(550, 1, 22, 11, '1.00', '0.00', '1.00'),
(551, 1, 27, 11, '1.00', '0.00', '1.00'),
(552, 1, 15, 11, '1.00', '0.00', '1.00'),
(553, 1, 5, 11, '1.00', '0.00', '1.00'),
(554, 1, 28, 11, '1.00', '0.00', '1.00'),
(555, 1, 18, 11, '1.00', '0.00', '1.00'),
(556, 1, 14, 11, '1.00', '0.00', '1.00'),
(557, 1, 23, 11, '1.00', '0.00', '1.00'),
(558, 1, 29, 11, '1.00', '0.00', '1.00'),
(559, 1, 7, 11, '1.00', '0.00', '1.00'),
(560, 1, 2, 11, '1.00', '0.00', '1.00'),
(561, 1, 3, 11, '1.00', '0.00', '1.00'),
(562, 1, 19, 11, '1.00', '0.00', '1.00'),
(563, 1, 1, 12, '1.00', '0.00', '1.00'),
(564, 1, 11, 12, '1.00', '0.00', '1.00'),
(565, 1, 9, 12, '1.00', '0.00', '1.00'),
(566, 1, 10, 12, '1.00', '0.00', '1.00'),
(567, 1, 4, 12, '0.00', '0.00', '0.00'),
(568, 1, 20, 12, '1.00', '0.00', '1.00'),
(569, 1, 6, 12, '1.00', '0.00', '1.00'),
(570, 1, 16, 12, '1.00', '0.00', '1.00'),
(571, 1, 12, 12, '1.00', '0.00', '1.00'),
(572, 1, 13, 12, '1.00', '0.00', '1.00'),
(573, 1, 24, 12, '0.00', '0.00', '0.00'),
(574, 1, 17, 12, '1.00', '0.00', '1.00'),
(575, 1, 25, 12, '0.00', '0.00', '0.00'),
(576, 1, 8, 12, '0.00', '0.00', '0.00'),
(577, 1, 26, 12, '1.00', '0.00', '1.00'),
(578, 1, 22, 12, '1.00', '0.00', '1.00'),
(579, 1, 27, 12, '0.00', '0.00', '0.00'),
(580, 1, 5, 12, '0.00', '0.00', '0.00'),
(581, 1, 28, 12, '1.00', '0.00', '1.00'),
(582, 1, 14, 12, '1.00', '0.00', '1.00'),
(583, 1, 29, 12, '1.00', '0.00', '1.00'),
(584, 1, 21, 12, '1.00', '0.00', '1.00'),
(585, 1, 7, 12, '1.00', '0.00', '1.00'),
(586, 1, 18, 12, '1.00', '0.00', '1.00'),
(587, 1, 15, 12, '1.00', '0.00', '1.00'),
(588, 1, 23, 12, '1.00', '0.00', '1.00'),
(589, 1, 2, 12, '1.00', '0.00', '1.00'),
(590, 1, 3, 12, '1.00', '0.00', '1.00'),
(591, 1, 19, 12, '1.00', '0.00', '1.00'),
(592, 1, 1, 13, '0.00', '0.00', '0.00'),
(593, 1, 11, 13, '0.00', '0.00', '0.00'),
(594, 1, 9, 13, '1.00', '0.00', '1.00'),
(595, 1, 10, 13, '0.00', '0.00', '0.00'),
(596, 1, 4, 13, '0.00', '0.00', '0.00'),
(597, 1, 20, 13, '0.00', '0.00', '0.00'),
(598, 1, 6, 13, '0.00', '0.00', '0.00'),
(599, 1, 16, 13, '0.00', '0.00', '0.00'),
(600, 1, 12, 13, '0.00', '0.00', '0.00'),
(601, 1, 13, 13, '1.00', '0.00', '1.00'),
(602, 1, 24, 13, '0.00', '0.00', '0.00'),
(603, 1, 25, 13, '1.00', '0.00', '1.00'),
(604, 1, 8, 13, '1.00', '0.00', '1.00'),
(605, 1, 26, 13, '0.00', '0.00', '0.00'),
(606, 1, 22, 13, '0.00', '0.00', '0.00'),
(607, 1, 27, 13, '1.00', '0.00', '1.00'),
(608, 1, 5, 13, '1.00', '0.00', '1.00'),
(609, 1, 28, 13, '1.00', '0.00', '1.00'),
(610, 1, 14, 13, '0.00', '0.00', '0.00'),
(611, 1, 17, 13, '0.00', '0.00', '0.00'),
(612, 1, 29, 13, '0.00', '0.00', '0.00'),
(613, 1, 21, 13, '0.00', '0.00', '0.00'),
(614, 1, 7, 13, '0.00', '0.00', '0.00'),
(615, 1, 18, 13, '0.00', '0.00', '0.00'),
(616, 1, 15, 13, '1.00', '0.00', '1.00'),
(617, 1, 23, 13, '1.00', '0.00', '1.00'),
(618, 1, 2, 13, '1.00', '0.00', '1.00'),
(619, 1, 3, 13, '1.00', '0.00', '1.00'),
(620, 1, 19, 13, '0.00', '0.00', '0.00'),
(621, 1, 1, 14, '0.00', '0.00', '0.00'),
(622, 1, 11, 14, '0.00', '0.00', '0.00'),
(623, 1, 9, 14, '0.00', '0.00', '0.00'),
(624, 1, 4, 14, '0.00', '0.00', '0.00'),
(625, 1, 20, 14, '0.00', '0.00', '0.00'),
(626, 1, 6, 14, '0.00', '0.00', '0.00'),
(627, 1, 16, 14, '0.00', '0.00', '0.00'),
(628, 1, 12, 14, '0.00', '0.00', '0.00'),
(629, 1, 13, 14, '0.00', '0.00', '0.00'),
(630, 1, 24, 14, '0.00', '0.00', '0.00'),
(631, 1, 25, 14, '0.00', '0.00', '0.00'),
(632, 1, 8, 14, '0.00', '0.00', '0.00'),
(633, 1, 26, 14, '0.00', '0.00', '0.00'),
(634, 1, 22, 14, '0.00', '0.00', '0.00'),
(635, 1, 27, 14, '0.00', '0.00', '0.00'),
(636, 1, 5, 14, '0.00', '0.00', '0.00'),
(637, 1, 28, 14, '1.00', '0.00', '1.00'),
(638, 1, 14, 14, '0.00', '0.00', '0.00'),
(639, 1, 17, 14, '0.00', '0.00', '0.00'),
(640, 1, 29, 14, '1.00', '2.00', '3.00'),
(641, 1, 10, 14, '1.00', '2.00', '3.00'),
(642, 1, 21, 14, '0.00', '0.00', '0.00'),
(643, 1, 7, 14, '0.00', '0.00', '0.00'),
(644, 1, 18, 14, '1.00', '0.00', '1.00'),
(645, 1, 15, 14, '0.00', '0.00', '0.00'),
(646, 1, 23, 14, '1.00', '2.00', '3.00'),
(647, 1, 2, 14, '0.00', '0.00', '0.00'),
(648, 1, 3, 14, '0.00', '0.00', '0.00'),
(649, 1, 19, 14, '0.00', '0.00', '0.00'),
(650, 1, 1, 15, '1.00', '0.00', '1.00'),
(651, 1, 11, 15, '1.00', '0.00', '1.00'),
(652, 1, 9, 15, '1.00', '2.00', '3.00'),
(653, 1, 4, 15, '1.00', '0.00', '1.00'),
(654, 1, 20, 15, '1.00', '0.00', '1.00'),
(655, 1, 6, 15, '1.00', '0.00', '1.00'),
(656, 1, 16, 15, '1.00', '0.00', '1.00'),
(657, 1, 12, 15, '1.00', '0.00', '1.00'),
(658, 1, 24, 15, '1.00', '0.00', '1.00'),
(659, 1, 13, 15, '1.00', '0.00', '1.00'),
(660, 1, 25, 15, '1.00', '0.00', '1.00'),
(661, 1, 26, 15, '1.00', '0.00', '1.00'),
(662, 1, 22, 15, '1.00', '0.00', '1.00'),
(663, 1, 27, 15, '1.00', '0.00', '1.00'),
(664, 1, 5, 15, '1.00', '0.00', '1.00'),
(665, 1, 28, 15, '1.00', '0.00', '1.00'),
(666, 1, 17, 15, '1.00', '0.00', '1.00'),
(667, 1, 8, 15, '1.00', '0.00', '1.00'),
(668, 1, 29, 15, '1.00', '0.00', '1.00'),
(669, 1, 21, 15, '1.00', '0.00', '1.00'),
(670, 1, 7, 15, '0.00', '0.00', '0.00'),
(671, 1, 18, 15, '1.00', '0.00', '1.00'),
(672, 1, 15, 15, '1.00', '2.00', '3.00'),
(673, 1, 14, 15, '1.00', '0.00', '1.00'),
(674, 1, 10, 15, '1.00', '0.00', '1.00'),
(675, 1, 23, 15, '1.00', '2.00', '3.00'),
(676, 1, 2, 15, '1.00', '0.00', '1.00'),
(677, 1, 3, 15, '1.00', '0.00', '1.00'),
(678, 1, 19, 15, '1.00', '0.00', '1.00'),
(679, 1, 1, 16, '0.00', '0.00', '0.00'),
(680, 1, 11, 16, '0.00', '0.00', '0.00'),
(681, 1, 9, 16, '0.00', '0.00', '0.00'),
(682, 1, 4, 16, '0.00', '0.00', '0.00'),
(683, 1, 20, 16, '0.00', '0.00', '0.00'),
(684, 1, 6, 16, '0.00', '0.00', '0.00'),
(685, 1, 16, 16, '0.00', '0.00', '0.00'),
(686, 1, 12, 16, '1.00', '0.00', '1.00'),
(687, 1, 24, 16, '0.00', '0.00', '0.00'),
(688, 1, 13, 16, '0.00', '0.00', '0.00'),
(689, 1, 25, 16, '1.00', '0.00', '1.00'),
(690, 1, 26, 16, '0.00', '0.00', '0.00'),
(691, 1, 22, 16, '0.00', '0.00', '0.00'),
(692, 1, 27, 16, '0.00', '0.00', '0.00'),
(693, 1, 5, 16, '0.00', '0.00', '0.00'),
(694, 1, 28, 16, '0.00', '0.00', '0.00'),
(695, 1, 17, 16, '0.00', '0.00', '0.00'),
(696, 1, 8, 16, '0.00', '0.00', '0.00'),
(697, 1, 29, 16, '0.00', '0.00', '0.00'),
(698, 1, 21, 16, '0.00', '0.00', '0.00'),
(699, 1, 7, 16, '0.00', '0.00', '0.00'),
(700, 1, 18, 16, '0.00', '0.00', '0.00'),
(701, 1, 15, 16, '0.00', '0.00', '0.00'),
(702, 1, 14, 16, '0.00', '0.00', '0.00'),
(703, 1, 10, 16, '0.00', '0.00', '0.00'),
(704, 1, 23, 16, '0.00', '0.00', '0.00'),
(705, 1, 2, 16, '0.00', '0.00', '0.00'),
(706, 1, 3, 16, '0.00', '0.00', '0.00'),
(707, 1, 19, 16, '0.00', '0.00', '0.00'),
(708, 1, 1, 17, '0.00', '0.00', '0.00'),
(709, 1, 11, 17, '0.00', '0.00', '0.00'),
(710, 1, 9, 17, '0.00', '0.00', '0.00'),
(711, 1, 4, 17, '0.00', '0.00', '0.00'),
(712, 1, 20, 17, '0.00', '0.00', '0.00'),
(713, 1, 6, 17, '0.00', '0.00', '0.00'),
(714, 1, 16, 17, '0.00', '0.00', '0.00'),
(715, 1, 12, 17, '0.00', '0.00', '0.00'),
(716, 1, 24, 17, '0.00', '0.00', '0.00'),
(717, 1, 13, 17, '1.00', '2.00', '3.00'),
(718, 1, 25, 17, '1.00', '2.00', '3.00'),
(719, 1, 26, 17, '0.00', '0.00', '0.00'),
(720, 1, 22, 17, '1.00', '2.00', '3.00'),
(721, 1, 27, 17, '0.00', '0.00', '0.00'),
(722, 1, 5, 17, '0.00', '0.00', '0.00'),
(723, 1, 28, 17, '0.00', '0.00', '0.00'),
(724, 1, 17, 17, '0.00', '0.00', '0.00'),
(725, 1, 8, 17, '1.00', '2.00', '3.00'),
(726, 1, 29, 17, '0.00', '0.00', '0.00'),
(727, 1, 21, 17, '0.00', '0.00', '0.00'),
(728, 1, 7, 17, '1.00', '0.00', '1.00'),
(729, 1, 18, 17, '1.00', '2.00', '3.00'),
(730, 1, 15, 17, '0.00', '0.00', '0.00'),
(731, 1, 14, 17, '0.00', '0.00', '0.00'),
(732, 1, 10, 17, '1.00', '0.00', '1.00'),
(733, 1, 23, 17, '0.00', '0.00', '0.00'),
(734, 1, 2, 17, '0.00', '0.00', '0.00'),
(735, 1, 3, 17, '0.00', '0.00', '0.00'),
(736, 1, 19, 17, '0.00', '0.00', '0.00'),
(737, 1, 1, 18, '1.00', '0.00', '1.00'),
(738, 1, 9, 18, '1.00', '0.00', '1.00'),
(739, 1, 11, 18, '1.00', '0.00', '1.00'),
(740, 1, 20, 18, '1.00', '0.00', '1.00'),
(741, 1, 6, 18, '1.00', '0.00', '1.00'),
(742, 1, 16, 18, '1.00', '0.00', '1.00'),
(743, 1, 12, 18, '1.00', '0.00', '1.00'),
(744, 1, 24, 18, '1.00', '0.00', '1.00'),
(745, 1, 13, 18, '1.00', '0.00', '1.00'),
(746, 1, 25, 18, '1.00', '0.00', '1.00'),
(747, 1, 26, 18, '1.00', '0.00', '1.00'),
(748, 1, 22, 18, '1.00', '0.00', '1.00'),
(749, 1, 27, 18, '1.00', '0.00', '1.00'),
(750, 1, 5, 18, '1.00', '0.00', '1.00'),
(751, 1, 28, 18, '1.00', '0.00', '1.00'),
(752, 1, 17, 18, '1.00', '0.00', '1.00'),
(753, 1, 8, 18, '1.00', '0.00', '1.00'),
(754, 1, 29, 18, '1.00', '0.00', '1.00'),
(755, 1, 21, 18, '1.00', '0.00', '1.00'),
(756, 1, 7, 18, '1.00', '0.00', '1.00'),
(757, 1, 15, 18, '1.00', '0.00', '1.00'),
(758, 1, 10, 18, '1.00', '0.00', '1.00'),
(759, 1, 14, 18, '1.00', '0.00', '1.00'),
(760, 1, 4, 18, '1.00', '0.00', '1.00'),
(761, 1, 23, 18, '1.00', '0.00', '1.00'),
(762, 1, 2, 18, '1.00', '0.00', '1.00'),
(763, 1, 3, 18, '1.00', '0.00', '1.00'),
(764, 1, 19, 18, '1.00', '0.00', '1.00'),
(765, 1, 1, 19, '0.00', '0.00', '0.00'),
(766, 1, 9, 19, '0.00', '0.00', '0.00'),
(767, 1, 11, 19, '0.00', '0.00', '0.00'),
(768, 1, 20, 19, '0.00', '0.00', '0.00'),
(769, 1, 6, 19, '0.00', '0.00', '0.00'),
(770, 1, 16, 19, '1.00', '0.00', '1.00'),
(771, 1, 12, 19, '0.00', '0.00', '0.00'),
(772, 1, 24, 19, '0.00', '0.00', '0.00'),
(773, 1, 13, 19, '0.00', '0.00', '0.00'),
(774, 1, 25, 19, '1.00', '0.00', '1.00'),
(775, 1, 26, 19, '0.00', '0.00', '0.00'),
(776, 1, 22, 19, '0.00', '0.00', '0.00'),
(777, 1, 27, 19, '0.00', '0.00', '0.00'),
(778, 1, 5, 19, '0.00', '0.00', '0.00'),
(779, 1, 28, 19, '0.00', '0.00', '0.00'),
(780, 1, 17, 19, '0.00', '0.00', '0.00'),
(781, 1, 8, 19, '0.00', '0.00', '0.00'),
(782, 1, 29, 19, '1.00', '0.00', '1.00'),
(783, 1, 21, 19, '0.00', '0.00', '0.00'),
(784, 1, 15, 19, '0.00', '0.00', '0.00'),
(785, 1, 10, 19, '0.00', '0.00', '0.00'),
(786, 1, 14, 19, '0.00', '0.00', '0.00'),
(787, 1, 4, 19, '0.00', '0.00', '0.00'),
(788, 1, 7, 19, '0.00', '0.00', '0.00'),
(789, 1, 23, 19, '0.00', '0.00', '0.00'),
(790, 1, 18, 19, '0.00', '0.00', '0.00'),
(791, 1, 2, 19, '0.00', '0.00', '0.00'),
(792, 1, 3, 19, '0.00', '0.00', '0.00'),
(793, 1, 19, 19, '0.00', '0.00', '0.00'),
(794, 1, 1, 20, '1.00', '0.00', '1.00'),
(795, 1, 9, 20, '1.00', '0.00', '1.00'),
(796, 1, 11, 20, '1.00', '0.00', '1.00'),
(797, 1, 20, 20, '1.00', '0.00', '1.00'),
(798, 1, 6, 20, '1.00', '0.00', '1.00'),
(799, 1, 16, 20, '1.00', '0.00', '1.00'),
(800, 1, 12, 20, '1.00', '0.00', '1.00'),
(801, 1, 24, 20, '0.00', '0.00', '0.00'),
(802, 1, 13, 20, '1.00', '0.00', '1.00'),
(803, 1, 26, 20, '1.00', '0.00', '1.00'),
(804, 1, 22, 20, '1.00', '0.00', '1.00'),
(805, 1, 25, 20, '1.00', '0.00', '1.00'),
(806, 1, 27, 20, '1.00', '0.00', '1.00'),
(807, 1, 5, 20, '1.00', '0.00', '1.00'),
(808, 1, 28, 20, '1.00', '0.00', '1.00'),
(809, 1, 8, 20, '1.00', '0.00', '1.00'),
(810, 1, 29, 20, '1.00', '0.00', '1.00'),
(811, 1, 21, 20, '1.00', '0.00', '1.00'),
(812, 1, 10, 20, '1.00', '0.00', '1.00'),
(813, 1, 17, 20, '1.00', '0.00', '1.00'),
(814, 1, 14, 20, '0.00', '0.00', '0.00'),
(815, 1, 4, 20, '1.00', '0.00', '1.00'),
(816, 1, 7, 20, '1.00', '0.00', '1.00'),
(817, 1, 23, 20, '1.00', '0.00', '1.00'),
(818, 1, 15, 20, '1.00', '0.00', '1.00'),
(819, 1, 18, 20, '0.00', '0.00', '0.00'),
(820, 1, 2, 20, '1.00', '0.00', '1.00'),
(821, 1, 3, 20, '1.00', '0.00', '1.00'),
(822, 1, 19, 20, '1.00', '0.00', '1.00'),
(823, 1, 1, 21, '1.00', '0.00', '1.00'),
(824, 1, 9, 21, '0.00', '0.00', '0.00'),
(825, 1, 11, 21, '1.00', '0.00', '1.00'),
(826, 1, 20, 21, '0.00', '0.00', '0.00'),
(827, 1, 6, 21, '1.00', '2.00', '3.00'),
(828, 1, 16, 21, '1.00', '2.00', '3.00'),
(829, 1, 12, 21, '0.00', '0.00', '0.00'),
(830, 1, 24, 21, '1.00', '0.00', '1.00'),
(831, 1, 22, 21, '1.00', '0.00', '1.00'),
(832, 1, 25, 21, '1.00', '0.00', '1.00'),
(833, 1, 27, 21, '1.00', '0.00', '1.00'),
(834, 1, 13, 21, '1.00', '0.00', '1.00'),
(835, 1, 28, 21, '1.00', '0.00', '1.00'),
(836, 1, 8, 21, '1.00', '0.00', '1.00'),
(837, 1, 26, 21, '0.00', '0.00', '0.00'),
(838, 1, 29, 21, '1.00', '2.00', '3.00'),
(839, 1, 4, 21, '0.00', '0.00', '0.00'),
(840, 1, 15, 21, '0.00', '0.00', '0.00'),
(841, 1, 10, 21, '0.00', '0.00', '0.00'),
(842, 1, 17, 21, '1.00', '2.00', '3.00'),
(843, 1, 18, 21, '1.00', '0.00', '1.00'),
(844, 1, 5, 21, '1.00', '0.00', '1.00'),
(845, 1, 23, 21, '1.00', '0.00', '1.00'),
(846, 1, 14, 21, '1.00', '0.00', '1.00'),
(847, 1, 21, 21, '1.00', '2.00', '3.00'),
(848, 1, 2, 21, '1.00', '2.00', '3.00'),
(849, 1, 3, 21, '1.00', '2.00', '3.00'),
(850, 1, 19, 21, '1.00', '2.00', '3.00'),
(851, 1, 1, 22, '0.00', '0.00', '0.00'),
(852, 1, 9, 22, '0.00', '0.00', '0.00'),
(853, 1, 11, 22, '1.00', '2.00', '3.00'),
(854, 1, 20, 22, '0.00', '0.00', '0.00'),
(855, 1, 6, 22, '0.00', '0.00', '0.00'),
(856, 1, 16, 22, '0.00', '0.00', '0.00'),
(857, 1, 12, 22, '0.00', '0.00', '0.00'),
(858, 1, 24, 22, '1.00', '2.00', '3.00'),
(859, 1, 22, 22, '0.00', '0.00', '0.00'),
(860, 1, 25, 22, '0.00', '0.00', '0.00'),
(861, 1, 27, 22, '0.00', '0.00', '0.00'),
(862, 1, 13, 22, '0.00', '0.00', '0.00'),
(863, 1, 28, 22, '0.00', '0.00', '0.00'),
(864, 1, 8, 22, '0.00', '0.00', '0.00'),
(865, 1, 26, 22, '0.00', '0.00', '0.00'),
(866, 1, 29, 22, '0.00', '0.00', '0.00'),
(867, 1, 4, 22, '0.00', '0.00', '0.00'),
(868, 1, 7, 22, '1.00', '0.00', '1.00'),
(869, 1, 15, 22, '0.00', '0.00', '0.00'),
(870, 1, 10, 22, '0.00', '0.00', '0.00'),
(871, 1, 17, 22, '0.00', '0.00', '0.00'),
(872, 1, 18, 22, '0.00', '0.00', '0.00'),
(873, 1, 5, 22, '0.00', '0.00', '0.00'),
(874, 1, 23, 22, '0.00', '0.00', '0.00'),
(875, 1, 14, 22, '0.00', '0.00', '0.00'),
(876, 1, 21, 22, '0.00', '0.00', '0.00'),
(877, 1, 2, 22, '0.00', '0.00', '0.00'),
(878, 1, 3, 22, '0.00', '0.00', '0.00'),
(879, 1, 19, 22, '0.00', '0.00', '0.00'),
(880, 1, 1, 23, '0.00', '0.00', '0.00'),
(881, 1, 9, 23, '1.00', '0.00', '1.00'),
(882, 1, 11, 23, '0.00', '0.00', '0.00'),
(883, 1, 20, 23, '0.00', '0.00', '0.00'),
(884, 1, 6, 23, '0.00', '0.00', '0.00'),
(885, 1, 16, 23, '0.00', '0.00', '0.00'),
(886, 1, 12, 23, '0.00', '0.00', '0.00'),
(887, 1, 24, 23, '1.00', '2.00', '3.00'),
(888, 1, 22, 23, '0.00', '0.00', '0.00'),
(889, 1, 25, 23, '0.00', '0.00', '0.00'),
(890, 1, 27, 23, '0.00', '0.00', '0.00'),
(891, 1, 13, 23, '0.00', '0.00', '0.00'),
(892, 1, 28, 23, '1.00', '2.00', '3.00'),
(893, 1, 8, 23, '0.00', '0.00', '0.00'),
(894, 1, 26, 23, '1.00', '0.00', '1.00'),
(895, 1, 29, 23, '0.00', '0.00', '0.00'),
(896, 1, 4, 23, '0.00', '0.00', '0.00'),
(897, 1, 7, 23, '0.00', '0.00', '0.00'),
(898, 1, 15, 23, '1.00', '2.00', '3.00'),
(899, 1, 10, 23, '0.00', '0.00', '0.00'),
(900, 1, 17, 23, '0.00', '0.00', '0.00'),
(901, 1, 18, 23, '0.00', '0.00', '0.00'),
(902, 1, 5, 23, '0.00', '0.00', '0.00'),
(903, 1, 23, 23, '0.00', '0.00', '0.00'),
(904, 1, 14, 23, '0.00', '0.00', '0.00'),
(905, 1, 21, 23, '0.00', '0.00', '0.00'),
(906, 1, 2, 23, '0.00', '0.00', '0.00'),
(907, 1, 3, 23, '0.00', '0.00', '0.00'),
(908, 1, 19, 23, '0.00', '0.00', '0.00'),
(909, 1, 1, 24, '0.00', '0.00', '0.00'),
(910, 1, 9, 24, '0.00', '0.00', '0.00'),
(911, 1, 11, 24, '0.00', '0.00', '0.00'),
(912, 1, 20, 24, '0.00', '0.00', '0.00'),
(913, 1, 6, 24, '0.00', '0.00', '0.00'),
(914, 1, 16, 24, '0.00', '0.00', '0.00'),
(915, 1, 12, 24, '0.00', '0.00', '0.00'),
(916, 1, 24, 24, '1.00', '0.00', '1.00'),
(917, 1, 22, 24, '0.00', '0.00', '0.00'),
(918, 1, 25, 24, '0.00', '0.00', '0.00'),
(919, 1, 27, 24, '0.00', '0.00', '0.00'),
(920, 1, 13, 24, '0.00', '0.00', '0.00'),
(921, 1, 28, 24, '0.00', '0.00', '0.00'),
(922, 1, 26, 24, '0.00', '0.00', '0.00'),
(923, 1, 29, 24, '0.00', '0.00', '0.00'),
(924, 1, 15, 24, '0.00', '0.00', '0.00'),
(925, 1, 17, 24, '0.00', '0.00', '0.00'),
(926, 1, 8, 24, '0.00', '0.00', '0.00'),
(927, 1, 4, 24, '0.00', '0.00', '0.00'),
(928, 1, 5, 24, '0.00', '0.00', '0.00'),
(929, 1, 14, 24, '0.00', '0.00', '0.00'),
(930, 1, 7, 24, '0.00', '0.00', '0.00'),
(931, 1, 21, 24, '0.00', '0.00', '0.00'),
(932, 1, 23, 24, '0.00', '0.00', '0.00'),
(933, 1, 18, 24, '0.00', '0.00', '0.00'),
(934, 1, 2, 24, '0.00', '0.00', '0.00'),
(935, 1, 3, 24, '0.00', '0.00', '0.00'),
(936, 1, 19, 24, '0.00', '0.00', '0.00'),
(937, 1, 1, 25, '1.00', '0.00', '1.00'),
(938, 1, 9, 25, '0.00', '0.00', '0.00'),
(939, 1, 11, 25, '0.00', '0.00', '0.00'),
(940, 1, 20, 25, '1.00', '0.00', '1.00'),
(941, 1, 6, 25, '0.00', '0.00', '0.00'),
(942, 1, 16, 25, '1.00', '0.00', '1.00'),
(943, 1, 12, 25, '0.00', '0.00', '0.00'),
(944, 1, 24, 25, '1.00', '0.00', '1.00'),
(945, 1, 22, 25, '0.00', '0.00', '0.00'),
(946, 1, 25, 25, '0.00', '0.00', '0.00'),
(947, 1, 27, 25, '1.00', '0.00', '1.00'),
(948, 1, 28, 25, '1.00', '0.00', '1.00'),
(949, 1, 26, 25, '1.00', '0.00', '1.00'),
(950, 1, 29, 25, '1.00', '0.00', '1.00'),
(951, 1, 13, 25, '1.00', '0.00', '1.00'),
(952, 1, 15, 25, '1.00', '0.00', '1.00'),
(953, 1, 17, 25, '0.00', '0.00', '0.00'),
(954, 1, 8, 25, '1.00', '0.00', '1.00'),
(955, 1, 4, 25, '1.00', '0.00', '1.00'),
(956, 1, 5, 25, '1.00', '0.00', '1.00'),
(957, 1, 14, 25, '1.00', '0.00', '1.00'),
(958, 1, 7, 25, '1.00', '0.00', '1.00'),
(959, 1, 21, 25, '1.00', '0.00', '1.00'),
(960, 1, 23, 25, '1.00', '0.00', '1.00'),
(961, 1, 18, 25, '1.00', '0.00', '1.00'),
(962, 1, 10, 25, '1.00', '0.00', '1.00'),
(963, 1, 2, 25, '1.00', '0.00', '1.00'),
(964, 1, 3, 25, '1.00', '0.00', '1.00'),
(965, 1, 19, 25, '1.00', '0.00', '1.00'),
(966, 1, 1, 26, '1.00', '0.00', '1.00'),
(967, 1, 9, 26, '0.00', '0.00', '0.00'),
(968, 1, 11, 26, '1.00', '0.00', '1.00'),
(969, 1, 20, 26, '1.00', '2.00', '3.00'),
(970, 1, 6, 26, '1.00', '0.00', '1.00'),
(971, 1, 16, 26, '1.00', '0.00', '1.00'),
(972, 1, 12, 26, '1.00', '0.00', '1.00'),
(973, 1, 24, 26, '0.00', '0.00', '0.00'),
(974, 1, 22, 26, '1.00', '0.00', '1.00'),
(975, 1, 25, 26, '1.00', '0.00', '1.00'),
(976, 1, 27, 26, '0.00', '0.00', '0.00'),
(977, 1, 13, 26, '1.00', '0.00', '1.00'),
(978, 1, 28, 26, '1.00', '0.00', '1.00'),
(979, 1, 26, 26, '0.00', '0.00', '0.00'),
(980, 1, 29, 26, '1.00', '0.00', '1.00'),
(981, 1, 15, 26, '0.00', '0.00', '0.00'),
(982, 1, 17, 26, '1.00', '0.00', '1.00'),
(983, 1, 8, 26, '1.00', '0.00', '1.00'),
(984, 1, 4, 26, '0.00', '0.00', '0.00'),
(985, 1, 5, 26, '1.00', '0.00', '1.00'),
(986, 1, 14, 26, '1.00', '0.00', '1.00'),
(987, 1, 7, 26, '1.00', '0.00', '1.00'),
(988, 1, 21, 26, '1.00', '0.00', '1.00'),
(989, 1, 23, 26, '1.00', '0.00', '1.00'),
(990, 1, 18, 26, '0.00', '0.00', '0.00'),
(991, 1, 10, 26, '1.00', '0.00', '1.00'),
(992, 1, 2, 26, '1.00', '0.00', '1.00'),
(993, 1, 3, 26, '1.00', '0.00', '1.00'),
(994, 1, 19, 26, '1.00', '0.00', '1.00'),
(995, 1, 1, 27, '1.00', '0.00', '1.00'),
(996, 1, 9, 27, '1.00', '0.00', '1.00'),
(997, 1, 11, 27, '1.00', '0.00', '1.00'),
(998, 1, 20, 27, '1.00', '0.00', '1.00'),
(999, 1, 6, 27, '1.00', '0.00', '1.00'),
(1000, 1, 16, 27, '1.00', '0.00', '1.00'),
(1001, 1, 12, 27, '1.00', '0.00', '1.00'),
(1002, 1, 24, 27, '1.00', '0.00', '1.00'),
(1003, 1, 22, 27, '1.00', '0.00', '1.00'),
(1004, 1, 25, 27, '1.00', '0.00', '1.00'),
(1005, 1, 27, 27, '1.00', '0.00', '1.00'),
(1006, 1, 13, 27, '1.00', '0.00', '1.00'),
(1007, 1, 28, 27, '1.00', '0.00', '1.00'),
(1008, 1, 26, 27, '1.00', '0.00', '1.00'),
(1009, 1, 29, 27, '1.00', '0.00', '1.00'),
(1010, 1, 17, 27, '1.00', '0.00', '1.00'),
(1011, 1, 15, 27, '1.00', '0.00', '1.00'),
(1012, 1, 8, 27, '1.00', '0.00', '1.00'),
(1013, 1, 4, 27, '1.00', '0.00', '1.00'),
(1014, 1, 5, 27, '1.00', '0.00', '1.00'),
(1015, 1, 7, 27, '1.00', '0.00', '1.00'),
(1016, 1, 14, 27, '1.00', '0.00', '1.00'),
(1017, 1, 23, 27, '1.00', '0.00', '1.00'),
(1018, 1, 18, 27, '1.00', '0.00', '1.00'),
(1019, 1, 21, 27, '1.00', '0.00', '1.00'),
(1020, 1, 10, 27, '1.00', '0.00', '1.00'),
(1021, 1, 2, 27, '1.00', '0.00', '1.00'),
(1022, 1, 3, 27, '1.00', '0.00', '1.00'),
(1023, 1, 19, 27, '1.00', '0.00', '1.00'),
(1024, 1, 1, 28, '0.00', '0.00', '0.00'),
(1025, 1, 9, 28, '0.00', '0.00', '0.00'),
(1026, 1, 11, 28, '0.00', '0.00', '0.00'),
(1027, 1, 20, 28, '0.00', '0.00', '0.00'),
(1028, 1, 6, 28, '0.00', '0.00', '0.00'),
(1029, 1, 16, 28, '0.00', '0.00', '0.00'),
(1030, 1, 12, 28, '0.00', '0.00', '0.00'),
(1031, 1, 24, 28, '0.00', '0.00', '0.00'),
(1032, 1, 22, 28, '0.00', '0.00', '0.00'),
(1033, 1, 25, 28, '0.00', '0.00', '0.00'),
(1034, 1, 27, 28, '0.00', '0.00', '0.00'),
(1035, 1, 13, 28, '0.00', '0.00', '0.00'),
(1036, 1, 28, 28, '0.00', '0.00', '0.00'),
(1037, 1, 26, 28, '0.00', '0.00', '0.00'),
(1038, 1, 29, 28, '0.00', '0.00', '0.00'),
(1039, 1, 17, 28, '0.00', '0.00', '0.00'),
(1040, 1, 15, 28, '0.00', '0.00', '0.00'),
(1041, 1, 8, 28, '0.00', '0.00', '0.00'),
(1042, 1, 4, 28, '0.00', '0.00', '0.00'),
(1043, 1, 5, 28, '0.00', '0.00', '0.00'),
(1044, 1, 7, 28, '0.00', '0.00', '0.00'),
(1045, 1, 23, 28, '0.00', '0.00', '0.00'),
(1046, 1, 18, 28, '0.00', '0.00', '0.00'),
(1047, 1, 21, 28, '0.00', '0.00', '0.00'),
(1048, 1, 10, 28, '0.00', '0.00', '0.00'),
(1049, 1, 14, 28, '0.00', '0.00', '0.00'),
(1050, 1, 2, 28, '0.00', '0.00', '0.00'),
(1051, 1, 3, 28, '0.00', '0.00', '0.00'),
(1052, 1, 19, 28, '0.00', '0.00', '0.00'),
(1053, 1, 1, 29, '0.00', '0.00', '0.00'),
(1054, 1, 11, 29, '0.00', '0.00', '0.00'),
(1055, 1, 20, 29, '0.00', '0.00', '0.00'),
(1056, 1, 6, 29, '0.00', '0.00', '0.00'),
(1057, 1, 16, 29, '0.00', '0.00', '0.00'),
(1058, 1, 12, 29, '0.00', '0.00', '0.00'),
(1059, 1, 24, 29, '1.00', '0.00', '1.00'),
(1060, 1, 22, 29, '1.00', '0.00', '1.00'),
(1061, 1, 25, 29, '0.00', '0.00', '0.00'),
(1062, 1, 27, 29, '0.00', '0.00', '0.00'),
(1063, 1, 13, 29, '1.00', '2.00', '3.00'),
(1064, 1, 28, 29, '0.00', '0.00', '0.00'),
(1065, 1, 26, 29, '0.00', '0.00', '0.00'),
(1066, 1, 29, 29, '0.00', '0.00', '0.00'),
(1067, 1, 9, 29, '0.00', '0.00', '0.00'),
(1068, 1, 17, 29, '0.00', '0.00', '0.00'),
(1069, 1, 15, 29, '0.00', '0.00', '0.00'),
(1070, 1, 8, 29, '1.00', '0.00', '1.00'),
(1071, 1, 4, 29, '1.00', '2.00', '3.00'),
(1072, 1, 5, 29, '0.00', '0.00', '0.00'),
(1073, 1, 7, 29, '0.00', '0.00', '0.00'),
(1074, 1, 23, 29, '0.00', '0.00', '0.00'),
(1075, 1, 18, 29, '0.00', '0.00', '0.00'),
(1076, 1, 21, 29, '0.00', '0.00', '0.00'),
(1077, 1, 10, 29, '1.00', '2.00', '3.00'),
(1078, 1, 14, 29, '0.00', '0.00', '0.00'),
(1079, 1, 2, 29, '0.00', '0.00', '0.00'),
(1080, 1, 3, 29, '0.00', '0.00', '0.00'),
(1081, 1, 19, 29, '0.00', '0.00', '0.00'),
(1082, 1, 1, 30, '1.00', '2.00', '3.00'),
(1083, 1, 11, 30, '1.00', '0.00', '1.00'),
(1084, 1, 20, 30, '1.00', '2.00', '3.00'),
(1085, 1, 6, 30, '1.00', '0.00', '1.00'),
(1086, 1, 16, 30, '1.00', '0.00', '1.00'),
(1087, 1, 12, 30, '0.00', '0.00', '0.00'),
(1088, 1, 24, 30, '1.00', '0.00', '1.00'),
(1089, 1, 22, 30, '1.00', '0.00', '1.00'),
(1090, 1, 25, 30, '1.00', '2.00', '3.00'),
(1091, 1, 27, 30, '1.00', '0.00', '1.00'),
(1092, 1, 13, 30, '0.00', '0.00', '0.00'),
(1093, 1, 28, 30, '1.00', '0.00', '1.00'),
(1094, 1, 26, 30, '1.00', '2.00', '3.00'),
(1095, 1, 29, 30, '1.00', '0.00', '1.00'),
(1096, 1, 9, 30, '1.00', '0.00', '1.00'),
(1097, 1, 15, 30, '1.00', '0.00', '1.00'),
(1098, 1, 8, 30, '1.00', '0.00', '1.00'),
(1099, 1, 4, 30, '0.00', '0.00', '0.00'),
(1100, 1, 5, 30, '1.00', '2.00', '3.00'),
(1101, 1, 7, 30, '1.00', '2.00', '3.00'),
(1102, 1, 18, 30, '1.00', '2.00', '3.00'),
(1103, 1, 14, 30, '0.00', '0.00', '0.00'),
(1104, 1, 17, 30, '1.00', '0.00', '1.00'),
(1105, 1, 10, 30, '1.00', '0.00', '1.00'),
(1106, 1, 23, 30, '1.00', '2.00', '3.00'),
(1107, 1, 2, 30, '1.00', '0.00', '1.00'),
(1108, 1, 3, 30, '1.00', '0.00', '1.00'),
(1109, 1, 19, 30, '1.00', '0.00', '1.00'),
(1110, 1, 1, 31, '0.00', '0.00', '0.00'),
(1111, 1, 11, 31, '0.00', '0.00', '0.00'),
(1112, 1, 20, 31, '0.00', '0.00', '0.00'),
(1113, 1, 6, 31, '0.00', '0.00', '0.00'),
(1114, 1, 16, 31, '0.00', '0.00', '0.00'),
(1115, 1, 12, 31, '0.00', '0.00', '0.00'),
(1116, 1, 24, 31, '0.00', '0.00', '0.00'),
(1117, 1, 22, 31, '0.00', '0.00', '0.00'),
(1118, 1, 25, 31, '1.00', '0.00', '1.00'),
(1119, 1, 27, 31, '0.00', '0.00', '0.00'),
(1120, 1, 13, 31, '0.00', '0.00', '0.00'),
(1121, 1, 28, 31, '0.00', '0.00', '0.00'),
(1122, 1, 26, 31, '0.00', '0.00', '0.00'),
(1123, 1, 29, 31, '0.00', '0.00', '0.00'),
(1124, 1, 9, 31, '0.00', '0.00', '0.00'),
(1125, 1, 15, 31, '0.00', '0.00', '0.00'),
(1126, 1, 8, 31, '0.00', '0.00', '0.00'),
(1127, 1, 4, 31, '0.00', '0.00', '0.00'),
(1128, 1, 5, 31, '0.00', '0.00', '0.00'),
(1129, 1, 7, 31, '0.00', '0.00', '0.00'),
(1130, 1, 18, 31, '0.00', '0.00', '0.00'),
(1131, 1, 14, 31, '0.00', '0.00', '0.00'),
(1132, 1, 17, 31, '0.00', '0.00', '0.00'),
(1133, 1, 10, 31, '0.00', '0.00', '0.00'),
(1134, 1, 23, 31, '0.00', '0.00', '0.00'),
(1135, 1, 21, 31, '0.00', '0.00', '0.00'),
(1136, 1, 2, 31, '0.00', '0.00', '0.00'),
(1137, 1, 3, 31, '0.00', '0.00', '0.00'),
(1138, 1, 19, 31, '0.00', '0.00', '0.00'),
(1139, 1, 1, 32, '0.00', '0.00', '0.00'),
(1140, 1, 11, 32, '0.00', '0.00', '0.00'),
(1141, 1, 20, 32, '1.00', '0.00', '1.00'),
(1142, 1, 6, 32, '0.00', '0.00', '0.00'),
(1143, 1, 16, 32, '0.00', '0.00', '0.00'),
(1144, 1, 12, 32, '0.00', '0.00', '0.00'),
(1145, 1, 24, 32, '0.00', '0.00', '0.00'),
(1146, 1, 22, 32, '0.00', '0.00', '0.00'),
(1147, 1, 25, 32, '0.00', '0.00', '0.00'),
(1148, 1, 27, 32, '0.00', '0.00', '0.00'),
(1149, 1, 13, 32, '1.00', '0.00', '1.00'),
(1150, 1, 28, 32, '0.00', '0.00', '0.00'),
(1151, 1, 26, 32, '0.00', '0.00', '0.00'),
(1152, 1, 29, 32, '0.00', '0.00', '0.00'),
(1153, 1, 9, 32, '0.00', '0.00', '0.00'),
(1154, 1, 15, 32, '1.00', '0.00', '1.00'),
(1155, 1, 8, 32, '0.00', '0.00', '0.00'),
(1156, 1, 4, 32, '0.00', '0.00', '0.00'),
(1157, 1, 5, 32, '0.00', '0.00', '0.00'),
(1158, 1, 7, 32, '0.00', '0.00', '0.00'),
(1159, 1, 18, 32, '0.00', '0.00', '0.00'),
(1160, 1, 14, 32, '0.00', '0.00', '0.00'),
(1161, 1, 17, 32, '1.00', '2.00', '3.00'),
(1162, 1, 10, 32, '0.00', '0.00', '0.00'),
(1163, 1, 23, 32, '0.00', '0.00', '0.00'),
(1164, 1, 21, 32, '0.00', '0.00', '0.00'),
(1165, 1, 2, 32, '0.00', '0.00', '0.00'),
(1166, 1, 3, 32, '0.00', '0.00', '0.00'),
(1167, 1, 19, 32, '0.00', '0.00', '0.00'),
(1168, 1, 1, 33, '1.00', '0.00', '1.00'),
(1169, 1, 11, 33, '1.00', '0.00', '1.00'),
(1170, 1, 20, 33, '1.00', '0.00', '1.00'),
(1171, 1, 6, 33, '0.00', '0.00', '0.00'),
(1172, 1, 16, 33, '1.00', '0.00', '1.00'),
(1173, 1, 12, 33, '1.00', '0.00', '1.00'),
(1174, 1, 24, 33, '1.00', '0.00', '1.00'),
(1175, 1, 22, 33, '1.00', '2.00', '3.00'),
(1176, 1, 25, 33, '1.00', '0.00', '1.00'),
(1177, 1, 27, 33, '1.00', '2.00', '3.00'),
(1178, 1, 28, 33, '1.00', '0.00', '1.00'),
(1179, 1, 26, 33, '1.00', '0.00', '1.00'),
(1180, 1, 29, 33, '1.00', '0.00', '1.00'),
(1181, 1, 9, 33, '1.00', '2.00', '3.00'),
(1182, 1, 15, 33, '1.00', '0.00', '1.00'),
(1183, 1, 8, 33, '0.00', '0.00', '0.00'),
(1184, 1, 4, 33, '1.00', '0.00', '1.00'),
(1185, 1, 5, 33, '1.00', '0.00', '1.00'),
(1186, 1, 7, 33, '1.00', '0.00', '1.00'),
(1187, 1, 17, 33, '1.00', '0.00', '1.00'),
(1188, 1, 10, 33, '1.00', '0.00', '1.00'),
(1189, 1, 21, 33, '1.00', '0.00', '1.00'),
(1190, 1, 18, 33, '1.00', '2.00', '3.00'),
(1191, 1, 14, 33, '1.00', '0.00', '1.00'),
(1192, 1, 23, 33, '1.00', '2.00', '3.00'),
(1193, 1, 13, 33, '1.00', '0.00', '1.00'),
(1194, 1, 2, 33, '1.00', '2.00', '3.00'),
(1195, 1, 3, 33, '1.00', '2.00', '3.00'),
(1196, 1, 19, 33, '1.00', '0.00', '1.00'),
(1197, 1, 1, 34, '0.00', '0.00', '0.00'),
(1198, 1, 11, 34, '0.00', '0.00', '0.00'),
(1199, 1, 20, 34, '1.00', '0.00', '1.00'),
(1200, 1, 6, 34, '1.00', '2.00', '3.00'),
(1201, 1, 16, 34, '1.00', '0.00', '1.00'),
(1202, 1, 12, 34, '0.00', '0.00', '0.00'),
(1203, 1, 24, 34, '0.00', '0.00', '0.00'),
(1204, 1, 22, 34, '1.00', '0.00', '1.00'),
(1205, 1, 25, 34, '0.00', '0.00', '0.00'),
(1206, 1, 27, 34, '1.00', '2.00', '3.00'),
(1207, 1, 28, 34, '1.00', '0.00', '1.00'),
(1208, 1, 29, 34, '0.00', '0.00', '0.00'),
(1209, 1, 26, 34, '1.00', '0.00', '1.00'),
(1210, 1, 9, 34, '1.00', '0.00', '1.00'),
(1211, 1, 15, 34, '1.00', '0.00', '1.00'),
(1212, 1, 8, 34, '1.00', '0.00', '1.00'),
(1213, 1, 4, 34, '0.00', '0.00', '0.00'),
(1214, 1, 5, 34, '1.00', '0.00', '1.00'),
(1215, 1, 7, 34, '1.00', '0.00', '1.00'),
(1216, 1, 17, 34, '1.00', '0.00', '1.00'),
(1217, 1, 10, 34, '1.00', '0.00', '1.00'),
(1218, 1, 21, 34, '1.00', '0.00', '1.00'),
(1219, 1, 18, 34, '1.00', '0.00', '1.00'),
(1220, 1, 14, 34, '0.00', '0.00', '0.00'),
(1221, 1, 23, 34, '0.00', '0.00', '0.00'),
(1222, 1, 13, 34, '1.00', '0.00', '1.00'),
(1223, 1, 2, 34, '1.00', '0.00', '1.00'),
(1224, 1, 3, 34, '1.00', '0.00', '1.00'),
(1225, 1, 19, 34, '1.00', '0.00', '1.00'),
(1226, 1, 1, 35, '1.00', '0.00', '1.00'),
(1227, 1, 11, 35, '1.00', '0.00', '1.00'),
(1228, 1, 20, 35, '1.00', '0.00', '1.00'),
(1229, 1, 6, 35, '1.00', '0.00', '1.00'),
(1230, 1, 16, 35, '1.00', '0.00', '1.00'),
(1231, 1, 12, 35, '1.00', '0.00', '1.00'),
(1232, 1, 24, 35, '1.00', '0.00', '1.00'),
(1233, 1, 22, 35, '1.00', '0.00', '1.00'),
(1234, 1, 25, 35, '1.00', '0.00', '1.00'),
(1235, 1, 27, 35, '1.00', '0.00', '1.00'),
(1236, 1, 28, 35, '1.00', '0.00', '1.00'),
(1237, 1, 29, 35, '1.00', '0.00', '1.00'),
(1238, 1, 26, 35, '1.00', '0.00', '1.00'),
(1239, 1, 9, 35, '1.00', '0.00', '1.00'),
(1240, 1, 15, 35, '1.00', '0.00', '1.00'),
(1241, 1, 8, 35, '1.00', '0.00', '1.00'),
(1242, 1, 4, 35, '1.00', '0.00', '1.00'),
(1243, 1, 5, 35, '1.00', '0.00', '1.00'),
(1244, 1, 7, 35, '1.00', '0.00', '1.00'),
(1245, 1, 17, 35, '1.00', '0.00', '1.00'),
(1246, 1, 10, 35, '1.00', '0.00', '1.00'),
(1247, 1, 21, 35, '1.00', '0.00', '1.00'),
(1248, 1, 18, 35, '1.00', '0.00', '1.00'),
(1249, 1, 14, 35, '1.00', '0.00', '1.00'),
(1250, 1, 23, 35, '1.00', '0.00', '1.00'),
(1251, 1, 13, 35, '1.00', '0.00', '1.00'),
(1252, 1, 2, 35, '1.00', '2.00', '3.00'),
(1253, 1, 3, 35, '1.00', '0.00', '1.00'),
(1254, 1, 19, 35, '1.00', '0.00', '1.00'),
(1255, 1, 1, 36, '1.00', '0.00', '1.00'),
(1256, 1, 11, 36, '0.00', '0.00', '0.00'),
(1257, 1, 20, 36, '0.00', '0.00', '0.00'),
(1258, 1, 6, 36, '0.00', '0.00', '0.00'),
(1259, 1, 16, 36, '0.00', '0.00', '0.00'),
(1260, 1, 12, 36, '0.00', '0.00', '0.00'),
(1261, 1, 24, 36, '1.00', '0.00', '1.00'),
(1262, 1, 22, 36, '0.00', '0.00', '0.00'),
(1263, 1, 25, 36, '0.00', '0.00', '0.00'),
(1264, 1, 27, 36, '0.00', '0.00', '0.00'),
(1265, 1, 28, 36, '0.00', '0.00', '0.00'),
(1266, 1, 29, 36, '1.00', '0.00', '1.00'),
(1267, 1, 26, 36, '0.00', '0.00', '0.00'),
(1268, 1, 9, 36, '1.00', '0.00', '1.00'),
(1269, 1, 15, 36, '0.00', '0.00', '0.00'),
(1270, 1, 8, 36, '1.00', '0.00', '1.00'),
(1271, 1, 4, 36, '0.00', '0.00', '0.00'),
(1272, 1, 5, 36, '0.00', '0.00', '0.00'),
(1273, 1, 7, 36, '1.00', '0.00', '1.00'),
(1274, 1, 17, 36, '0.00', '0.00', '0.00'),
(1275, 1, 10, 36, '0.00', '0.00', '0.00'),
(1276, 1, 21, 36, '1.00', '0.00', '1.00'),
(1277, 1, 18, 36, '0.00', '0.00', '0.00'),
(1278, 1, 14, 36, '1.00', '0.00', '1.00'),
(1279, 1, 23, 36, '0.00', '0.00', '0.00'),
(1280, 1, 13, 36, '0.00', '0.00', '0.00'),
(1281, 1, 2, 36, '0.00', '0.00', '0.00'),
(1282, 1, 3, 36, '0.00', '0.00', '0.00'),
(1283, 1, 19, 36, '0.00', '0.00', '0.00'),
(1284, 1, 1, 38, '0.00', '0.00', '0.00'),
(1285, 1, 11, 38, '0.00', '0.00', '0.00'),
(1286, 1, 20, 38, '0.00', '0.00', '0.00'),
(1287, 1, 6, 38, '0.00', '0.00', '0.00'),
(1288, 1, 16, 38, '1.00', '0.00', '1.00'),
(1289, 1, 12, 38, '0.00', '0.00', '0.00'),
(1290, 1, 24, 38, '0.00', '0.00', '0.00'),
(1291, 1, 22, 38, '0.00', '0.00', '0.00'),
(1292, 1, 25, 38, '0.00', '0.00', '0.00'),
(1293, 1, 27, 38, '0.00', '0.00', '0.00'),
(1294, 1, 28, 38, '0.00', '0.00', '0.00'),
(1295, 1, 29, 38, '0.00', '0.00', '0.00'),
(1296, 1, 26, 38, '0.00', '0.00', '0.00'),
(1297, 1, 9, 38, '0.00', '0.00', '0.00'),
(1298, 1, 15, 38, '0.00', '0.00', '0.00'),
(1299, 1, 4, 38, '1.00', '0.00', '1.00'),
(1300, 1, 5, 38, '0.00', '0.00', '0.00'),
(1301, 1, 7, 38, '0.00', '0.00', '0.00'),
(1302, 1, 8, 38, '1.00', '0.00', '1.00'),
(1303, 1, 17, 38, '1.00', '0.00', '1.00'),
(1304, 1, 18, 38, '0.00', '0.00', '0.00'),
(1305, 1, 10, 38, '0.00', '0.00', '0.00'),
(1306, 1, 23, 38, '1.00', '0.00', '1.00'),
(1307, 1, 14, 38, '0.00', '0.00', '0.00'),
(1308, 1, 13, 38, '0.00', '0.00', '0.00'),
(1309, 1, 2, 38, '0.00', '0.00', '0.00'),
(1310, 1, 3, 38, '0.00', '0.00', '0.00'),
(1311, 1, 19, 38, '0.00', '0.00', '0.00'),
(1340, 1, 1, 37, '0.00', '0.00', '0.00'),
(1341, 1, 11, 37, '0.00', '0.00', '0.00'),
(1342, 1, 20, 37, '0.00', '0.00', '0.00'),
(1343, 1, 6, 37, '0.00', '0.00', '0.00'),
(1344, 1, 16, 37, '0.00', '0.00', '0.00'),
(1345, 1, 12, 37, '1.00', '0.00', '1.00'),
(1346, 1, 24, 37, '0.00', '0.00', '0.00'),
(1347, 1, 22, 37, '1.00', '2.00', '3.00'),
(1348, 1, 25, 37, '1.00', '0.00', '1.00'),
(1349, 1, 27, 37, '0.00', '0.00', '0.00'),
(1350, 1, 28, 37, '1.00', '0.00', '1.00'),
(1351, 1, 29, 37, '0.00', '0.00', '0.00'),
(1352, 1, 26, 37, '0.00', '0.00', '0.00'),
(1353, 1, 9, 37, '0.00', '0.00', '0.00'),
(1354, 1, 15, 37, '0.00', '0.00', '0.00'),
(1355, 1, 4, 37, '0.00', '0.00', '0.00'),
(1356, 1, 5, 37, '0.00', '0.00', '0.00'),
(1357, 1, 7, 37, '0.00', '0.00', '0.00'),
(1358, 1, 8, 37, '0.00', '0.00', '0.00'),
(1359, 1, 17, 37, '1.00', '0.00', '1.00'),
(1360, 1, 18, 37, '1.00', '0.00', '1.00'),
(1361, 1, 14, 37, '0.00', '0.00', '0.00'),
(1362, 1, 10, 37, '0.00', '0.00', '0.00'),
(1363, 1, 23, 37, '0.00', '0.00', '0.00'),
(1364, 1, 13, 37, '0.00', '0.00', '0.00'),
(1365, 1, 2, 37, '0.00', '0.00', '0.00'),
(1366, 1, 3, 37, '0.00', '0.00', '0.00'),
(1367, 1, 19, 37, '0.00', '0.00', '0.00'),
(1368, 1, 1, 39, '1.00', '0.00', '1.00'),
(1369, 1, 11, 39, '1.00', '0.00', '1.00'),
(1370, 1, 20, 39, '0.00', '0.00', '0.00'),
(1371, 1, 6, 39, '1.00', '0.00', '1.00'),
(1372, 1, 16, 39, '1.00', '0.00', '1.00'),
(1373, 1, 12, 39, '1.00', '0.00', '1.00'),
(1374, 1, 24, 39, '1.00', '0.00', '1.00'),
(1375, 1, 22, 39, '1.00', '0.00', '1.00'),
(1376, 1, 25, 39, '1.00', '0.00', '1.00'),
(1377, 1, 27, 39, '1.00', '0.00', '1.00'),
(1378, 1, 28, 39, '1.00', '0.00', '1.00'),
(1379, 1, 29, 39, '1.00', '0.00', '1.00'),
(1380, 1, 26, 39, '1.00', '0.00', '1.00'),
(1381, 1, 9, 39, '1.00', '0.00', '1.00'),
(1382, 1, 15, 39, '1.00', '0.00', '1.00'),
(1383, 1, 4, 39, '0.00', '0.00', '0.00'),
(1384, 1, 5, 39, '1.00', '0.00', '1.00'),
(1385, 1, 7, 39, '1.00', '0.00', '1.00'),
(1386, 1, 8, 39, '1.00', '0.00', '1.00'),
(1387, 1, 17, 39, '1.00', '0.00', '1.00'),
(1388, 1, 18, 39, '1.00', '0.00', '1.00'),
(1389, 1, 14, 39, '1.00', '0.00', '1.00'),
(1390, 1, 10, 39, '1.00', '0.00', '1.00'),
(1391, 1, 23, 39, '1.00', '0.00', '1.00'),
(1392, 1, 13, 39, '1.00', '0.00', '1.00'),
(1393, 1, 21, 39, '1.00', '0.00', '1.00'),
(1394, 1, 2, 39, '1.00', '0.00', '1.00'),
(1395, 1, 3, 39, '1.00', '0.00', '1.00'),
(1396, 1, 19, 39, '1.00', '0.00', '1.00'),
(1397, 1, 1, 40, '0.00', '0.00', '0.00'),
(1398, 1, 11, 40, '0.00', '0.00', '0.00'),
(1399, 1, 20, 40, '0.00', '0.00', '0.00'),
(1400, 1, 6, 40, '0.00', '0.00', '0.00'),
(1401, 1, 16, 40, '0.00', '0.00', '0.00'),
(1402, 1, 12, 40, '0.00', '0.00', '0.00'),
(1403, 1, 24, 40, '0.00', '0.00', '0.00'),
(1404, 1, 22, 40, '0.00', '0.00', '0.00'),
(1405, 1, 25, 40, '1.00', '2.00', '3.00'),
(1406, 1, 27, 40, '0.00', '0.00', '0.00'),
(1407, 1, 28, 40, '0.00', '0.00', '0.00'),
(1408, 1, 29, 40, '0.00', '0.00', '0.00'),
(1409, 1, 26, 40, '0.00', '0.00', '0.00'),
(1410, 1, 9, 40, '0.00', '0.00', '0.00'),
(1411, 1, 15, 40, '0.00', '0.00', '0.00'),
(1412, 1, 4, 40, '0.00', '0.00', '0.00'),
(1413, 1, 5, 40, '0.00', '0.00', '0.00'),
(1414, 1, 7, 40, '0.00', '0.00', '0.00'),
(1415, 1, 8, 40, '0.00', '0.00', '0.00'),
(1416, 1, 17, 40, '0.00', '0.00', '0.00'),
(1417, 1, 18, 40, '0.00', '0.00', '0.00'),
(1418, 1, 14, 40, '0.00', '0.00', '0.00'),
(1419, 1, 10, 40, '0.00', '0.00', '0.00'),
(1420, 1, 23, 40, '0.00', '0.00', '0.00'),
(1421, 1, 13, 40, '0.00', '0.00', '0.00'),
(1422, 1, 21, 40, '0.00', '0.00', '0.00'),
(1423, 1, 2, 40, '0.00', '0.00', '0.00'),
(1424, 1, 3, 40, '0.00', '0.00', '0.00'),
(1425, 1, 19, 40, '0.00', '0.00', '0.00'),
(1426, 1, 1, 41, '1.00', '0.00', '1.00'),
(1427, 1, 11, 41, '1.00', '0.00', '1.00'),
(1428, 1, 20, 41, '1.00', '0.00', '1.00'),
(1429, 1, 6, 41, '1.00', '0.00', '1.00'),
(1430, 1, 16, 41, '1.00', '0.00', '1.00'),
(1431, 1, 12, 41, '1.00', '0.00', '1.00'),
(1432, 1, 24, 41, '1.00', '0.00', '1.00'),
(1433, 1, 22, 41, '1.00', '0.00', '1.00'),
(1434, 1, 25, 41, '1.00', '0.00', '1.00'),
(1435, 1, 27, 41, '1.00', '0.00', '1.00'),
(1436, 1, 28, 41, '1.00', '0.00', '1.00'),
(1437, 1, 29, 41, '1.00', '0.00', '1.00'),
(1438, 1, 26, 41, '1.00', '0.00', '1.00'),
(1439, 1, 9, 41, '1.00', '0.00', '1.00'),
(1440, 1, 15, 41, '1.00', '0.00', '1.00'),
(1441, 1, 5, 41, '1.00', '0.00', '1.00'),
(1442, 1, 7, 41, '1.00', '0.00', '1.00'),
(1443, 1, 8, 41, '0.00', '0.00', '0.00'),
(1444, 1, 14, 41, '1.00', '0.00', '1.00'),
(1445, 1, 4, 41, '1.00', '0.00', '1.00'),
(1446, 1, 10, 41, '1.00', '0.00', '1.00'),
(1447, 1, 21, 41, '1.00', '0.00', '1.00'),
(1448, 1, 17, 41, '1.00', '0.00', '1.00'),
(1449, 1, 13, 41, '1.00', '0.00', '1.00'),
(1450, 1, 23, 41, '1.00', '0.00', '1.00'),
(1451, 1, 2, 41, '1.00', '0.00', '1.00'),
(1452, 1, 3, 41, '1.00', '0.00', '1.00'),
(1453, 1, 19, 41, '1.00', '0.00', '1.00'),
(1454, 1, 1, 42, '1.00', '0.00', '1.00'),
(1455, 1, 11, 42, '1.00', '0.00', '1.00'),
(1456, 1, 20, 42, '1.00', '0.00', '1.00'),
(1457, 1, 6, 42, '0.00', '0.00', '0.00'),
(1458, 1, 16, 42, '1.00', '0.00', '1.00'),
(1459, 1, 12, 42, '1.00', '0.00', '1.00'),
(1460, 1, 24, 42, '0.00', '0.00', '0.00'),
(1461, 1, 22, 42, '0.00', '0.00', '0.00'),
(1462, 1, 25, 42, '1.00', '0.00', '1.00'),
(1463, 1, 27, 42, '1.00', '0.00', '1.00'),
(1464, 1, 28, 42, '1.00', '0.00', '1.00'),
(1465, 1, 29, 42, '1.00', '0.00', '1.00'),
(1466, 1, 26, 42, '1.00', '0.00', '1.00'),
(1467, 1, 9, 42, '1.00', '0.00', '1.00'),
(1468, 1, 15, 42, '1.00', '0.00', '1.00'),
(1469, 1, 5, 42, '1.00', '0.00', '1.00'),
(1470, 1, 7, 42, '0.00', '0.00', '0.00'),
(1471, 1, 8, 42, '0.00', '0.00', '0.00'),
(1472, 1, 14, 42, '1.00', '0.00', '1.00'),
(1473, 1, 4, 42, '0.00', '0.00', '0.00'),
(1474, 1, 10, 42, '1.00', '0.00', '1.00'),
(1475, 1, 21, 42, '1.00', '0.00', '1.00'),
(1476, 1, 17, 42, '1.00', '0.00', '1.00'),
(1477, 1, 13, 42, '0.00', '0.00', '0.00'),
(1478, 1, 23, 42, '0.00', '0.00', '0.00'),
(1479, 1, 2, 42, '1.00', '0.00', '1.00'),
(1480, 1, 3, 42, '1.00', '0.00', '1.00'),
(1481, 1, 19, 42, '1.00', '0.00', '1.00'),
(1482, 1, 1, 43, '1.00', '0.00', '1.00'),
(1483, 1, 11, 43, '1.00', '0.00', '1.00'),
(1484, 1, 20, 43, '0.00', '0.00', '0.00'),
(1485, 1, 6, 43, '1.00', '0.00', '1.00'),
(1486, 1, 16, 43, '1.00', '0.00', '1.00'),
(1487, 1, 12, 43, '0.00', '0.00', '0.00'),
(1488, 1, 24, 43, '0.00', '0.00', '0.00'),
(1489, 1, 22, 43, '1.00', '0.00', '1.00'),
(1490, 1, 25, 43, '0.00', '0.00', '0.00'),
(1491, 1, 27, 43, '0.00', '0.00', '0.00'),
(1492, 1, 28, 43, '1.00', '0.00', '1.00'),
(1493, 1, 29, 43, '1.00', '0.00', '1.00'),
(1494, 1, 26, 43, '1.00', '0.00', '1.00'),
(1495, 1, 9, 43, '1.00', '0.00', '1.00'),
(1496, 1, 15, 43, '1.00', '0.00', '1.00'),
(1497, 1, 5, 43, '1.00', '0.00', '1.00'),
(1498, 1, 7, 43, '1.00', '0.00', '1.00'),
(1499, 1, 8, 43, '1.00', '2.00', '3.00'),
(1500, 1, 14, 43, '1.00', '0.00', '1.00'),
(1501, 1, 4, 43, '1.00', '0.00', '1.00'),
(1502, 1, 10, 43, '1.00', '0.00', '1.00'),
(1503, 1, 21, 43, '1.00', '0.00', '1.00'),
(1504, 1, 17, 43, '1.00', '0.00', '1.00'),
(1505, 1, 13, 43, '1.00', '0.00', '1.00'),
(1506, 1, 23, 43, '1.00', '0.00', '1.00'),
(1507, 1, 2, 43, '1.00', '0.00', '1.00'),
(1508, 1, 3, 43, '1.00', '0.00', '1.00'),
(1509, 1, 19, 43, '1.00', '0.00', '1.00'),
(1510, 1, 1, 44, '0.00', '0.00', '0.00'),
(1511, 1, 11, 44, '0.00', '0.00', '0.00'),
(1512, 1, 20, 44, '0.00', '0.00', '0.00'),
(1513, 1, 6, 44, '0.00', '0.00', '0.00'),
(1514, 1, 16, 44, '0.00', '0.00', '0.00'),
(1515, 1, 12, 44, '0.00', '0.00', '0.00'),
(1516, 1, 24, 44, '1.00', '0.00', '1.00'),
(1517, 1, 22, 44, '0.00', '0.00', '0.00'),
(1518, 1, 25, 44, '0.00', '0.00', '0.00'),
(1519, 1, 27, 44, '0.00', '0.00', '0.00'),
(1520, 1, 28, 44, '0.00', '0.00', '0.00'),
(1521, 1, 29, 44, '0.00', '0.00', '0.00'),
(1522, 1, 26, 44, '0.00', '0.00', '0.00'),
(1523, 1, 9, 44, '0.00', '0.00', '0.00');
INSERT INTO `Points` (`PointsID`, `ScoringSystemID`, `UserID`, `MatchID`, `ResultPoints`, `ScorePoints`, `TotalPoints`) VALUES
(1524, 1, 15, 44, '0.00', '0.00', '0.00'),
(1525, 1, 5, 44, '0.00', '0.00', '0.00'),
(1526, 1, 7, 44, '0.00', '0.00', '0.00'),
(1527, 1, 8, 44, '0.00', '0.00', '0.00'),
(1528, 1, 14, 44, '0.00', '0.00', '0.00'),
(1529, 1, 4, 44, '0.00', '0.00', '0.00'),
(1530, 1, 10, 44, '0.00', '0.00', '0.00'),
(1531, 1, 21, 44, '0.00', '0.00', '0.00'),
(1532, 1, 17, 44, '0.00', '0.00', '0.00'),
(1533, 1, 13, 44, '1.00', '0.00', '1.00'),
(1534, 1, 23, 44, '0.00', '0.00', '0.00'),
(1535, 1, 2, 44, '0.00', '0.00', '0.00'),
(1536, 1, 3, 44, '0.00', '0.00', '0.00'),
(1537, 1, 19, 44, '0.00', '0.00', '0.00'),
(1538, 1, 1, 45, '1.00', '0.00', '1.00'),
(1539, 1, 11, 45, '1.00', '0.00', '1.00'),
(1540, 1, 20, 45, '1.00', '0.00', '1.00'),
(1541, 1, 6, 45, '0.00', '0.00', '0.00'),
(1542, 1, 16, 45, '1.00', '0.00', '1.00'),
(1543, 1, 12, 45, '1.00', '0.00', '1.00'),
(1544, 1, 24, 45, '1.00', '0.00', '1.00'),
(1545, 1, 22, 45, '1.00', '0.00', '1.00'),
(1546, 1, 25, 45, '1.00', '0.00', '1.00'),
(1547, 1, 27, 45, '1.00', '0.00', '1.00'),
(1548, 1, 28, 45, '1.00', '0.00', '1.00'),
(1549, 1, 29, 45, '1.00', '2.00', '3.00'),
(1550, 1, 26, 45, '1.00', '0.00', '1.00'),
(1551, 1, 9, 45, '1.00', '0.00', '1.00'),
(1552, 1, 15, 45, '1.00', '0.00', '1.00'),
(1553, 1, 5, 45, '0.00', '0.00', '0.00'),
(1554, 1, 7, 45, '1.00', '0.00', '1.00'),
(1555, 1, 8, 45, '1.00', '0.00', '1.00'),
(1556, 1, 14, 45, '1.00', '2.00', '3.00'),
(1557, 1, 4, 45, '0.00', '0.00', '0.00'),
(1558, 1, 10, 45, '1.00', '0.00', '1.00'),
(1559, 1, 21, 45, '1.00', '0.00', '1.00'),
(1560, 1, 17, 45, '1.00', '0.00', '1.00'),
(1561, 1, 13, 45, '0.00', '0.00', '0.00'),
(1562, 1, 23, 45, '1.00', '0.00', '1.00'),
(1563, 1, 2, 45, '1.00', '0.00', '1.00'),
(1564, 1, 3, 45, '1.00', '0.00', '1.00'),
(1565, 1, 19, 45, '1.00', '0.00', '1.00'),
(1566, 1, 1, 46, '1.00', '0.00', '1.00'),
(1567, 1, 11, 46, '1.00', '0.00', '1.00'),
(1568, 1, 20, 46, '1.00', '2.00', '3.00'),
(1569, 1, 6, 46, '1.00', '2.00', '3.00'),
(1570, 1, 16, 46, '1.00', '0.00', '1.00'),
(1571, 1, 12, 46, '0.00', '0.00', '0.00'),
(1572, 1, 24, 46, '1.00', '0.00', '1.00'),
(1573, 1, 22, 46, '1.00', '0.00', '1.00'),
(1574, 1, 25, 46, '1.00', '0.00', '1.00'),
(1575, 1, 27, 46, '1.00', '0.00', '1.00'),
(1576, 1, 28, 46, '1.00', '0.00', '1.00'),
(1577, 1, 29, 46, '1.00', '2.00', '3.00'),
(1578, 1, 26, 46, '1.00', '2.00', '3.00'),
(1579, 1, 9, 46, '1.00', '2.00', '3.00'),
(1580, 1, 15, 46, '1.00', '2.00', '3.00'),
(1581, 1, 5, 46, '1.00', '2.00', '3.00'),
(1582, 1, 7, 46, '0.00', '0.00', '0.00'),
(1583, 1, 8, 46, '1.00', '2.00', '3.00'),
(1584, 1, 14, 46, '1.00', '0.00', '1.00'),
(1585, 1, 4, 46, '1.00', '2.00', '3.00'),
(1586, 1, 10, 46, '1.00', '0.00', '1.00'),
(1587, 1, 21, 46, '0.00', '0.00', '0.00'),
(1588, 1, 17, 46, '0.00', '0.00', '0.00'),
(1589, 1, 13, 46, '0.00', '0.00', '0.00'),
(1590, 1, 23, 46, '1.00', '0.00', '1.00'),
(1591, 1, 2, 46, '1.00', '2.00', '3.00'),
(1592, 1, 3, 46, '1.00', '2.00', '3.00'),
(1593, 1, 19, 46, '1.00', '2.00', '3.00'),
(1594, 1, 1, 47, '1.00', '2.00', '3.00'),
(1595, 1, 11, 47, '1.00', '0.00', '1.00'),
(1596, 1, 20, 47, '1.00', '0.00', '1.00'),
(1597, 1, 6, 47, '1.00', '0.00', '1.00'),
(1598, 1, 16, 47, '1.00', '0.00', '1.00'),
(1599, 1, 12, 47, '1.00', '0.00', '1.00'),
(1600, 1, 24, 47, '1.00', '0.00', '1.00'),
(1601, 1, 22, 47, '1.00', '0.00', '1.00'),
(1602, 1, 25, 47, '0.00', '0.00', '0.00'),
(1603, 1, 27, 47, '0.00', '0.00', '0.00'),
(1604, 1, 28, 47, '1.00', '0.00', '1.00'),
(1605, 1, 29, 47, '1.00', '0.00', '1.00'),
(1606, 1, 26, 47, '1.00', '0.00', '1.00'),
(1607, 1, 9, 47, '1.00', '0.00', '1.00'),
(1608, 1, 15, 47, '1.00', '0.00', '1.00'),
(1609, 1, 5, 47, '1.00', '2.00', '3.00'),
(1610, 1, 7, 47, '0.00', '0.00', '0.00'),
(1611, 1, 8, 47, '0.00', '0.00', '0.00'),
(1612, 1, 14, 47, '1.00', '2.00', '3.00'),
(1613, 1, 4, 47, '1.00', '2.00', '3.00'),
(1614, 1, 10, 47, '1.00', '2.00', '3.00'),
(1615, 1, 21, 47, '1.00', '0.00', '1.00'),
(1616, 1, 17, 47, '1.00', '0.00', '1.00'),
(1617, 1, 13, 47, '1.00', '0.00', '1.00'),
(1618, 1, 23, 47, '1.00', '0.00', '1.00'),
(1619, 1, 2, 47, '1.00', '0.00', '1.00'),
(1620, 1, 3, 47, '1.00', '0.00', '1.00'),
(1621, 1, 19, 47, '1.00', '0.00', '1.00'),
(1622, 1, 1, 48, '0.00', '0.00', '0.00'),
(1623, 1, 11, 48, '1.00', '0.00', '1.00'),
(1624, 1, 20, 48, '0.00', '0.00', '0.00'),
(1625, 1, 6, 48, '1.00', '0.00', '1.00'),
(1626, 1, 16, 48, '0.00', '0.00', '0.00'),
(1627, 1, 12, 48, '0.00', '0.00', '0.00'),
(1628, 1, 24, 48, '0.00', '0.00', '0.00'),
(1629, 1, 22, 48, '0.00', '0.00', '0.00'),
(1630, 1, 25, 48, '0.00', '0.00', '0.00'),
(1631, 1, 27, 48, '0.00', '0.00', '0.00'),
(1632, 1, 28, 48, '0.00', '0.00', '0.00'),
(1633, 1, 29, 48, '0.00', '0.00', '0.00'),
(1634, 1, 26, 48, '1.00', '2.00', '3.00'),
(1635, 1, 9, 48, '0.00', '0.00', '0.00'),
(1636, 1, 15, 48, '1.00', '2.00', '3.00'),
(1637, 1, 5, 48, '0.00', '0.00', '0.00'),
(1638, 1, 7, 48, '1.00', '2.00', '3.00'),
(1639, 1, 8, 48, '0.00', '0.00', '0.00'),
(1640, 1, 14, 48, '0.00', '0.00', '0.00'),
(1641, 1, 4, 48, '1.00', '2.00', '3.00'),
(1642, 1, 21, 48, '0.00', '0.00', '0.00'),
(1643, 1, 17, 48, '1.00', '2.00', '3.00'),
(1644, 1, 10, 48, '0.00', '0.00', '0.00'),
(1645, 1, 13, 48, '0.00', '0.00', '0.00'),
(1646, 1, 23, 48, '1.00', '0.00', '1.00'),
(1647, 1, 2, 48, '1.00', '2.00', '3.00'),
(1648, 1, 3, 48, '1.00', '2.00', '3.00'),
(1649, 1, 19, 48, '1.00', '2.00', '3.00'),
(1650, 1, 5, 49, '0.00', '0.00', '0.00'),
(1651, 1, 26, 49, '0.00', '0.00', '0.00'),
(1652, 1, 4, 49, '0.00', '0.00', '0.00'),
(1653, 1, 27, 49, '0.00', '0.00', '0.00'),
(1654, 1, 22, 49, '0.00', '0.00', '0.00'),
(1655, 1, 14, 49, '0.00', '0.00', '0.00'),
(1656, 1, 11, 49, '0.00', '0.00', '0.00'),
(1657, 1, 28, 49, '0.00', '0.00', '0.00'),
(1658, 1, 12, 49, '0.00', '0.00', '0.00'),
(1659, 1, 25, 49, '0.00', '0.00', '0.00'),
(1660, 1, 21, 49, '0.00', '0.00', '0.00'),
(1661, 1, 7, 49, '0.00', '0.00', '0.00'),
(1662, 1, 8, 49, '0.00', '0.00', '0.00'),
(1663, 1, 1, 49, '0.00', '0.00', '0.00'),
(1664, 1, 24, 49, '0.00', '0.00', '0.00'),
(1665, 1, 15, 49, '0.00', '0.00', '0.00'),
(1666, 1, 18, 49, '0.00', '0.00', '0.00'),
(1667, 1, 9, 49, '0.00', '0.00', '0.00'),
(1668, 1, 10, 49, '0.00', '0.00', '0.00'),
(1669, 1, 16, 49, '0.00', '0.00', '0.00'),
(1670, 1, 13, 49, '0.00', '0.00', '0.00'),
(1671, 1, 29, 49, '0.00', '0.00', '0.00'),
(1672, 1, 23, 49, '0.00', '0.00', '0.00'),
(1673, 1, 20, 49, '0.00', '0.00', '0.00'),
(1674, 1, 6, 49, '0.00', '0.00', '0.00'),
(1675, 1, 17, 49, '0.00', '0.00', '0.00'),
(1676, 1, 2, 49, '0.00', '0.00', '0.00'),
(1677, 1, 3, 49, '0.00', '0.00', '0.00'),
(1678, 1, 19, 49, '0.00', '0.00', '0.00'),
(1679, 1, 5, 50, '1.00', '0.00', '1.00'),
(1680, 1, 14, 50, '1.00', '2.00', '3.00'),
(1681, 1, 4, 50, '0.00', '0.00', '0.00'),
(1682, 1, 26, 50, '1.00', '0.00', '1.00'),
(1683, 1, 11, 50, '1.00', '2.00', '3.00'),
(1684, 1, 28, 50, '1.00', '2.00', '3.00'),
(1685, 1, 12, 50, '1.00', '2.00', '3.00'),
(1686, 1, 25, 50, '1.00', '0.00', '1.00'),
(1687, 1, 21, 50, '1.00', '0.00', '1.00'),
(1688, 1, 7, 50, '1.00', '0.00', '1.00'),
(1689, 1, 8, 50, '0.00', '0.00', '0.00'),
(1690, 1, 22, 50, '0.00', '0.00', '0.00'),
(1691, 1, 27, 50, '1.00', '2.00', '3.00'),
(1692, 1, 1, 50, '1.00', '2.00', '3.00'),
(1693, 1, 24, 50, '1.00', '2.00', '3.00'),
(1694, 1, 18, 50, '1.00', '0.00', '1.00'),
(1695, 1, 9, 50, '1.00', '0.00', '1.00'),
(1696, 1, 10, 50, '0.00', '0.00', '0.00'),
(1697, 1, 16, 50, '1.00', '0.00', '1.00'),
(1698, 1, 13, 50, '1.00', '0.00', '1.00'),
(1699, 1, 29, 50, '1.00', '0.00', '1.00'),
(1700, 1, 23, 50, '1.00', '2.00', '3.00'),
(1701, 1, 20, 50, '1.00', '0.00', '1.00'),
(1702, 1, 6, 50, '1.00', '2.00', '3.00'),
(1703, 1, 17, 50, '1.00', '0.00', '1.00'),
(1704, 1, 15, 50, '1.00', '0.00', '1.00'),
(1705, 1, 2, 50, '1.00', '2.00', '3.00'),
(1706, 1, 3, 50, '1.00', '2.00', '3.00'),
(1707, 1, 19, 50, '1.00', '2.00', '3.00'),
(1708, 1, 5, 51, '1.00', '0.00', '1.00'),
(1709, 1, 26, 51, '0.00', '0.00', '0.00'),
(1710, 1, 4, 51, '0.00', '0.00', '0.00'),
(1711, 1, 27, 51, '1.00', '0.00', '1.00'),
(1712, 1, 22, 51, '1.00', '0.00', '1.00'),
(1713, 1, 14, 51, '1.00', '0.00', '1.00'),
(1714, 1, 11, 51, '1.00', '0.00', '1.00'),
(1715, 1, 28, 51, '1.00', '0.00', '1.00'),
(1716, 1, 12, 51, '0.00', '0.00', '0.00'),
(1717, 1, 25, 51, '0.00', '0.00', '0.00'),
(1718, 1, 21, 51, '1.00', '0.00', '1.00'),
(1719, 1, 7, 51, '1.00', '0.00', '1.00'),
(1720, 1, 8, 51, '1.00', '0.00', '1.00'),
(1721, 1, 1, 51, '1.00', '2.00', '3.00'),
(1722, 1, 24, 51, '1.00', '0.00', '1.00'),
(1723, 1, 18, 51, '0.00', '0.00', '0.00'),
(1724, 1, 9, 51, '1.00', '0.00', '1.00'),
(1725, 1, 10, 51, '1.00', '2.00', '3.00'),
(1726, 1, 16, 51, '1.00', '2.00', '3.00'),
(1727, 1, 20, 51, '1.00', '0.00', '1.00'),
(1728, 1, 6, 51, '1.00', '0.00', '1.00'),
(1729, 1, 15, 51, '1.00', '2.00', '3.00'),
(1730, 1, 23, 51, '1.00', '2.00', '3.00'),
(1731, 1, 13, 51, '1.00', '2.00', '3.00'),
(1732, 1, 2, 51, '1.00', '2.00', '3.00'),
(1733, 1, 3, 51, '1.00', '2.00', '3.00'),
(1734, 1, 19, 51, '1.00', '2.00', '3.00'),
(1735, 1, 29, 51, '1.00', '0.00', '1.00'),
(1736, 1, 5, 52, '0.00', '0.00', '0.00'),
(1737, 1, 14, 52, '0.00', '0.00', '0.00'),
(1738, 1, 4, 52, '1.00', '2.00', '3.00'),
(1739, 1, 26, 52, '1.00', '2.00', '3.00'),
(1740, 1, 11, 52, '0.00', '0.00', '0.00'),
(1741, 1, 28, 52, '0.00', '0.00', '0.00'),
(1742, 1, 12, 52, '0.00', '0.00', '0.00'),
(1743, 1, 25, 52, '0.00', '0.00', '0.00'),
(1744, 1, 21, 52, '0.00', '0.00', '0.00'),
(1745, 1, 7, 52, '1.00', '2.00', '3.00'),
(1746, 1, 8, 52, '0.00', '0.00', '0.00'),
(1747, 1, 22, 52, '0.00', '0.00', '0.00'),
(1748, 1, 27, 52, '0.00', '0.00', '0.00'),
(1749, 1, 1, 52, '0.00', '0.00', '0.00'),
(1750, 1, 24, 52, '0.00', '0.00', '0.00'),
(1751, 1, 18, 52, '0.00', '0.00', '0.00'),
(1752, 1, 9, 52, '0.00', '0.00', '0.00'),
(1753, 1, 10, 52, '0.00', '0.00', '0.00'),
(1754, 1, 16, 52, '1.00', '2.00', '3.00'),
(1755, 1, 20, 52, '0.00', '0.00', '0.00'),
(1756, 1, 6, 52, '0.00', '0.00', '0.00'),
(1757, 1, 15, 52, '0.00', '0.00', '0.00'),
(1758, 1, 23, 52, '0.00', '0.00', '0.00'),
(1759, 1, 13, 52, '0.00', '0.00', '0.00'),
(1760, 1, 17, 52, '1.00', '2.00', '3.00'),
(1761, 1, 29, 52, '0.00', '0.00', '0.00'),
(1762, 1, 2, 52, '0.00', '0.00', '0.00'),
(1763, 1, 3, 52, '0.00', '0.00', '0.00'),
(1764, 1, 19, 52, '0.00', '0.00', '0.00'),
(1765, 1, 5, 53, '1.00', '2.00', '3.00'),
(1766, 1, 26, 53, '1.00', '0.00', '1.00'),
(1767, 1, 14, 53, '1.00', '2.00', '3.00'),
(1768, 1, 11, 53, '1.00', '0.00', '1.00'),
(1769, 1, 28, 53, '1.00', '0.00', '1.00'),
(1770, 1, 12, 53, '1.00', '2.00', '3.00'),
(1771, 1, 25, 53, '1.00', '0.00', '1.00'),
(1772, 1, 21, 53, '1.00', '2.00', '3.00'),
(1773, 1, 7, 53, '1.00', '0.00', '1.00'),
(1774, 1, 8, 53, '1.00', '2.00', '3.00'),
(1775, 1, 22, 53, '1.00', '2.00', '3.00'),
(1776, 1, 27, 53, '1.00', '0.00', '1.00'),
(1777, 1, 1, 53, '1.00', '0.00', '1.00'),
(1778, 1, 24, 53, '1.00', '0.00', '1.00'),
(1779, 1, 18, 53, '0.00', '0.00', '0.00'),
(1780, 1, 9, 53, '1.00', '0.00', '1.00'),
(1781, 1, 10, 53, '1.00', '0.00', '1.00'),
(1782, 1, 16, 53, '1.00', '2.00', '3.00'),
(1783, 1, 20, 53, '1.00', '0.00', '1.00'),
(1784, 1, 6, 53, '1.00', '0.00', '1.00'),
(1785, 1, 15, 53, '1.00', '0.00', '1.00'),
(1786, 1, 17, 53, '1.00', '0.00', '1.00'),
(1787, 1, 4, 53, '1.00', '0.00', '1.00'),
(1788, 1, 13, 53, '1.00', '2.00', '3.00'),
(1789, 1, 23, 53, '1.00', '0.00', '1.00'),
(1790, 1, 29, 53, '1.00', '2.00', '3.00'),
(1791, 1, 2, 53, '1.00', '0.00', '1.00'),
(1792, 1, 3, 53, '1.00', '0.00', '1.00'),
(1793, 1, 19, 53, '1.00', '2.00', '3.00'),
(1794, 1, 5, 54, '1.00', '0.00', '1.00'),
(1795, 1, 11, 54, '1.00', '0.00', '1.00'),
(1796, 1, 25, 54, '1.00', '2.00', '3.00'),
(1797, 1, 7, 54, '0.00', '0.00', '0.00'),
(1798, 1, 22, 54, '1.00', '0.00', '1.00'),
(1799, 1, 27, 54, '1.00', '2.00', '3.00'),
(1800, 1, 1, 54, '1.00', '0.00', '1.00'),
(1801, 1, 24, 54, '1.00', '0.00', '1.00'),
(1802, 1, 18, 54, '1.00', '0.00', '1.00'),
(1803, 1, 26, 54, '1.00', '0.00', '1.00'),
(1804, 1, 9, 54, '1.00', '0.00', '1.00'),
(1805, 1, 10, 54, '1.00', '0.00', '1.00'),
(1806, 1, 16, 54, '1.00', '0.00', '1.00'),
(1807, 1, 8, 54, '1.00', '0.00', '1.00'),
(1808, 1, 20, 54, '1.00', '0.00', '1.00'),
(1809, 1, 6, 54, '1.00', '0.00', '1.00'),
(1810, 1, 15, 54, '1.00', '0.00', '1.00'),
(1811, 1, 17, 54, '1.00', '0.00', '1.00'),
(1812, 1, 4, 54, '1.00', '0.00', '1.00'),
(1813, 1, 13, 54, '1.00', '0.00', '1.00'),
(1814, 1, 23, 54, '1.00', '0.00', '1.00'),
(1815, 1, 14, 54, '1.00', '0.00', '1.00'),
(1816, 1, 29, 54, '1.00', '0.00', '1.00'),
(1817, 1, 28, 54, '1.00', '0.00', '1.00'),
(1818, 1, 2, 54, '1.00', '0.00', '1.00'),
(1819, 1, 3, 54, '1.00', '0.00', '1.00'),
(1820, 1, 19, 54, '1.00', '0.00', '1.00'),
(1821, 1, 5, 55, '1.00', '0.00', '1.00'),
(1822, 1, 26, 55, '1.00', '0.00', '1.00'),
(1823, 1, 11, 55, '1.00', '0.00', '1.00'),
(1824, 1, 25, 55, '1.00', '0.00', '1.00'),
(1825, 1, 7, 55, '1.00', '0.00', '1.00'),
(1826, 1, 8, 55, '0.00', '0.00', '0.00'),
(1827, 1, 22, 55, '1.00', '0.00', '1.00'),
(1828, 1, 27, 55, '1.00', '0.00', '1.00'),
(1829, 1, 1, 55, '0.00', '0.00', '0.00'),
(1830, 1, 24, 55, '1.00', '0.00', '1.00'),
(1831, 1, 18, 55, '0.00', '0.00', '0.00'),
(1832, 1, 9, 55, '1.00', '0.00', '1.00'),
(1833, 1, 10, 55, '1.00', '0.00', '1.00'),
(1834, 1, 16, 55, '1.00', '0.00', '1.00'),
(1835, 1, 20, 55, '1.00', '0.00', '1.00'),
(1836, 1, 6, 55, '1.00', '0.00', '1.00'),
(1837, 1, 15, 55, '1.00', '0.00', '1.00'),
(1838, 1, 4, 55, '1.00', '2.00', '3.00'),
(1839, 1, 13, 55, '1.00', '0.00', '1.00'),
(1840, 1, 17, 55, '1.00', '0.00', '1.00'),
(1841, 1, 14, 55, '1.00', '0.00', '1.00'),
(1842, 1, 28, 55, '1.00', '0.00', '1.00'),
(1843, 1, 12, 55, '1.00', '0.00', '1.00'),
(1844, 1, 23, 55, '1.00', '0.00', '1.00'),
(1845, 1, 2, 55, '1.00', '0.00', '1.00'),
(1846, 1, 3, 55, '1.00', '0.00', '1.00'),
(1847, 1, 19, 55, '1.00', '0.00', '1.00'),
(1848, 1, 5, 56, '1.00', '0.00', '1.00'),
(1849, 1, 11, 56, '0.00', '0.00', '0.00'),
(1850, 1, 25, 56, '0.00', '0.00', '0.00'),
(1851, 1, 22, 56, '0.00', '0.00', '0.00'),
(1852, 1, 27, 56, '1.00', '2.00', '3.00'),
(1853, 1, 1, 56, '1.00', '2.00', '3.00'),
(1854, 1, 24, 56, '0.00', '0.00', '0.00'),
(1855, 1, 18, 56, '0.00', '0.00', '0.00'),
(1856, 1, 26, 56, '1.00', '0.00', '1.00'),
(1857, 1, 9, 56, '1.00', '0.00', '1.00'),
(1858, 1, 10, 56, '1.00', '0.00', '1.00'),
(1859, 1, 16, 56, '1.00', '2.00', '3.00'),
(1860, 1, 8, 56, '0.00', '0.00', '0.00'),
(1861, 1, 20, 56, '0.00', '0.00', '0.00'),
(1862, 1, 6, 56, '1.00', '2.00', '3.00'),
(1863, 1, 15, 56, '0.00', '0.00', '0.00'),
(1864, 1, 4, 56, '1.00', '0.00', '1.00'),
(1865, 1, 13, 56, '0.00', '0.00', '0.00'),
(1866, 1, 17, 56, '1.00', '2.00', '3.00'),
(1867, 1, 14, 56, '0.00', '0.00', '0.00'),
(1868, 1, 28, 56, '0.00', '0.00', '0.00'),
(1869, 1, 12, 56, '0.00', '0.00', '0.00'),
(1870, 1, 23, 56, '0.00', '0.00', '0.00'),
(1871, 1, 29, 56, '1.00', '2.00', '3.00'),
(1872, 1, 2, 56, '0.00', '0.00', '0.00'),
(1873, 1, 3, 56, '0.00', '0.00', '0.00'),
(1874, 1, 19, 56, '0.00', '0.00', '0.00'),
(1875, 1, 5, 57, '1.00', '2.00', '3.00'),
(1876, 1, 25, 57, '0.00', '0.00', '0.00'),
(1877, 1, 16, 57, '0.00', '0.00', '0.00'),
(1878, 1, 12, 57, '0.00', '0.00', '0.00'),
(1879, 1, 22, 57, '1.00', '0.00', '1.00'),
(1880, 1, 1, 57, '1.00', '2.00', '3.00'),
(1881, 1, 4, 57, '0.00', '0.00', '0.00'),
(1882, 1, 17, 57, '0.00', '0.00', '0.00'),
(1883, 1, 20, 57, '1.00', '0.00', '1.00'),
(1884, 1, 29, 57, '1.00', '0.00', '1.00'),
(1885, 1, 24, 57, '1.00', '0.00', '1.00'),
(1886, 1, 6, 57, '0.00', '0.00', '0.00'),
(1887, 1, 9, 57, '0.00', '0.00', '0.00'),
(1888, 1, 18, 57, '0.00', '0.00', '0.00'),
(1889, 1, 14, 57, '0.00', '0.00', '0.00'),
(1890, 1, 27, 57, '1.00', '0.00', '1.00'),
(1891, 1, 15, 57, '0.00', '0.00', '0.00'),
(1892, 1, 13, 57, '0.00', '0.00', '0.00'),
(1893, 1, 8, 57, '1.00', '2.00', '3.00'),
(1894, 1, 26, 57, '0.00', '0.00', '0.00'),
(1895, 1, 10, 57, '1.00', '0.00', '1.00'),
(1896, 1, 23, 57, '0.00', '0.00', '0.00'),
(1897, 1, 11, 57, '0.00', '0.00', '0.00'),
(1898, 1, 7, 57, '0.00', '0.00', '0.00'),
(1899, 1, 2, 57, '0.00', '0.00', '0.00'),
(1900, 1, 3, 57, '0.00', '0.00', '0.00'),
(1901, 1, 19, 57, '0.00', '0.00', '0.00'),
(1902, 1, 5, 58, '1.00', '0.00', '1.00'),
(1903, 1, 25, 58, '1.00', '2.00', '3.00'),
(1904, 1, 16, 58, '1.00', '2.00', '3.00'),
(1905, 1, 15, 58, '0.00', '0.00', '0.00'),
(1906, 1, 6, 58, '1.00', '0.00', '1.00'),
(1907, 1, 4, 58, '1.00', '0.00', '1.00'),
(1908, 1, 26, 58, '1.00', '2.00', '3.00'),
(1909, 1, 1, 58, '0.00', '0.00', '0.00'),
(1910, 1, 28, 58, '1.00', '2.00', '3.00'),
(1911, 1, 12, 58, '0.00', '0.00', '0.00'),
(1912, 1, 22, 58, '0.00', '0.00', '0.00'),
(1913, 1, 17, 58, '0.00', '0.00', '0.00'),
(1914, 1, 20, 58, '0.00', '0.00', '0.00'),
(1915, 1, 29, 58, '1.00', '2.00', '3.00'),
(1916, 1, 24, 58, '1.00', '0.00', '1.00'),
(1917, 1, 9, 58, '1.00', '0.00', '1.00'),
(1918, 1, 18, 58, '1.00', '0.00', '1.00'),
(1919, 1, 14, 58, '1.00', '2.00', '3.00'),
(1920, 1, 27, 58, '1.00', '2.00', '3.00'),
(1921, 1, 13, 58, '0.00', '0.00', '0.00'),
(1922, 1, 8, 58, '1.00', '0.00', '1.00'),
(1923, 1, 10, 58, '1.00', '0.00', '1.00'),
(1924, 1, 23, 58, '0.00', '0.00', '0.00'),
(1925, 1, 11, 58, '0.00', '0.00', '0.00'),
(1926, 1, 7, 58, '0.00', '0.00', '0.00'),
(1927, 1, 2, 58, '1.00', '2.00', '3.00'),
(1928, 1, 3, 58, '0.00', '0.00', '0.00'),
(1929, 1, 19, 58, '0.00', '0.00', '0.00'),
(1930, 1, 5, 59, '1.00', '2.00', '3.00'),
(1931, 1, 25, 59, '1.00', '0.00', '1.00'),
(1932, 1, 16, 59, '1.00', '0.00', '1.00'),
(1933, 1, 12, 59, '1.00', '2.00', '3.00'),
(1934, 1, 1, 59, '0.00', '0.00', '0.00'),
(1935, 1, 4, 59, '1.00', '2.00', '3.00'),
(1936, 1, 20, 59, '0.00', '0.00', '0.00'),
(1937, 1, 18, 59, '0.00', '0.00', '0.00'),
(1938, 1, 14, 59, '1.00', '0.00', '1.00'),
(1939, 1, 9, 59, '1.00', '2.00', '3.00'),
(1940, 1, 27, 59, '1.00', '2.00', '3.00'),
(1941, 1, 15, 59, '1.00', '0.00', '1.00'),
(1942, 1, 24, 59, '1.00', '0.00', '1.00'),
(1943, 1, 6, 59, '0.00', '0.00', '0.00'),
(1944, 1, 13, 59, '0.00', '0.00', '0.00'),
(1945, 1, 8, 59, '1.00', '2.00', '3.00'),
(1946, 1, 26, 59, '1.00', '2.00', '3.00'),
(1947, 1, 10, 59, '1.00', '0.00', '1.00'),
(1948, 1, 23, 59, '1.00', '0.00', '1.00'),
(1949, 1, 11, 59, '1.00', '0.00', '1.00'),
(1950, 1, 22, 59, '1.00', '0.00', '1.00'),
(1951, 1, 7, 59, '0.00', '0.00', '0.00'),
(1952, 1, 17, 59, '0.00', '0.00', '0.00'),
(1953, 1, 29, 59, '1.00', '0.00', '1.00'),
(1954, 1, 28, 59, '0.00', '0.00', '0.00'),
(1955, 1, 2, 59, '0.00', '0.00', '0.00'),
(1956, 1, 3, 59, '0.00', '0.00', '0.00'),
(1957, 1, 19, 59, '0.00', '0.00', '0.00'),
(1958, 1, 5, 60, '0.00', '0.00', '0.00'),
(1959, 1, 25, 60, '0.00', '0.00', '0.00'),
(1960, 1, 16, 60, '0.00', '0.00', '0.00'),
(1961, 1, 1, 60, '0.00', '0.00', '0.00'),
(1962, 1, 28, 60, '0.00', '0.00', '0.00'),
(1963, 1, 12, 60, '0.00', '0.00', '0.00'),
(1964, 1, 22, 60, '0.00', '0.00', '0.00'),
(1965, 1, 4, 60, '0.00', '0.00', '0.00'),
(1966, 1, 17, 60, '0.00', '0.00', '0.00'),
(1967, 1, 29, 60, '0.00', '0.00', '0.00'),
(1968, 1, 24, 60, '0.00', '0.00', '0.00'),
(1969, 1, 6, 60, '0.00', '0.00', '0.00'),
(1970, 1, 18, 60, '0.00', '0.00', '0.00'),
(1971, 1, 14, 60, '0.00', '0.00', '0.00'),
(1972, 1, 9, 60, '0.00', '0.00', '0.00'),
(1973, 1, 27, 60, '0.00', '0.00', '0.00'),
(1974, 1, 15, 60, '0.00', '0.00', '0.00'),
(1975, 1, 13, 60, '0.00', '0.00', '0.00'),
(1976, 1, 8, 60, '0.00', '0.00', '0.00'),
(1977, 1, 26, 60, '0.00', '0.00', '0.00'),
(1978, 1, 10, 60, '0.00', '0.00', '0.00'),
(1979, 1, 23, 60, '0.00', '0.00', '0.00'),
(1980, 1, 11, 60, '1.00', '0.00', '1.00'),
(1981, 1, 20, 60, '0.00', '0.00', '0.00'),
(1982, 1, 7, 60, '0.00', '0.00', '0.00'),
(1983, 1, 2, 60, '0.00', '0.00', '0.00'),
(1984, 1, 3, 60, '0.00', '0.00', '0.00'),
(1985, 1, 19, 60, '0.00', '0.00', '0.00'),
(1986, 1, 5, 61, '1.00', '0.00', '1.00'),
(1987, 1, 25, 61, '0.00', '0.00', '0.00'),
(1988, 1, 16, 61, '1.00', '0.00', '1.00'),
(1989, 1, 12, 61, '0.00', '0.00', '0.00'),
(1990, 1, 1, 61, '1.00', '0.00', '1.00'),
(1991, 1, 8, 61, '1.00', '0.00', '1.00'),
(1992, 1, 4, 61, '0.00', '0.00', '0.00'),
(1993, 1, 11, 61, '0.00', '0.00', '0.00'),
(1994, 1, 7, 61, '0.00', '0.00', '0.00'),
(1995, 1, 10, 61, '1.00', '0.00', '1.00'),
(1996, 1, 28, 61, '0.00', '0.00', '0.00'),
(1997, 1, 15, 61, '1.00', '0.00', '1.00'),
(1998, 1, 17, 61, '1.00', '0.00', '1.00'),
(1999, 1, 26, 61, '0.00', '0.00', '0.00'),
(2000, 1, 9, 61, '1.00', '0.00', '1.00'),
(2001, 1, 14, 61, '0.00', '0.00', '0.00'),
(2002, 1, 29, 61, '0.00', '0.00', '0.00'),
(2003, 1, 13, 61, '1.00', '0.00', '1.00'),
(2004, 1, 20, 61, '1.00', '0.00', '1.00'),
(2005, 1, 6, 61, '0.00', '0.00', '0.00'),
(2006, 1, 27, 61, '1.00', '0.00', '1.00'),
(2007, 1, 23, 61, '0.00', '0.00', '0.00'),
(2008, 1, 22, 61, '1.00', '0.00', '1.00'),
(2009, 1, 24, 61, '1.00', '0.00', '1.00'),
(2010, 1, 18, 61, '1.00', '0.00', '1.00'),
(2011, 1, 2, 61, '0.00', '0.00', '0.00'),
(2012, 1, 3, 61, '0.00', '0.00', '0.00'),
(2013, 1, 19, 61, '0.00', '0.00', '0.00'),
(2014, 1, 5, 62, '0.00', '0.00', '0.00'),
(2015, 1, 25, 62, '1.00', '0.00', '1.00'),
(2016, 1, 16, 62, '0.00', '0.00', '0.00'),
(2017, 1, 12, 62, '0.00', '0.00', '0.00'),
(2018, 1, 1, 62, '0.00', '0.00', '0.00'),
(2019, 1, 8, 62, '0.00', '0.00', '0.00'),
(2020, 1, 4, 62, '1.00', '0.00', '1.00'),
(2021, 1, 11, 62, '0.00', '0.00', '0.00'),
(2022, 1, 7, 62, '0.00', '0.00', '0.00'),
(2023, 1, 10, 62, '0.00', '0.00', '0.00'),
(2024, 1, 26, 62, '0.00', '0.00', '0.00'),
(2025, 1, 15, 62, '1.00', '0.00', '1.00'),
(2026, 1, 17, 62, '1.00', '0.00', '1.00'),
(2027, 1, 9, 62, '0.00', '0.00', '0.00'),
(2028, 1, 14, 62, '1.00', '0.00', '1.00'),
(2029, 1, 29, 62, '0.00', '0.00', '0.00'),
(2030, 1, 13, 62, '0.00', '0.00', '0.00'),
(2031, 1, 20, 62, '1.00', '0.00', '1.00'),
(2032, 1, 6, 62, '0.00', '0.00', '0.00'),
(2033, 1, 27, 62, '0.00', '0.00', '0.00'),
(2034, 1, 23, 62, '0.00', '0.00', '0.00'),
(2035, 1, 22, 62, '0.00', '0.00', '0.00'),
(2036, 1, 24, 62, '1.00', '0.00', '1.00'),
(2037, 1, 28, 62, '0.00', '0.00', '0.00'),
(2038, 1, 18, 62, '0.00', '0.00', '0.00'),
(2039, 1, 21, 62, '0.00', '0.00', '0.00'),
(2040, 1, 2, 62, '1.00', '0.00', '1.00'),
(2041, 1, 3, 62, '1.00', '0.00', '1.00'),
(2042, 1, 19, 62, '1.00', '0.00', '1.00'),
(2043, 1, 5, 63, '0.00', '0.00', '0.00'),
(2044, 1, 25, 63, '0.00', '0.00', '0.00'),
(2045, 1, 16, 63, '1.00', '0.00', '1.00'),
(2046, 1, 12, 63, '1.00', '0.00', '1.00'),
(2047, 1, 1, 63, '1.00', '0.00', '1.00'),
(2048, 1, 8, 63, '1.00', '0.00', '1.00'),
(2049, 1, 4, 63, '0.00', '0.00', '0.00'),
(2050, 1, 11, 63, '0.00', '0.00', '0.00'),
(2051, 1, 7, 63, '0.00', '0.00', '0.00'),
(2052, 1, 15, 63, '0.00', '0.00', '0.00'),
(2053, 1, 20, 63, '0.00', '0.00', '0.00'),
(2054, 1, 27, 63, '1.00', '0.00', '1.00'),
(2055, 1, 10, 63, '1.00', '0.00', '1.00'),
(2056, 1, 9, 63, '0.00', '0.00', '0.00'),
(2057, 1, 14, 63, '1.00', '0.00', '1.00'),
(2058, 1, 29, 63, '0.00', '0.00', '0.00'),
(2059, 1, 26, 63, '1.00', '0.00', '1.00'),
(2060, 1, 13, 63, '1.00', '0.00', '1.00'),
(2061, 1, 22, 63, '0.00', '0.00', '0.00'),
(2062, 1, 17, 63, '1.00', '0.00', '1.00'),
(2063, 1, 23, 63, '0.00', '0.00', '0.00'),
(2064, 1, 2, 63, '0.00', '0.00', '0.00'),
(2065, 1, 3, 63, '1.00', '0.00', '1.00'),
(2066, 1, 19, 63, '0.00', '0.00', '0.00'),
(2067, 1, 5, 64, '1.00', '2.00', '3.00'),
(2068, 1, 25, 64, '1.00', '0.00', '1.00'),
(2069, 1, 16, 64, '1.00', '0.00', '1.00'),
(2070, 1, 12, 64, '0.00', '0.00', '0.00'),
(2071, 1, 1, 64, '1.00', '2.00', '3.00'),
(2072, 1, 8, 64, '1.00', '0.00', '1.00'),
(2073, 1, 4, 64, '1.00', '2.00', '3.00'),
(2074, 1, 11, 64, '1.00', '0.00', '1.00'),
(2075, 1, 7, 64, '0.00', '0.00', '0.00'),
(2076, 1, 15, 64, '0.00', '0.00', '0.00'),
(2077, 1, 20, 64, '1.00', '2.00', '3.00'),
(2078, 1, 27, 64, '1.00', '2.00', '3.00'),
(2079, 1, 10, 64, '1.00', '0.00', '1.00'),
(2080, 1, 9, 64, '1.00', '2.00', '3.00'),
(2081, 1, 14, 64, '1.00', '0.00', '1.00'),
(2082, 1, 29, 64, '1.00', '0.00', '1.00'),
(2083, 1, 26, 64, '1.00', '2.00', '3.00'),
(2084, 1, 13, 64, '1.00', '0.00', '1.00'),
(2085, 1, 22, 64, '1.00', '0.00', '1.00'),
(2086, 1, 17, 64, '1.00', '0.00', '1.00'),
(2087, 1, 28, 64, '1.00', '0.00', '1.00'),
(2088, 1, 23, 64, '1.00', '0.00', '1.00'),
(2089, 1, 24, 64, '1.00', '0.00', '1.00'),
(2090, 1, 18, 64, '0.00', '0.00', '0.00'),
(2091, 1, 6, 64, '1.00', '0.00', '1.00'),
(2092, 1, 2, 64, '1.00', '0.00', '1.00'),
(2093, 1, 3, 64, '1.00', '0.00', '1.00'),
(2094, 1, 19, 64, '1.00', '2.00', '3.00'),
(5737, 2, 1, 1, '1.00', '0.00', '1.00'),
(5738, 2, 10, 1, '1.00', '0.00', '1.00'),
(5739, 2, 14, 1, '1.00', '0.00', '1.00'),
(5740, 2, 11, 1, '1.00', '11.20', '12.20'),
(5741, 2, 5, 1, '1.00', '0.00', '1.00'),
(5742, 2, 9, 1, '1.00', '0.00', '1.00'),
(5743, 2, 6, 1, '1.00', '11.20', '12.20'),
(5744, 2, 15, 1, '1.00', '0.00', '1.00'),
(5745, 2, 7, 1, '1.00', '0.00', '1.00'),
(5746, 2, 4, 1, '1.00', '0.00', '1.00'),
(5747, 2, 20, 1, '1.00', '0.00', '1.00'),
(5748, 2, 13, 1, '1.00', '0.00', '1.00'),
(5749, 2, 16, 1, '1.00', '0.00', '1.00'),
(5750, 2, 12, 1, '1.00', '0.00', '1.00'),
(5751, 2, 18, 1, '1.00', '0.00', '1.00'),
(5752, 2, 24, 1, '1.00', '11.20', '12.20'),
(5753, 2, 17, 1, '1.00', '11.20', '12.20'),
(5754, 2, 25, 1, '1.00', '0.00', '1.00'),
(5755, 2, 8, 1, '1.00', '0.00', '1.00'),
(5756, 2, 26, 1, '1.00', '0.00', '1.00'),
(5757, 2, 22, 1, '1.00', '0.00', '1.00'),
(5758, 2, 23, 1, '1.00', '0.00', '1.00'),
(5759, 2, 27, 1, '1.00', '11.20', '12.20'),
(5760, 2, 21, 1, '1.00', '0.00', '1.00'),
(5761, 2, 29, 1, '1.00', '0.00', '1.00'),
(5762, 2, 2, 1, '1.00', '0.00', '1.00'),
(5763, 2, 3, 1, '1.00', '0.00', '1.00'),
(5764, 2, 19, 1, '1.00', '0.00', '1.00'),
(5765, 2, 1, 2, '1.61', '5.80', '7.41'),
(5766, 2, 10, 2, '0.00', '0.00', '0.00'),
(5767, 2, 11, 2, '0.00', '0.00', '0.00'),
(5768, 2, 5, 2, '0.00', '0.00', '0.00'),
(5769, 2, 9, 2, '0.00', '0.00', '0.00'),
(5770, 2, 6, 2, '1.61', '5.80', '7.41'),
(5771, 2, 7, 2, '0.00', '0.00', '0.00'),
(5772, 2, 4, 2, '1.61', '5.80', '7.41'),
(5773, 2, 20, 2, '1.61', '0.00', '1.61'),
(5774, 2, 13, 2, '0.00', '0.00', '0.00'),
(5775, 2, 14, 2, '1.61', '5.80', '7.41'),
(5776, 2, 16, 2, '1.61', '0.00', '1.61'),
(5777, 2, 12, 2, '1.61', '0.00', '1.61'),
(5778, 2, 24, 2, '1.61', '0.00', '1.61'),
(5779, 2, 17, 2, '0.00', '0.00', '0.00'),
(5780, 2, 25, 2, '0.00', '0.00', '0.00'),
(5781, 2, 8, 2, '1.61', '0.00', '1.61'),
(5782, 2, 26, 2, '1.61', '5.80', '7.41'),
(5783, 2, 22, 2, '1.61', '5.80', '7.41'),
(5784, 2, 23, 2, '0.00', '0.00', '0.00'),
(5785, 2, 27, 2, '1.61', '0.00', '1.61'),
(5786, 2, 21, 2, '1.61', '0.00', '1.61'),
(5787, 2, 15, 2, '1.61', '5.80', '7.41'),
(5788, 2, 28, 2, '1.61', '0.00', '1.61'),
(5789, 2, 18, 2, '1.61', '5.80', '7.41'),
(5790, 2, 29, 2, '1.61', '5.80', '7.41'),
(5791, 2, 2, 2, '0.00', '0.00', '0.00'),
(5792, 2, 3, 2, '0.00', '0.00', '0.00'),
(5793, 2, 19, 2, '1.61', '5.80', '7.41'),
(5794, 2, 10, 3, '0.00', '0.00', '0.00'),
(5795, 2, 1, 3, '0.00', '0.00', '0.00'),
(5796, 2, 11, 3, '0.00', '0.00', '0.00'),
(5797, 2, 5, 3, '0.00', '0.00', '0.00'),
(5798, 2, 9, 3, '0.00', '0.00', '0.00'),
(5799, 2, 6, 3, '0.00', '0.00', '0.00'),
(5800, 2, 7, 3, '0.00', '0.00', '0.00'),
(5801, 2, 4, 3, '0.00', '0.00', '0.00'),
(5802, 2, 20, 3, '0.00', '0.00', '0.00'),
(5803, 2, 13, 3, '0.00', '0.00', '0.00'),
(5804, 2, 14, 3, '0.00', '0.00', '0.00'),
(5805, 2, 16, 3, '0.00', '0.00', '0.00'),
(5806, 2, 12, 3, '0.00', '0.00', '0.00'),
(5807, 2, 24, 3, '0.00', '0.00', '0.00'),
(5808, 2, 17, 3, '0.00', '0.00', '0.00'),
(5809, 2, 25, 3, '0.00', '0.00', '0.00'),
(5810, 2, 8, 3, '0.00', '0.00', '0.00'),
(5811, 2, 26, 3, '0.00', '0.00', '0.00'),
(5812, 2, 22, 3, '0.00', '0.00', '0.00'),
(5813, 2, 23, 3, '0.00', '0.00', '0.00'),
(5814, 2, 27, 3, '0.00', '0.00', '0.00'),
(5815, 2, 21, 3, '0.00', '0.00', '0.00'),
(5816, 2, 15, 3, '0.00', '0.00', '0.00'),
(5817, 2, 28, 3, '0.00', '0.00', '0.00'),
(5818, 2, 18, 3, '0.00', '0.00', '0.00'),
(5819, 2, 29, 3, '0.00', '0.00', '0.00'),
(5820, 2, 2, 3, '0.00', '0.00', '0.00'),
(5821, 2, 3, 3, '0.00', '0.00', '0.00'),
(5822, 2, 19, 3, '0.00', '0.00', '0.00'),
(5823, 2, 10, 4, '1.12', '0.00', '1.12'),
(5824, 2, 1, 4, '1.12', '0.00', '1.12'),
(5825, 2, 11, 4, '1.12', '0.00', '1.12'),
(5826, 2, 9, 4, '1.12', '58.00', '59.12'),
(5827, 2, 6, 4, '1.12', '0.00', '1.12'),
(5828, 2, 7, 4, '0.00', '0.00', '0.00'),
(5829, 2, 4, 4, '1.12', '0.00', '1.12'),
(5830, 2, 20, 4, '1.12', '0.00', '1.12'),
(5831, 2, 13, 4, '1.12', '0.00', '1.12'),
(5832, 2, 14, 4, '1.12', '0.00', '1.12'),
(5833, 2, 16, 4, '1.12', '0.00', '1.12'),
(5834, 2, 12, 4, '1.12', '0.00', '1.12'),
(5835, 2, 24, 4, '1.12', '0.00', '1.12'),
(5836, 2, 17, 4, '1.12', '0.00', '1.12'),
(5837, 2, 25, 4, '0.00', '0.00', '0.00'),
(5838, 2, 8, 4, '1.12', '0.00', '1.12'),
(5839, 2, 26, 4, '1.12', '0.00', '1.12'),
(5840, 2, 22, 4, '1.12', '0.00', '1.12'),
(5841, 2, 23, 4, '1.12', '0.00', '1.12'),
(5842, 2, 27, 4, '1.12', '0.00', '1.12'),
(5843, 2, 21, 4, '1.12', '0.00', '1.12'),
(5844, 2, 15, 4, '0.00', '0.00', '0.00'),
(5845, 2, 5, 4, '1.12', '0.00', '1.12'),
(5846, 2, 28, 4, '1.12', '0.00', '1.12'),
(5847, 2, 18, 4, '1.12', '0.00', '1.12'),
(5848, 2, 29, 4, '1.12', '0.00', '1.12'),
(5849, 2, 2, 4, '1.12', '0.00', '1.12'),
(5850, 2, 3, 4, '1.12', '0.00', '1.12'),
(5851, 2, 19, 4, '1.12', '0.00', '1.12'),
(5852, 2, 1, 5, '1.21', '0.00', '1.21'),
(5853, 2, 10, 5, '0.00', '0.00', '0.00'),
(5854, 2, 11, 5, '1.21', '0.00', '1.21'),
(5855, 2, 9, 5, '0.00', '0.00', '0.00'),
(5856, 2, 7, 5, '1.21', '0.00', '1.21'),
(5857, 2, 4, 5, '1.21', '0.00', '1.21'),
(5858, 2, 20, 5, '1.21', '0.00', '1.21'),
(5859, 2, 6, 5, '1.21', '0.00', '1.21'),
(5860, 2, 13, 5, '1.21', '0.00', '1.21'),
(5861, 2, 16, 5, '0.00', '0.00', '0.00'),
(5862, 2, 12, 5, '1.21', '0.00', '1.21'),
(5863, 2, 24, 5, '0.00', '0.00', '0.00'),
(5864, 2, 17, 5, '1.21', '0.00', '1.21'),
(5865, 2, 25, 5, '1.21', '0.00', '1.21'),
(5866, 2, 8, 5, '1.21', '0.00', '1.21'),
(5867, 2, 26, 5, '1.21', '0.00', '1.21'),
(5868, 2, 22, 5, '0.00', '0.00', '0.00'),
(5869, 2, 27, 5, '1.21', '0.00', '1.21'),
(5870, 2, 21, 5, '1.21', '0.00', '1.21'),
(5871, 2, 15, 5, '1.21', '0.00', '1.21'),
(5872, 2, 5, 5, '1.21', '0.00', '1.21'),
(5873, 2, 28, 5, '1.21', '0.00', '1.21'),
(5874, 2, 18, 5, '1.21', '0.00', '1.21'),
(5875, 2, 14, 5, '1.21', '0.00', '1.21'),
(5876, 2, 23, 5, '1.21', '0.00', '1.21'),
(5877, 2, 29, 5, '1.21', '0.00', '1.21'),
(5878, 2, 2, 5, '1.21', '0.00', '1.21'),
(5879, 2, 3, 5, '1.21', '0.00', '1.21'),
(5880, 2, 19, 5, '1.21', '0.00', '1.21'),
(5881, 2, 10, 6, '0.00', '0.00', '0.00'),
(5882, 2, 1, 6, '0.00', '0.00', '0.00'),
(5883, 2, 11, 6, '0.00', '0.00', '0.00'),
(5884, 2, 9, 6, '0.00', '0.00', '0.00'),
(5885, 2, 7, 6, '0.00', '0.00', '0.00'),
(5886, 2, 4, 6, '0.00', '0.00', '0.00'),
(5887, 2, 20, 6, '0.00', '0.00', '0.00'),
(5888, 2, 6, 6, '0.00', '0.00', '0.00'),
(5889, 2, 13, 6, '0.00', '0.00', '0.00'),
(5890, 2, 16, 6, '0.00', '0.00', '0.00'),
(5891, 2, 12, 6, '0.00', '0.00', '0.00'),
(5892, 2, 24, 6, '0.00', '0.00', '0.00'),
(5893, 2, 17, 6, '0.00', '0.00', '0.00'),
(5894, 2, 25, 6, '0.00', '0.00', '0.00'),
(5895, 2, 8, 6, '0.00', '0.00', '0.00'),
(5896, 2, 26, 6, '0.00', '0.00', '0.00'),
(5897, 2, 22, 6, '0.00', '0.00', '0.00'),
(5898, 2, 27, 6, '0.00', '0.00', '0.00'),
(5899, 2, 21, 6, '0.00', '0.00', '0.00'),
(5900, 2, 15, 6, '0.00', '0.00', '0.00'),
(5901, 2, 5, 6, '0.00', '0.00', '0.00'),
(5902, 2, 28, 6, '0.00', '0.00', '0.00'),
(5903, 2, 18, 6, '0.00', '0.00', '0.00'),
(5904, 2, 14, 6, '0.00', '0.00', '0.00'),
(5905, 2, 23, 6, '0.00', '0.00', '0.00'),
(5906, 2, 29, 6, '0.00', '0.00', '0.00'),
(5907, 2, 2, 6, '0.00', '0.00', '0.00'),
(5908, 2, 3, 6, '0.00', '0.00', '0.00'),
(5909, 2, 19, 6, '0.00', '0.00', '0.00'),
(5910, 2, 1, 7, '0.00', '0.00', '0.00'),
(5911, 2, 11, 7, '0.00', '0.00', '0.00'),
(5912, 2, 9, 7, '0.00', '0.00', '0.00'),
(5913, 2, 6, 7, '0.00', '0.00', '0.00'),
(5914, 2, 10, 7, '0.00', '0.00', '0.00'),
(5915, 2, 4, 7, '0.00', '0.00', '0.00'),
(5916, 2, 20, 7, '0.00', '0.00', '0.00'),
(5917, 2, 13, 7, '0.00', '0.00', '0.00'),
(5918, 2, 16, 7, '3.22', '0.00', '3.22'),
(5919, 2, 12, 7, '3.22', '0.00', '3.22'),
(5920, 2, 24, 7, '3.22', '0.00', '3.22'),
(5921, 2, 17, 7, '0.00', '0.00', '0.00'),
(5922, 2, 25, 7, '0.00', '0.00', '0.00'),
(5923, 2, 8, 7, '3.22', '0.00', '3.22'),
(5924, 2, 26, 7, '0.00', '0.00', '0.00'),
(5925, 2, 22, 7, '3.22', '0.00', '3.22'),
(5926, 2, 27, 7, '0.00', '0.00', '0.00'),
(5927, 2, 15, 7, '0.00', '0.00', '0.00'),
(5928, 2, 5, 7, '0.00', '0.00', '0.00'),
(5929, 2, 28, 7, '0.00', '0.00', '0.00'),
(5930, 2, 18, 7, '0.00', '0.00', '0.00'),
(5931, 2, 7, 7, '0.00', '0.00', '0.00'),
(5932, 2, 14, 7, '3.22', '0.00', '3.22'),
(5933, 2, 29, 7, '0.00', '0.00', '0.00'),
(5934, 2, 23, 7, '0.00', '0.00', '0.00'),
(5935, 2, 21, 7, '3.22', '0.00', '3.22'),
(5936, 2, 2, 7, '3.22', '0.00', '3.22'),
(5937, 2, 3, 7, '0.00', '0.00', '0.00'),
(5938, 2, 19, 7, '3.22', '0.00', '3.22'),
(5939, 2, 1, 8, '1.53', '0.00', '1.53'),
(5940, 2, 11, 8, '1.53', '0.00', '1.53'),
(5941, 2, 9, 8, '1.53', '0.00', '1.53'),
(5942, 2, 10, 8, '1.53', '0.00', '1.53'),
(5943, 2, 4, 8, '0.00', '0.00', '0.00'),
(5944, 2, 20, 8, '1.53', '9.67', '11.19'),
(5945, 2, 6, 8, '0.00', '0.00', '0.00'),
(5946, 2, 16, 8, '1.53', '0.00', '1.53'),
(5947, 2, 13, 8, '0.00', '0.00', '0.00'),
(5948, 2, 12, 8, '0.00', '0.00', '0.00'),
(5949, 2, 24, 8, '1.53', '0.00', '1.53'),
(5950, 2, 17, 8, '0.00', '0.00', '0.00'),
(5951, 2, 25, 8, '1.53', '0.00', '1.53'),
(5952, 2, 8, 8, '0.00', '0.00', '0.00'),
(5953, 2, 26, 8, '1.53', '0.00', '1.53'),
(5954, 2, 22, 8, '1.53', '0.00', '1.53'),
(5955, 2, 27, 8, '1.53', '0.00', '1.53'),
(5956, 2, 15, 8, '1.53', '9.67', '11.19'),
(5957, 2, 5, 8, '0.00', '0.00', '0.00'),
(5958, 2, 28, 8, '1.53', '0.00', '1.53'),
(5959, 2, 18, 8, '0.00', '0.00', '0.00'),
(5960, 2, 14, 8, '0.00', '0.00', '0.00'),
(5961, 2, 23, 8, '1.53', '9.67', '11.19'),
(5962, 2, 29, 8, '1.53', '9.67', '11.19'),
(5963, 2, 7, 8, '1.53', '9.67', '11.19'),
(5964, 2, 21, 8, '1.53', '0.00', '1.53'),
(5965, 2, 2, 8, '0.00', '0.00', '0.00'),
(5966, 2, 3, 8, '1.53', '9.67', '11.19'),
(5967, 2, 19, 8, '1.53', '0.00', '1.53'),
(5968, 2, 1, 9, '0.00', '0.00', '0.00'),
(5969, 2, 11, 9, '0.00', '0.00', '0.00'),
(5970, 2, 9, 9, '0.00', '0.00', '0.00'),
(5971, 2, 10, 9, '2.90', '0.00', '2.90'),
(5972, 2, 4, 9, '2.90', '0.00', '2.90'),
(5973, 2, 20, 9, '0.00', '0.00', '0.00'),
(5974, 2, 6, 9, '0.00', '0.00', '0.00'),
(5975, 2, 16, 9, '2.90', '0.00', '2.90'),
(5976, 2, 13, 9, '2.90', '11.60', '14.50'),
(5977, 2, 12, 9, '0.00', '0.00', '0.00'),
(5978, 2, 24, 9, '0.00', '0.00', '0.00'),
(5979, 2, 17, 9, '2.90', '0.00', '2.90'),
(5980, 2, 25, 9, '0.00', '0.00', '0.00'),
(5981, 2, 8, 9, '0.00', '0.00', '0.00'),
(5982, 2, 26, 9, '0.00', '0.00', '0.00'),
(5983, 2, 22, 9, '2.90', '11.60', '14.50'),
(5984, 2, 27, 9, '0.00', '0.00', '0.00'),
(5985, 2, 15, 9, '0.00', '0.00', '0.00'),
(5986, 2, 5, 9, '0.00', '0.00', '0.00'),
(5987, 2, 28, 9, '2.90', '11.60', '14.50'),
(5988, 2, 18, 9, '0.00', '0.00', '0.00'),
(5989, 2, 14, 9, '2.90', '11.60', '14.50'),
(5990, 2, 23, 9, '0.00', '0.00', '0.00'),
(5991, 2, 29, 9, '2.90', '0.00', '2.90'),
(5992, 2, 7, 9, '0.00', '0.00', '0.00'),
(5993, 2, 21, 9, '2.90', '11.60', '14.50'),
(5994, 2, 2, 9, '0.00', '0.00', '0.00'),
(5995, 2, 3, 9, '0.00', '0.00', '0.00'),
(5996, 2, 19, 9, '0.00', '0.00', '0.00'),
(5997, 2, 1, 10, '1.12', '0.00', '1.12'),
(5998, 2, 11, 10, '0.00', '0.00', '0.00'),
(5999, 2, 9, 10, '0.00', '0.00', '0.00'),
(6000, 2, 10, 10, '1.12', '0.00', '1.12'),
(6001, 2, 4, 10, '1.12', '0.00', '1.12'),
(6002, 2, 20, 10, '1.12', '0.00', '1.12'),
(6003, 2, 6, 10, '1.12', '0.00', '1.12'),
(6004, 2, 16, 10, '1.12', '0.00', '1.12'),
(6005, 2, 13, 10, '0.00', '0.00', '0.00'),
(6006, 2, 12, 10, '1.12', '0.00', '1.12'),
(6007, 2, 24, 10, '1.12', '0.00', '1.12'),
(6008, 2, 17, 10, '1.12', '29.00', '30.12'),
(6009, 2, 25, 10, '1.12', '0.00', '1.12'),
(6010, 2, 8, 10, '1.12', '0.00', '1.12'),
(6011, 2, 26, 10, '1.12', '0.00', '1.12'),
(6012, 2, 22, 10, '1.12', '0.00', '1.12'),
(6013, 2, 27, 10, '1.12', '0.00', '1.12'),
(6014, 2, 15, 10, '1.12', '0.00', '1.12'),
(6015, 2, 5, 10, '1.12', '0.00', '1.12'),
(6016, 2, 28, 10, '1.12', '0.00', '1.12'),
(6017, 2, 18, 10, '1.12', '0.00', '1.12'),
(6018, 2, 14, 10, '1.12', '0.00', '1.12'),
(6019, 2, 23, 10, '1.12', '0.00', '1.12'),
(6020, 2, 29, 10, '1.12', '0.00', '1.12'),
(6021, 2, 7, 10, '1.12', '0.00', '1.12'),
(6022, 2, 21, 10, '1.12', '29.00', '30.12'),
(6023, 2, 2, 10, '1.12', '0.00', '1.12'),
(6024, 2, 3, 10, '1.12', '0.00', '1.12'),
(6025, 2, 19, 10, '1.12', '0.00', '1.12'),
(6026, 2, 1, 11, '1.00', '0.00', '1.00'),
(6027, 2, 11, 11, '1.00', '0.00', '1.00'),
(6028, 2, 9, 11, '1.00', '28.00', '29.00'),
(6029, 2, 10, 11, '1.00', '0.00', '1.00'),
(6030, 2, 4, 11, '1.00', '0.00', '1.00'),
(6031, 2, 20, 11, '1.00', '0.00', '1.00'),
(6032, 2, 6, 11, '1.00', '0.00', '1.00'),
(6033, 2, 16, 11, '1.00', '0.00', '1.00'),
(6034, 2, 13, 11, '1.00', '0.00', '1.00'),
(6035, 2, 12, 11, '1.00', '0.00', '1.00'),
(6036, 2, 24, 11, '1.00', '0.00', '1.00'),
(6037, 2, 17, 11, '1.00', '0.00', '1.00'),
(6038, 2, 25, 11, '1.00', '0.00', '1.00'),
(6039, 2, 8, 11, '1.00', '0.00', '1.00'),
(6040, 2, 26, 11, '1.00', '28.00', '29.00'),
(6041, 2, 22, 11, '1.00', '0.00', '1.00'),
(6042, 2, 27, 11, '1.00', '0.00', '1.00'),
(6043, 2, 15, 11, '1.00', '0.00', '1.00'),
(6044, 2, 5, 11, '1.00', '0.00', '1.00'),
(6045, 2, 28, 11, '1.00', '0.00', '1.00'),
(6046, 2, 18, 11, '1.00', '0.00', '1.00'),
(6047, 2, 14, 11, '1.00', '0.00', '1.00'),
(6048, 2, 23, 11, '1.00', '0.00', '1.00'),
(6049, 2, 29, 11, '1.00', '0.00', '1.00'),
(6050, 2, 7, 11, '1.00', '0.00', '1.00'),
(6051, 2, 2, 11, '1.00', '0.00', '1.00'),
(6052, 2, 3, 11, '1.00', '0.00', '1.00'),
(6053, 2, 19, 11, '1.00', '0.00', '1.00'),
(6054, 2, 1, 12, '1.26', '0.00', '1.26'),
(6055, 2, 11, 12, '1.26', '0.00', '1.26'),
(6056, 2, 9, 12, '1.26', '0.00', '1.26'),
(6057, 2, 10, 12, '1.26', '0.00', '1.26'),
(6058, 2, 4, 12, '0.00', '0.00', '0.00'),
(6059, 2, 20, 12, '1.26', '0.00', '1.26'),
(6060, 2, 6, 12, '1.26', '0.00', '1.26'),
(6061, 2, 16, 12, '1.26', '0.00', '1.26'),
(6062, 2, 12, 12, '1.26', '0.00', '1.26'),
(6063, 2, 13, 12, '1.26', '0.00', '1.26'),
(6064, 2, 24, 12, '0.00', '0.00', '0.00'),
(6065, 2, 17, 12, '1.26', '0.00', '1.26'),
(6066, 2, 25, 12, '0.00', '0.00', '0.00'),
(6067, 2, 8, 12, '0.00', '0.00', '0.00'),
(6068, 2, 26, 12, '1.26', '0.00', '1.26'),
(6069, 2, 22, 12, '1.26', '0.00', '1.26'),
(6070, 2, 27, 12, '0.00', '0.00', '0.00'),
(6071, 2, 5, 12, '0.00', '0.00', '0.00'),
(6072, 2, 28, 12, '1.26', '0.00', '1.26'),
(6073, 2, 14, 12, '1.26', '0.00', '1.26'),
(6074, 2, 29, 12, '1.26', '0.00', '1.26'),
(6075, 2, 21, 12, '1.26', '0.00', '1.26'),
(6076, 2, 7, 12, '1.26', '0.00', '1.26'),
(6077, 2, 18, 12, '1.26', '0.00', '1.26'),
(6078, 2, 15, 12, '1.26', '0.00', '1.26'),
(6079, 2, 23, 12, '1.26', '0.00', '1.26'),
(6080, 2, 2, 12, '1.26', '0.00', '1.26'),
(6081, 2, 3, 12, '1.26', '0.00', '1.26'),
(6082, 2, 19, 12, '1.26', '0.00', '1.26'),
(6083, 2, 1, 13, '0.00', '0.00', '0.00'),
(6084, 2, 11, 13, '0.00', '0.00', '0.00'),
(6085, 2, 9, 13, '2.64', '0.00', '2.64'),
(6086, 2, 10, 13, '0.00', '0.00', '0.00'),
(6087, 2, 4, 13, '0.00', '0.00', '0.00'),
(6088, 2, 20, 13, '0.00', '0.00', '0.00'),
(6089, 2, 6, 13, '0.00', '0.00', '0.00'),
(6090, 2, 16, 13, '0.00', '0.00', '0.00'),
(6091, 2, 12, 13, '0.00', '0.00', '0.00'),
(6092, 2, 13, 13, '2.64', '0.00', '2.64'),
(6093, 2, 24, 13, '0.00', '0.00', '0.00'),
(6094, 2, 25, 13, '2.64', '0.00', '2.64'),
(6095, 2, 8, 13, '2.64', '0.00', '2.64'),
(6096, 2, 26, 13, '0.00', '0.00', '0.00'),
(6097, 2, 22, 13, '0.00', '0.00', '0.00'),
(6098, 2, 27, 13, '2.64', '0.00', '2.64'),
(6099, 2, 5, 13, '2.64', '0.00', '2.64'),
(6100, 2, 28, 13, '2.64', '0.00', '2.64'),
(6101, 2, 14, 13, '0.00', '0.00', '0.00'),
(6102, 2, 17, 13, '0.00', '0.00', '0.00'),
(6103, 2, 29, 13, '0.00', '0.00', '0.00'),
(6104, 2, 21, 13, '0.00', '0.00', '0.00'),
(6105, 2, 7, 13, '0.00', '0.00', '0.00'),
(6106, 2, 18, 13, '0.00', '0.00', '0.00'),
(6107, 2, 15, 13, '2.64', '0.00', '2.64'),
(6108, 2, 23, 13, '2.64', '0.00', '2.64'),
(6109, 2, 2, 13, '2.64', '0.00', '2.64'),
(6110, 2, 3, 13, '2.64', '0.00', '2.64'),
(6111, 2, 19, 13, '0.00', '0.00', '0.00'),
(6112, 2, 1, 14, '0.00', '0.00', '0.00'),
(6113, 2, 11, 14, '0.00', '0.00', '0.00'),
(6114, 2, 9, 14, '0.00', '0.00', '0.00'),
(6115, 2, 4, 14, '0.00', '0.00', '0.00'),
(6116, 2, 20, 14, '0.00', '0.00', '0.00'),
(6117, 2, 6, 14, '0.00', '0.00', '0.00'),
(6118, 2, 16, 14, '0.00', '0.00', '0.00'),
(6119, 2, 12, 14, '0.00', '0.00', '0.00'),
(6120, 2, 13, 14, '0.00', '0.00', '0.00'),
(6121, 2, 24, 14, '0.00', '0.00', '0.00'),
(6122, 2, 25, 14, '0.00', '0.00', '0.00'),
(6123, 2, 8, 14, '0.00', '0.00', '0.00'),
(6124, 2, 26, 14, '0.00', '0.00', '0.00'),
(6125, 2, 22, 14, '0.00', '0.00', '0.00'),
(6126, 2, 27, 14, '0.00', '0.00', '0.00'),
(6127, 2, 5, 14, '0.00', '0.00', '0.00'),
(6128, 2, 28, 14, '5.80', '0.00', '5.80'),
(6129, 2, 14, 14, '0.00', '0.00', '0.00'),
(6130, 2, 17, 14, '0.00', '0.00', '0.00'),
(6131, 2, 29, 14, '5.80', '19.33', '25.13'),
(6132, 2, 10, 14, '5.80', '19.33', '25.13'),
(6133, 2, 21, 14, '0.00', '0.00', '0.00'),
(6134, 2, 7, 14, '0.00', '0.00', '0.00'),
(6135, 2, 18, 14, '5.80', '0.00', '5.80'),
(6136, 2, 15, 14, '0.00', '0.00', '0.00'),
(6137, 2, 23, 14, '5.80', '19.33', '25.13'),
(6138, 2, 2, 14, '0.00', '0.00', '0.00'),
(6139, 2, 3, 14, '0.00', '0.00', '0.00'),
(6140, 2, 19, 14, '0.00', '0.00', '0.00'),
(6141, 2, 1, 15, '1.04', '0.00', '1.04'),
(6142, 2, 11, 15, '1.04', '0.00', '1.04'),
(6143, 2, 9, 15, '1.04', '19.33', '20.37'),
(6144, 2, 4, 15, '1.04', '0.00', '1.04'),
(6145, 2, 20, 15, '1.04', '0.00', '1.04'),
(6146, 2, 6, 15, '1.04', '0.00', '1.04'),
(6147, 2, 16, 15, '1.04', '0.00', '1.04'),
(6148, 2, 12, 15, '1.04', '0.00', '1.04'),
(6149, 2, 24, 15, '1.04', '0.00', '1.04'),
(6150, 2, 13, 15, '1.04', '0.00', '1.04'),
(6151, 2, 25, 15, '1.04', '0.00', '1.04'),
(6152, 2, 26, 15, '1.04', '0.00', '1.04'),
(6153, 2, 22, 15, '1.04', '0.00', '1.04'),
(6154, 2, 27, 15, '1.04', '0.00', '1.04'),
(6155, 2, 5, 15, '1.04', '0.00', '1.04'),
(6156, 2, 28, 15, '1.04', '0.00', '1.04'),
(6157, 2, 17, 15, '1.04', '0.00', '1.04'),
(6158, 2, 8, 15, '1.04', '0.00', '1.04'),
(6159, 2, 29, 15, '1.04', '0.00', '1.04'),
(6160, 2, 21, 15, '1.04', '0.00', '1.04'),
(6161, 2, 7, 15, '0.00', '0.00', '0.00'),
(6162, 2, 18, 15, '1.04', '0.00', '1.04'),
(6163, 2, 15, 15, '1.04', '19.33', '20.37'),
(6164, 2, 14, 15, '1.04', '0.00', '1.04'),
(6165, 2, 10, 15, '1.04', '0.00', '1.04'),
(6166, 2, 23, 15, '1.04', '19.33', '20.37'),
(6167, 2, 2, 15, '1.04', '0.00', '1.04'),
(6168, 2, 3, 15, '1.04', '0.00', '1.04'),
(6169, 2, 19, 15, '1.04', '0.00', '1.04'),
(6170, 2, 1, 16, '0.00', '0.00', '0.00'),
(6171, 2, 11, 16, '0.00', '0.00', '0.00'),
(6172, 2, 9, 16, '0.00', '0.00', '0.00'),
(6173, 2, 4, 16, '0.00', '0.00', '0.00'),
(6174, 2, 20, 16, '0.00', '0.00', '0.00'),
(6175, 2, 6, 16, '0.00', '0.00', '0.00'),
(6176, 2, 16, 16, '0.00', '0.00', '0.00'),
(6177, 2, 12, 16, '14.50', '0.00', '14.50'),
(6178, 2, 24, 16, '0.00', '0.00', '0.00'),
(6179, 2, 13, 16, '0.00', '0.00', '0.00'),
(6180, 2, 25, 16, '14.50', '0.00', '14.50'),
(6181, 2, 26, 16, '0.00', '0.00', '0.00'),
(6182, 2, 22, 16, '0.00', '0.00', '0.00'),
(6183, 2, 27, 16, '0.00', '0.00', '0.00'),
(6184, 2, 5, 16, '0.00', '0.00', '0.00'),
(6185, 2, 28, 16, '0.00', '0.00', '0.00'),
(6186, 2, 17, 16, '0.00', '0.00', '0.00'),
(6187, 2, 8, 16, '0.00', '0.00', '0.00'),
(6188, 2, 29, 16, '0.00', '0.00', '0.00'),
(6189, 2, 21, 16, '0.00', '0.00', '0.00'),
(6190, 2, 7, 16, '0.00', '0.00', '0.00'),
(6191, 2, 18, 16, '0.00', '0.00', '0.00'),
(6192, 2, 15, 16, '0.00', '0.00', '0.00'),
(6193, 2, 14, 16, '0.00', '0.00', '0.00'),
(6194, 2, 10, 16, '0.00', '0.00', '0.00'),
(6195, 2, 23, 16, '0.00', '0.00', '0.00'),
(6196, 2, 2, 16, '0.00', '0.00', '0.00'),
(6197, 2, 3, 16, '0.00', '0.00', '0.00'),
(6198, 2, 19, 16, '0.00', '0.00', '0.00'),
(6199, 2, 1, 17, '0.00', '0.00', '0.00'),
(6200, 2, 11, 17, '0.00', '0.00', '0.00'),
(6201, 2, 9, 17, '0.00', '0.00', '0.00'),
(6202, 2, 4, 17, '0.00', '0.00', '0.00'),
(6203, 2, 20, 17, '0.00', '0.00', '0.00'),
(6204, 2, 6, 17, '0.00', '0.00', '0.00'),
(6205, 2, 16, 17, '0.00', '0.00', '0.00'),
(6206, 2, 12, 17, '0.00', '0.00', '0.00'),
(6207, 2, 24, 17, '0.00', '0.00', '0.00'),
(6208, 2, 13, 17, '4.14', '11.60', '15.74'),
(6209, 2, 25, 17, '4.14', '11.60', '15.74'),
(6210, 2, 26, 17, '0.00', '0.00', '0.00'),
(6211, 2, 22, 17, '4.14', '11.60', '15.74'),
(6212, 2, 27, 17, '0.00', '0.00', '0.00'),
(6213, 2, 5, 17, '0.00', '0.00', '0.00'),
(6214, 2, 28, 17, '0.00', '0.00', '0.00'),
(6215, 2, 17, 17, '0.00', '0.00', '0.00'),
(6216, 2, 8, 17, '4.14', '11.60', '15.74'),
(6217, 2, 29, 17, '0.00', '0.00', '0.00'),
(6218, 2, 21, 17, '0.00', '0.00', '0.00'),
(6219, 2, 7, 17, '4.14', '0.00', '4.14'),
(6220, 2, 18, 17, '4.14', '11.60', '15.74'),
(6221, 2, 15, 17, '0.00', '0.00', '0.00'),
(6222, 2, 14, 17, '0.00', '0.00', '0.00'),
(6223, 2, 10, 17, '4.14', '0.00', '4.14'),
(6224, 2, 23, 17, '0.00', '0.00', '0.00'),
(6225, 2, 2, 17, '0.00', '0.00', '0.00'),
(6226, 2, 3, 17, '0.00', '0.00', '0.00'),
(6227, 2, 19, 17, '0.00', '0.00', '0.00'),
(6228, 2, 1, 18, '1.00', '0.00', '1.00'),
(6229, 2, 9, 18, '1.00', '0.00', '1.00'),
(6230, 2, 11, 18, '1.00', '0.00', '1.00'),
(6231, 2, 20, 18, '1.00', '0.00', '1.00'),
(6232, 2, 6, 18, '1.00', '0.00', '1.00'),
(6233, 2, 16, 18, '1.00', '0.00', '1.00'),
(6234, 2, 12, 18, '1.00', '0.00', '1.00'),
(6235, 2, 24, 18, '1.00', '0.00', '1.00'),
(6236, 2, 13, 18, '1.00', '0.00', '1.00'),
(6237, 2, 25, 18, '1.00', '0.00', '1.00'),
(6238, 2, 26, 18, '1.00', '0.00', '1.00'),
(6239, 2, 22, 18, '1.00', '0.00', '1.00'),
(6240, 2, 27, 18, '1.00', '0.00', '1.00'),
(6241, 2, 5, 18, '1.00', '0.00', '1.00'),
(6242, 2, 28, 18, '1.00', '0.00', '1.00'),
(6243, 2, 17, 18, '1.00', '0.00', '1.00'),
(6244, 2, 8, 18, '1.00', '0.00', '1.00'),
(6245, 2, 29, 18, '1.00', '0.00', '1.00'),
(6246, 2, 21, 18, '1.00', '0.00', '1.00'),
(6247, 2, 7, 18, '1.00', '0.00', '1.00'),
(6248, 2, 15, 18, '1.00', '0.00', '1.00'),
(6249, 2, 10, 18, '1.00', '0.00', '1.00'),
(6250, 2, 14, 18, '1.00', '0.00', '1.00'),
(6251, 2, 4, 18, '1.00', '0.00', '1.00'),
(6252, 2, 23, 18, '1.00', '0.00', '1.00'),
(6253, 2, 2, 18, '1.00', '0.00', '1.00'),
(6254, 2, 3, 18, '1.00', '0.00', '1.00'),
(6255, 2, 19, 18, '1.00', '0.00', '1.00'),
(6256, 2, 1, 19, '0.00', '0.00', '0.00'),
(6257, 2, 9, 19, '0.00', '0.00', '0.00'),
(6258, 2, 11, 19, '0.00', '0.00', '0.00'),
(6259, 2, 20, 19, '0.00', '0.00', '0.00'),
(6260, 2, 6, 19, '0.00', '0.00', '0.00'),
(6261, 2, 16, 19, '9.67', '0.00', '9.67'),
(6262, 2, 12, 19, '0.00', '0.00', '0.00'),
(6263, 2, 24, 19, '0.00', '0.00', '0.00'),
(6264, 2, 13, 19, '0.00', '0.00', '0.00'),
(6265, 2, 25, 19, '9.67', '0.00', '9.67'),
(6266, 2, 26, 19, '0.00', '0.00', '0.00'),
(6267, 2, 22, 19, '0.00', '0.00', '0.00'),
(6268, 2, 27, 19, '0.00', '0.00', '0.00'),
(6269, 2, 5, 19, '0.00', '0.00', '0.00'),
(6270, 2, 28, 19, '0.00', '0.00', '0.00'),
(6271, 2, 17, 19, '0.00', '0.00', '0.00'),
(6272, 2, 8, 19, '0.00', '0.00', '0.00'),
(6273, 2, 29, 19, '9.67', '0.00', '9.67'),
(6274, 2, 21, 19, '0.00', '0.00', '0.00'),
(6275, 2, 15, 19, '0.00', '0.00', '0.00'),
(6276, 2, 10, 19, '0.00', '0.00', '0.00'),
(6277, 2, 14, 19, '0.00', '0.00', '0.00'),
(6278, 2, 4, 19, '0.00', '0.00', '0.00'),
(6279, 2, 7, 19, '0.00', '0.00', '0.00'),
(6280, 2, 23, 19, '0.00', '0.00', '0.00'),
(6281, 2, 18, 19, '0.00', '0.00', '0.00'),
(6282, 2, 2, 19, '0.00', '0.00', '0.00'),
(6283, 2, 3, 19, '0.00', '0.00', '0.00'),
(6284, 2, 19, 19, '0.00', '0.00', '0.00'),
(6285, 2, 1, 20, '1.12', '0.00', '1.12'),
(6286, 2, 9, 20, '1.12', '0.00', '1.12'),
(6287, 2, 11, 20, '1.12', '0.00', '1.12'),
(6288, 2, 20, 20, '1.12', '0.00', '1.12'),
(6289, 2, 6, 20, '1.12', '0.00', '1.12'),
(6290, 2, 16, 20, '1.12', '0.00', '1.12'),
(6291, 2, 12, 20, '1.12', '0.00', '1.12'),
(6292, 2, 24, 20, '0.00', '0.00', '0.00'),
(6293, 2, 13, 20, '1.12', '0.00', '1.12'),
(6294, 2, 26, 20, '1.12', '0.00', '1.12'),
(6295, 2, 22, 20, '1.12', '0.00', '1.12'),
(6296, 2, 25, 20, '1.12', '0.00', '1.12'),
(6297, 2, 27, 20, '1.12', '0.00', '1.12'),
(6298, 2, 5, 20, '1.12', '0.00', '1.12'),
(6299, 2, 28, 20, '1.12', '0.00', '1.12'),
(6300, 2, 8, 20, '1.12', '0.00', '1.12'),
(6301, 2, 29, 20, '1.12', '0.00', '1.12'),
(6302, 2, 21, 20, '1.12', '0.00', '1.12'),
(6303, 2, 10, 20, '1.12', '0.00', '1.12'),
(6304, 2, 17, 20, '1.12', '0.00', '1.12'),
(6305, 2, 14, 20, '0.00', '0.00', '0.00'),
(6306, 2, 4, 20, '1.12', '0.00', '1.12'),
(6307, 2, 7, 20, '1.12', '0.00', '1.12'),
(6308, 2, 23, 20, '1.12', '0.00', '1.12'),
(6309, 2, 15, 20, '1.12', '0.00', '1.12'),
(6310, 2, 18, 20, '0.00', '0.00', '0.00'),
(6311, 2, 2, 20, '1.12', '0.00', '1.12'),
(6312, 2, 3, 20, '1.12', '0.00', '1.12'),
(6313, 2, 19, 20, '1.12', '0.00', '1.12'),
(6314, 2, 1, 21, '1.33', '0.00', '1.33'),
(6315, 2, 9, 21, '0.00', '0.00', '0.00'),
(6316, 2, 11, 21, '1.33', '0.00', '1.33'),
(6317, 2, 20, 21, '0.00', '0.00', '0.00'),
(6318, 2, 6, 21, '1.33', '7.00', '8.33'),
(6319, 2, 16, 21, '1.33', '7.00', '8.33'),
(6320, 2, 12, 21, '0.00', '0.00', '0.00'),
(6321, 2, 24, 21, '1.33', '0.00', '1.33'),
(6322, 2, 22, 21, '1.33', '0.00', '1.33'),
(6323, 2, 25, 21, '1.33', '0.00', '1.33'),
(6324, 2, 27, 21, '1.33', '0.00', '1.33'),
(6325, 2, 13, 21, '1.33', '0.00', '1.33'),
(6326, 2, 28, 21, '1.33', '0.00', '1.33'),
(6327, 2, 8, 21, '1.33', '0.00', '1.33'),
(6328, 2, 26, 21, '0.00', '0.00', '0.00'),
(6329, 2, 29, 21, '1.33', '7.00', '8.33'),
(6330, 2, 4, 21, '0.00', '0.00', '0.00'),
(6331, 2, 15, 21, '0.00', '0.00', '0.00'),
(6332, 2, 10, 21, '0.00', '0.00', '0.00'),
(6333, 2, 17, 21, '1.33', '7.00', '8.33'),
(6334, 2, 18, 21, '1.33', '0.00', '1.33'),
(6335, 2, 5, 21, '1.33', '0.00', '1.33'),
(6336, 2, 23, 21, '1.33', '0.00', '1.33'),
(6337, 2, 14, 21, '1.33', '0.00', '1.33'),
(6338, 2, 21, 21, '1.33', '7.00', '8.33'),
(6339, 2, 2, 21, '1.33', '7.00', '8.33'),
(6340, 2, 3, 21, '1.33', '7.00', '8.33'),
(6341, 2, 19, 21, '1.33', '7.00', '8.33'),
(6342, 2, 1, 22, '0.00', '0.00', '0.00'),
(6343, 2, 9, 22, '0.00', '0.00', '0.00'),
(6344, 2, 11, 22, '9.67', '29.00', '38.67'),
(6345, 2, 20, 22, '0.00', '0.00', '0.00'),
(6346, 2, 6, 22, '0.00', '0.00', '0.00'),
(6347, 2, 16, 22, '0.00', '0.00', '0.00'),
(6348, 2, 12, 22, '0.00', '0.00', '0.00'),
(6349, 2, 24, 22, '9.67', '29.00', '38.67'),
(6350, 2, 22, 22, '0.00', '0.00', '0.00'),
(6351, 2, 25, 22, '0.00', '0.00', '0.00'),
(6352, 2, 27, 22, '0.00', '0.00', '0.00'),
(6353, 2, 13, 22, '0.00', '0.00', '0.00'),
(6354, 2, 28, 22, '0.00', '0.00', '0.00'),
(6355, 2, 8, 22, '0.00', '0.00', '0.00'),
(6356, 2, 26, 22, '0.00', '0.00', '0.00'),
(6357, 2, 29, 22, '0.00', '0.00', '0.00'),
(6358, 2, 4, 22, '0.00', '0.00', '0.00'),
(6359, 2, 7, 22, '9.67', '0.00', '9.67'),
(6360, 2, 15, 22, '0.00', '0.00', '0.00'),
(6361, 2, 10, 22, '0.00', '0.00', '0.00'),
(6362, 2, 17, 22, '0.00', '0.00', '0.00'),
(6363, 2, 18, 22, '0.00', '0.00', '0.00'),
(6364, 2, 5, 22, '0.00', '0.00', '0.00'),
(6365, 2, 23, 22, '0.00', '0.00', '0.00'),
(6366, 2, 14, 22, '0.00', '0.00', '0.00'),
(6367, 2, 21, 22, '0.00', '0.00', '0.00'),
(6368, 2, 2, 22, '0.00', '0.00', '0.00'),
(6369, 2, 3, 22, '0.00', '0.00', '0.00'),
(6370, 2, 19, 22, '0.00', '0.00', '0.00'),
(6371, 2, 1, 23, '0.00', '0.00', '0.00'),
(6372, 2, 9, 23, '5.80', '0.00', '5.80'),
(6373, 2, 11, 23, '0.00', '0.00', '0.00'),
(6374, 2, 20, 23, '0.00', '0.00', '0.00'),
(6375, 2, 6, 23, '0.00', '0.00', '0.00'),
(6376, 2, 16, 23, '0.00', '0.00', '0.00'),
(6377, 2, 12, 23, '0.00', '0.00', '0.00'),
(6378, 2, 24, 23, '5.80', '19.33', '25.13'),
(6379, 2, 22, 23, '0.00', '0.00', '0.00'),
(6380, 2, 25, 23, '0.00', '0.00', '0.00'),
(6381, 2, 27, 23, '0.00', '0.00', '0.00'),
(6382, 2, 13, 23, '0.00', '0.00', '0.00'),
(6383, 2, 28, 23, '5.80', '19.33', '25.13'),
(6384, 2, 8, 23, '0.00', '0.00', '0.00'),
(6385, 2, 26, 23, '5.80', '0.00', '5.80'),
(6386, 2, 29, 23, '0.00', '0.00', '0.00'),
(6387, 2, 4, 23, '0.00', '0.00', '0.00'),
(6388, 2, 7, 23, '0.00', '0.00', '0.00'),
(6389, 2, 15, 23, '5.80', '19.33', '25.13'),
(6390, 2, 10, 23, '0.00', '0.00', '0.00'),
(6391, 2, 17, 23, '0.00', '0.00', '0.00'),
(6392, 2, 18, 23, '0.00', '0.00', '0.00'),
(6393, 2, 5, 23, '0.00', '0.00', '0.00'),
(6394, 2, 23, 23, '0.00', '0.00', '0.00'),
(6395, 2, 14, 23, '0.00', '0.00', '0.00');
INSERT INTO `Points` (`PointsID`, `ScoringSystemID`, `UserID`, `MatchID`, `ResultPoints`, `ScorePoints`, `TotalPoints`) VALUES
(6396, 2, 21, 23, '0.00', '0.00', '0.00'),
(6397, 2, 2, 23, '0.00', '0.00', '0.00'),
(6398, 2, 3, 23, '0.00', '0.00', '0.00'),
(6399, 2, 19, 23, '0.00', '0.00', '0.00'),
(6400, 2, 1, 24, '0.00', '0.00', '0.00'),
(6401, 2, 9, 24, '0.00', '0.00', '0.00'),
(6402, 2, 11, 24, '0.00', '0.00', '0.00'),
(6403, 2, 20, 24, '0.00', '0.00', '0.00'),
(6404, 2, 6, 24, '0.00', '0.00', '0.00'),
(6405, 2, 16, 24, '0.00', '0.00', '0.00'),
(6406, 2, 12, 24, '0.00', '0.00', '0.00'),
(6407, 2, 24, 24, '28.00', '0.00', '28.00'),
(6408, 2, 22, 24, '0.00', '0.00', '0.00'),
(6409, 2, 25, 24, '0.00', '0.00', '0.00'),
(6410, 2, 27, 24, '0.00', '0.00', '0.00'),
(6411, 2, 13, 24, '0.00', '0.00', '0.00'),
(6412, 2, 28, 24, '0.00', '0.00', '0.00'),
(6413, 2, 26, 24, '0.00', '0.00', '0.00'),
(6414, 2, 29, 24, '0.00', '0.00', '0.00'),
(6415, 2, 15, 24, '0.00', '0.00', '0.00'),
(6416, 2, 17, 24, '0.00', '0.00', '0.00'),
(6417, 2, 8, 24, '0.00', '0.00', '0.00'),
(6418, 2, 4, 24, '0.00', '0.00', '0.00'),
(6419, 2, 5, 24, '0.00', '0.00', '0.00'),
(6420, 2, 14, 24, '0.00', '0.00', '0.00'),
(6421, 2, 7, 24, '0.00', '0.00', '0.00'),
(6422, 2, 21, 24, '0.00', '0.00', '0.00'),
(6423, 2, 23, 24, '0.00', '0.00', '0.00'),
(6424, 2, 18, 24, '0.00', '0.00', '0.00'),
(6425, 2, 2, 24, '0.00', '0.00', '0.00'),
(6426, 2, 3, 24, '0.00', '0.00', '0.00'),
(6427, 2, 19, 24, '0.00', '0.00', '0.00'),
(6428, 2, 1, 25, '1.32', '0.00', '1.32'),
(6429, 2, 9, 25, '0.00', '0.00', '0.00'),
(6430, 2, 11, 25, '0.00', '0.00', '0.00'),
(6431, 2, 20, 25, '1.32', '0.00', '1.32'),
(6432, 2, 6, 25, '0.00', '0.00', '0.00'),
(6433, 2, 16, 25, '1.32', '0.00', '1.32'),
(6434, 2, 12, 25, '0.00', '0.00', '0.00'),
(6435, 2, 24, 25, '1.32', '0.00', '1.32'),
(6436, 2, 22, 25, '0.00', '0.00', '0.00'),
(6437, 2, 25, 25, '0.00', '0.00', '0.00'),
(6438, 2, 27, 25, '1.32', '0.00', '1.32'),
(6439, 2, 28, 25, '1.32', '0.00', '1.32'),
(6440, 2, 26, 25, '1.32', '0.00', '1.32'),
(6441, 2, 29, 25, '1.32', '0.00', '1.32'),
(6442, 2, 13, 25, '1.32', '0.00', '1.32'),
(6443, 2, 15, 25, '1.32', '0.00', '1.32'),
(6444, 2, 17, 25, '0.00', '0.00', '0.00'),
(6445, 2, 8, 25, '1.32', '0.00', '1.32'),
(6446, 2, 4, 25, '1.32', '0.00', '1.32'),
(6447, 2, 5, 25, '1.32', '0.00', '1.32'),
(6448, 2, 14, 25, '1.32', '0.00', '1.32'),
(6449, 2, 7, 25, '1.32', '0.00', '1.32'),
(6450, 2, 21, 25, '1.32', '0.00', '1.32'),
(6451, 2, 23, 25, '1.32', '0.00', '1.32'),
(6452, 2, 18, 25, '1.32', '0.00', '1.32'),
(6453, 2, 10, 25, '1.32', '0.00', '1.32'),
(6454, 2, 2, 25, '1.32', '0.00', '1.32'),
(6455, 2, 3, 25, '1.32', '0.00', '1.32'),
(6456, 2, 19, 25, '1.32', '0.00', '1.32'),
(6457, 2, 1, 26, '1.32', '0.00', '1.32'),
(6458, 2, 9, 26, '0.00', '0.00', '0.00'),
(6459, 2, 11, 26, '1.32', '0.00', '1.32'),
(6460, 2, 20, 26, '1.32', '58.00', '59.32'),
(6461, 2, 6, 26, '1.32', '0.00', '1.32'),
(6462, 2, 16, 26, '1.32', '0.00', '1.32'),
(6463, 2, 12, 26, '1.32', '0.00', '1.32'),
(6464, 2, 24, 26, '0.00', '0.00', '0.00'),
(6465, 2, 22, 26, '1.32', '0.00', '1.32'),
(6466, 2, 25, 26, '1.32', '0.00', '1.32'),
(6467, 2, 27, 26, '0.00', '0.00', '0.00'),
(6468, 2, 13, 26, '1.32', '0.00', '1.32'),
(6469, 2, 28, 26, '1.32', '0.00', '1.32'),
(6470, 2, 26, 26, '0.00', '0.00', '0.00'),
(6471, 2, 29, 26, '1.32', '0.00', '1.32'),
(6472, 2, 15, 26, '0.00', '0.00', '0.00'),
(6473, 2, 17, 26, '1.32', '0.00', '1.32'),
(6474, 2, 8, 26, '1.32', '0.00', '1.32'),
(6475, 2, 4, 26, '0.00', '0.00', '0.00'),
(6476, 2, 5, 26, '1.32', '0.00', '1.32'),
(6477, 2, 14, 26, '1.32', '0.00', '1.32'),
(6478, 2, 7, 26, '1.32', '0.00', '1.32'),
(6479, 2, 21, 26, '1.32', '0.00', '1.32'),
(6480, 2, 23, 26, '1.32', '0.00', '1.32'),
(6481, 2, 18, 26, '0.00', '0.00', '0.00'),
(6482, 2, 10, 26, '1.32', '0.00', '1.32'),
(6483, 2, 2, 26, '1.32', '0.00', '1.32'),
(6484, 2, 3, 26, '1.32', '0.00', '1.32'),
(6485, 2, 19, 26, '1.32', '0.00', '1.32'),
(6486, 2, 1, 27, '1.00', '0.00', '1.00'),
(6487, 2, 9, 27, '1.00', '0.00', '1.00'),
(6488, 2, 11, 27, '1.00', '0.00', '1.00'),
(6489, 2, 20, 27, '1.00', '0.00', '1.00'),
(6490, 2, 6, 27, '1.00', '0.00', '1.00'),
(6491, 2, 16, 27, '1.00', '0.00', '1.00'),
(6492, 2, 12, 27, '1.00', '0.00', '1.00'),
(6493, 2, 24, 27, '1.00', '0.00', '1.00'),
(6494, 2, 22, 27, '1.00', '0.00', '1.00'),
(6495, 2, 25, 27, '1.00', '0.00', '1.00'),
(6496, 2, 27, 27, '1.00', '0.00', '1.00'),
(6497, 2, 13, 27, '1.00', '0.00', '1.00'),
(6498, 2, 28, 27, '1.00', '0.00', '1.00'),
(6499, 2, 26, 27, '1.00', '0.00', '1.00'),
(6500, 2, 29, 27, '1.00', '0.00', '1.00'),
(6501, 2, 17, 27, '1.00', '0.00', '1.00'),
(6502, 2, 15, 27, '1.00', '0.00', '1.00'),
(6503, 2, 8, 27, '1.00', '0.00', '1.00'),
(6504, 2, 4, 27, '1.00', '0.00', '1.00'),
(6505, 2, 5, 27, '1.00', '0.00', '1.00'),
(6506, 2, 7, 27, '1.00', '0.00', '1.00'),
(6507, 2, 14, 27, '1.00', '0.00', '1.00'),
(6508, 2, 23, 27, '1.00', '0.00', '1.00'),
(6509, 2, 18, 27, '1.00', '0.00', '1.00'),
(6510, 2, 21, 27, '1.00', '0.00', '1.00'),
(6511, 2, 10, 27, '1.00', '0.00', '1.00'),
(6512, 2, 2, 27, '1.00', '0.00', '1.00'),
(6513, 2, 3, 27, '1.00', '0.00', '1.00'),
(6514, 2, 19, 27, '1.00', '0.00', '1.00'),
(6515, 2, 1, 28, '0.00', '0.00', '0.00'),
(6516, 2, 9, 28, '0.00', '0.00', '0.00'),
(6517, 2, 11, 28, '0.00', '0.00', '0.00'),
(6518, 2, 20, 28, '0.00', '0.00', '0.00'),
(6519, 2, 6, 28, '0.00', '0.00', '0.00'),
(6520, 2, 16, 28, '0.00', '0.00', '0.00'),
(6521, 2, 12, 28, '0.00', '0.00', '0.00'),
(6522, 2, 24, 28, '0.00', '0.00', '0.00'),
(6523, 2, 22, 28, '0.00', '0.00', '0.00'),
(6524, 2, 25, 28, '0.00', '0.00', '0.00'),
(6525, 2, 27, 28, '0.00', '0.00', '0.00'),
(6526, 2, 13, 28, '0.00', '0.00', '0.00'),
(6527, 2, 28, 28, '0.00', '0.00', '0.00'),
(6528, 2, 26, 28, '0.00', '0.00', '0.00'),
(6529, 2, 29, 28, '0.00', '0.00', '0.00'),
(6530, 2, 17, 28, '0.00', '0.00', '0.00'),
(6531, 2, 15, 28, '0.00', '0.00', '0.00'),
(6532, 2, 8, 28, '0.00', '0.00', '0.00'),
(6533, 2, 4, 28, '0.00', '0.00', '0.00'),
(6534, 2, 5, 28, '0.00', '0.00', '0.00'),
(6535, 2, 7, 28, '0.00', '0.00', '0.00'),
(6536, 2, 23, 28, '0.00', '0.00', '0.00'),
(6537, 2, 18, 28, '0.00', '0.00', '0.00'),
(6538, 2, 21, 28, '0.00', '0.00', '0.00'),
(6539, 2, 10, 28, '0.00', '0.00', '0.00'),
(6540, 2, 14, 28, '0.00', '0.00', '0.00'),
(6541, 2, 2, 28, '0.00', '0.00', '0.00'),
(6542, 2, 3, 28, '0.00', '0.00', '0.00'),
(6543, 2, 19, 28, '0.00', '0.00', '0.00'),
(6544, 2, 1, 29, '0.00', '0.00', '0.00'),
(6545, 2, 11, 29, '0.00', '0.00', '0.00'),
(6546, 2, 20, 29, '0.00', '0.00', '0.00'),
(6547, 2, 6, 29, '0.00', '0.00', '0.00'),
(6548, 2, 16, 29, '0.00', '0.00', '0.00'),
(6549, 2, 12, 29, '0.00', '0.00', '0.00'),
(6550, 2, 24, 29, '4.83', '0.00', '4.83'),
(6551, 2, 22, 29, '4.83', '0.00', '4.83'),
(6552, 2, 25, 29, '0.00', '0.00', '0.00'),
(6553, 2, 27, 29, '0.00', '0.00', '0.00'),
(6554, 2, 13, 29, '4.83', '19.33', '24.17'),
(6555, 2, 28, 29, '0.00', '0.00', '0.00'),
(6556, 2, 26, 29, '0.00', '0.00', '0.00'),
(6557, 2, 29, 29, '0.00', '0.00', '0.00'),
(6558, 2, 9, 29, '0.00', '0.00', '0.00'),
(6559, 2, 17, 29, '0.00', '0.00', '0.00'),
(6560, 2, 15, 29, '0.00', '0.00', '0.00'),
(6561, 2, 8, 29, '4.83', '0.00', '4.83'),
(6562, 2, 4, 29, '4.83', '19.33', '24.17'),
(6563, 2, 5, 29, '0.00', '0.00', '0.00'),
(6564, 2, 7, 29, '0.00', '0.00', '0.00'),
(6565, 2, 23, 29, '0.00', '0.00', '0.00'),
(6566, 2, 18, 29, '0.00', '0.00', '0.00'),
(6567, 2, 21, 29, '0.00', '0.00', '0.00'),
(6568, 2, 10, 29, '4.83', '19.33', '24.17'),
(6569, 2, 14, 29, '0.00', '0.00', '0.00'),
(6570, 2, 2, 29, '0.00', '0.00', '0.00'),
(6571, 2, 3, 29, '0.00', '0.00', '0.00'),
(6572, 2, 19, 29, '0.00', '0.00', '0.00'),
(6573, 2, 1, 30, '1.17', '7.00', '8.17'),
(6574, 2, 11, 30, '1.17', '0.00', '1.17'),
(6575, 2, 20, 30, '1.17', '7.00', '8.17'),
(6576, 2, 6, 30, '1.17', '0.00', '1.17'),
(6577, 2, 16, 30, '1.17', '0.00', '1.17'),
(6578, 2, 12, 30, '0.00', '0.00', '0.00'),
(6579, 2, 24, 30, '1.17', '0.00', '1.17'),
(6580, 2, 22, 30, '1.17', '0.00', '1.17'),
(6581, 2, 25, 30, '1.17', '7.00', '8.17'),
(6582, 2, 27, 30, '1.17', '0.00', '1.17'),
(6583, 2, 13, 30, '0.00', '0.00', '0.00'),
(6584, 2, 28, 30, '1.17', '0.00', '1.17'),
(6585, 2, 26, 30, '1.17', '7.00', '8.17'),
(6586, 2, 29, 30, '1.17', '0.00', '1.17'),
(6587, 2, 9, 30, '1.17', '0.00', '1.17'),
(6588, 2, 15, 30, '1.17', '0.00', '1.17'),
(6589, 2, 8, 30, '1.17', '0.00', '1.17'),
(6590, 2, 4, 30, '0.00', '0.00', '0.00'),
(6591, 2, 5, 30, '1.17', '7.00', '8.17'),
(6592, 2, 7, 30, '1.17', '7.00', '8.17'),
(6593, 2, 18, 30, '1.17', '7.00', '8.17'),
(6594, 2, 14, 30, '0.00', '0.00', '0.00'),
(6595, 2, 17, 30, '1.17', '0.00', '1.17'),
(6596, 2, 10, 30, '1.17', '0.00', '1.17'),
(6597, 2, 23, 30, '1.17', '7.00', '8.17'),
(6598, 2, 2, 30, '1.17', '0.00', '1.17'),
(6599, 2, 3, 30, '1.17', '0.00', '1.17'),
(6600, 2, 19, 30, '1.17', '0.00', '1.17'),
(6601, 2, 1, 31, '0.00', '0.00', '0.00'),
(6602, 2, 11, 31, '0.00', '0.00', '0.00'),
(6603, 2, 20, 31, '0.00', '0.00', '0.00'),
(6604, 2, 6, 31, '0.00', '0.00', '0.00'),
(6605, 2, 16, 31, '0.00', '0.00', '0.00'),
(6606, 2, 12, 31, '0.00', '0.00', '0.00'),
(6607, 2, 24, 31, '0.00', '0.00', '0.00'),
(6608, 2, 22, 31, '0.00', '0.00', '0.00'),
(6609, 2, 25, 31, '29.00', '0.00', '29.00'),
(6610, 2, 27, 31, '0.00', '0.00', '0.00'),
(6611, 2, 13, 31, '0.00', '0.00', '0.00'),
(6612, 2, 28, 31, '0.00', '0.00', '0.00'),
(6613, 2, 26, 31, '0.00', '0.00', '0.00'),
(6614, 2, 29, 31, '0.00', '0.00', '0.00'),
(6615, 2, 9, 31, '0.00', '0.00', '0.00'),
(6616, 2, 15, 31, '0.00', '0.00', '0.00'),
(6617, 2, 8, 31, '0.00', '0.00', '0.00'),
(6618, 2, 4, 31, '0.00', '0.00', '0.00'),
(6619, 2, 5, 31, '0.00', '0.00', '0.00'),
(6620, 2, 7, 31, '0.00', '0.00', '0.00'),
(6621, 2, 18, 31, '0.00', '0.00', '0.00'),
(6622, 2, 14, 31, '0.00', '0.00', '0.00'),
(6623, 2, 17, 31, '0.00', '0.00', '0.00'),
(6624, 2, 10, 31, '0.00', '0.00', '0.00'),
(6625, 2, 23, 31, '0.00', '0.00', '0.00'),
(6626, 2, 21, 31, '0.00', '0.00', '0.00'),
(6627, 2, 2, 31, '0.00', '0.00', '0.00'),
(6628, 2, 3, 31, '0.00', '0.00', '0.00'),
(6629, 2, 19, 31, '0.00', '0.00', '0.00'),
(6630, 2, 1, 32, '0.00', '0.00', '0.00'),
(6631, 2, 11, 32, '0.00', '0.00', '0.00'),
(6632, 2, 20, 32, '7.25', '0.00', '7.25'),
(6633, 2, 6, 32, '0.00', '0.00', '0.00'),
(6634, 2, 16, 32, '0.00', '0.00', '0.00'),
(6635, 2, 12, 32, '0.00', '0.00', '0.00'),
(6636, 2, 24, 32, '0.00', '0.00', '0.00'),
(6637, 2, 22, 32, '0.00', '0.00', '0.00'),
(6638, 2, 25, 32, '0.00', '0.00', '0.00'),
(6639, 2, 27, 32, '0.00', '0.00', '0.00'),
(6640, 2, 13, 32, '7.25', '0.00', '7.25'),
(6641, 2, 28, 32, '0.00', '0.00', '0.00'),
(6642, 2, 26, 32, '0.00', '0.00', '0.00'),
(6643, 2, 29, 32, '0.00', '0.00', '0.00'),
(6644, 2, 9, 32, '0.00', '0.00', '0.00'),
(6645, 2, 15, 32, '7.25', '0.00', '7.25'),
(6646, 2, 8, 32, '0.00', '0.00', '0.00'),
(6647, 2, 4, 32, '0.00', '0.00', '0.00'),
(6648, 2, 5, 32, '0.00', '0.00', '0.00'),
(6649, 2, 7, 32, '0.00', '0.00', '0.00'),
(6650, 2, 18, 32, '0.00', '0.00', '0.00'),
(6651, 2, 14, 32, '0.00', '0.00', '0.00'),
(6652, 2, 17, 32, '7.25', '58.00', '65.25'),
(6653, 2, 10, 32, '0.00', '0.00', '0.00'),
(6654, 2, 23, 32, '0.00', '0.00', '0.00'),
(6655, 2, 21, 32, '0.00', '0.00', '0.00'),
(6656, 2, 2, 32, '0.00', '0.00', '0.00'),
(6657, 2, 3, 32, '0.00', '0.00', '0.00'),
(6658, 2, 19, 32, '0.00', '0.00', '0.00'),
(6659, 2, 1, 33, '1.07', '0.00', '1.07'),
(6660, 2, 11, 33, '1.07', '0.00', '1.07'),
(6661, 2, 20, 33, '1.07', '0.00', '1.07'),
(6662, 2, 6, 33, '0.00', '0.00', '0.00'),
(6663, 2, 16, 33, '1.07', '0.00', '1.07'),
(6664, 2, 12, 33, '1.07', '0.00', '1.07'),
(6665, 2, 24, 33, '1.07', '0.00', '1.07'),
(6666, 2, 22, 33, '1.07', '8.29', '9.36'),
(6667, 2, 25, 33, '1.07', '0.00', '1.07'),
(6668, 2, 27, 33, '1.07', '8.29', '9.36'),
(6669, 2, 28, 33, '1.07', '0.00', '1.07'),
(6670, 2, 26, 33, '1.07', '0.00', '1.07'),
(6671, 2, 29, 33, '1.07', '0.00', '1.07'),
(6672, 2, 9, 33, '1.07', '8.29', '9.36'),
(6673, 2, 15, 33, '1.07', '0.00', '1.07'),
(6674, 2, 8, 33, '0.00', '0.00', '0.00'),
(6675, 2, 4, 33, '1.07', '0.00', '1.07'),
(6676, 2, 5, 33, '1.07', '0.00', '1.07'),
(6677, 2, 7, 33, '1.07', '0.00', '1.07'),
(6678, 2, 17, 33, '1.07', '0.00', '1.07'),
(6679, 2, 10, 33, '1.07', '0.00', '1.07'),
(6680, 2, 21, 33, '1.07', '0.00', '1.07'),
(6681, 2, 18, 33, '1.07', '8.29', '9.36'),
(6682, 2, 14, 33, '1.07', '0.00', '1.07'),
(6683, 2, 23, 33, '1.07', '8.29', '9.36'),
(6684, 2, 13, 33, '1.07', '0.00', '1.07'),
(6685, 2, 2, 33, '1.07', '8.29', '9.36'),
(6686, 2, 3, 33, '1.07', '8.29', '9.36'),
(6687, 2, 19, 33, '1.07', '0.00', '1.07'),
(6688, 2, 1, 34, '0.00', '0.00', '0.00'),
(6689, 2, 11, 34, '0.00', '0.00', '0.00'),
(6690, 2, 20, 34, '1.45', '0.00', '1.45'),
(6691, 2, 6, 34, '1.45', '29.00', '30.45'),
(6692, 2, 16, 34, '1.45', '0.00', '1.45'),
(6693, 2, 12, 34, '0.00', '0.00', '0.00'),
(6694, 2, 24, 34, '0.00', '0.00', '0.00'),
(6695, 2, 22, 34, '1.45', '0.00', '1.45'),
(6696, 2, 25, 34, '0.00', '0.00', '0.00'),
(6697, 2, 27, 34, '1.45', '29.00', '30.45'),
(6698, 2, 28, 34, '1.45', '0.00', '1.45'),
(6699, 2, 29, 34, '0.00', '0.00', '0.00'),
(6700, 2, 26, 34, '1.45', '0.00', '1.45'),
(6701, 2, 9, 34, '1.45', '0.00', '1.45'),
(6702, 2, 15, 34, '1.45', '0.00', '1.45'),
(6703, 2, 8, 34, '1.45', '0.00', '1.45'),
(6704, 2, 4, 34, '0.00', '0.00', '0.00'),
(6705, 2, 5, 34, '1.45', '0.00', '1.45'),
(6706, 2, 7, 34, '1.45', '0.00', '1.45'),
(6707, 2, 17, 34, '1.45', '0.00', '1.45'),
(6708, 2, 10, 34, '1.45', '0.00', '1.45'),
(6709, 2, 21, 34, '1.45', '0.00', '1.45'),
(6710, 2, 18, 34, '1.45', '0.00', '1.45'),
(6711, 2, 14, 34, '0.00', '0.00', '0.00'),
(6712, 2, 23, 34, '0.00', '0.00', '0.00'),
(6713, 2, 13, 34, '1.45', '0.00', '1.45'),
(6714, 2, 2, 34, '1.45', '0.00', '1.45'),
(6715, 2, 3, 34, '1.45', '0.00', '1.45'),
(6716, 2, 19, 34, '1.45', '0.00', '1.45'),
(6717, 2, 1, 35, '1.00', '0.00', '1.00'),
(6718, 2, 11, 35, '1.00', '0.00', '1.00'),
(6719, 2, 20, 35, '1.00', '0.00', '1.00'),
(6720, 2, 6, 35, '1.00', '0.00', '1.00'),
(6721, 2, 16, 35, '1.00', '0.00', '1.00'),
(6722, 2, 12, 35, '1.00', '0.00', '1.00'),
(6723, 2, 24, 35, '1.00', '0.00', '1.00'),
(6724, 2, 22, 35, '1.00', '0.00', '1.00'),
(6725, 2, 25, 35, '1.00', '0.00', '1.00'),
(6726, 2, 27, 35, '1.00', '0.00', '1.00'),
(6727, 2, 28, 35, '1.00', '0.00', '1.00'),
(6728, 2, 29, 35, '1.00', '0.00', '1.00'),
(6729, 2, 26, 35, '1.00', '0.00', '1.00'),
(6730, 2, 9, 35, '1.00', '0.00', '1.00'),
(6731, 2, 15, 35, '1.00', '0.00', '1.00'),
(6732, 2, 8, 35, '1.00', '0.00', '1.00'),
(6733, 2, 4, 35, '1.00', '0.00', '1.00'),
(6734, 2, 5, 35, '1.00', '0.00', '1.00'),
(6735, 2, 7, 35, '1.00', '0.00', '1.00'),
(6736, 2, 17, 35, '1.00', '0.00', '1.00'),
(6737, 2, 10, 35, '1.00', '0.00', '1.00'),
(6738, 2, 21, 35, '1.00', '0.00', '1.00'),
(6739, 2, 18, 35, '1.00', '0.00', '1.00'),
(6740, 2, 14, 35, '1.00', '0.00', '1.00'),
(6741, 2, 23, 35, '1.00', '0.00', '1.00'),
(6742, 2, 13, 35, '1.00', '0.00', '1.00'),
(6743, 2, 2, 35, '1.00', '58.00', '59.00'),
(6744, 2, 3, 35, '1.00', '0.00', '1.00'),
(6745, 2, 19, 35, '1.00', '0.00', '1.00'),
(6746, 2, 1, 36, '3.63', '0.00', '3.63'),
(6747, 2, 11, 36, '0.00', '0.00', '0.00'),
(6748, 2, 20, 36, '0.00', '0.00', '0.00'),
(6749, 2, 6, 36, '0.00', '0.00', '0.00'),
(6750, 2, 16, 36, '0.00', '0.00', '0.00'),
(6751, 2, 12, 36, '0.00', '0.00', '0.00'),
(6752, 2, 24, 36, '3.63', '0.00', '3.63'),
(6753, 2, 22, 36, '0.00', '0.00', '0.00'),
(6754, 2, 25, 36, '0.00', '0.00', '0.00'),
(6755, 2, 27, 36, '0.00', '0.00', '0.00'),
(6756, 2, 28, 36, '0.00', '0.00', '0.00'),
(6757, 2, 29, 36, '3.63', '0.00', '3.63'),
(6758, 2, 26, 36, '0.00', '0.00', '0.00'),
(6759, 2, 9, 36, '3.63', '0.00', '3.63'),
(6760, 2, 15, 36, '0.00', '0.00', '0.00'),
(6761, 2, 8, 36, '3.63', '0.00', '3.63'),
(6762, 2, 4, 36, '0.00', '0.00', '0.00'),
(6763, 2, 5, 36, '0.00', '0.00', '0.00'),
(6764, 2, 7, 36, '3.63', '0.00', '3.63'),
(6765, 2, 17, 36, '0.00', '0.00', '0.00'),
(6766, 2, 10, 36, '0.00', '0.00', '0.00'),
(6767, 2, 21, 36, '3.63', '0.00', '3.63'),
(6768, 2, 18, 36, '0.00', '0.00', '0.00'),
(6769, 2, 14, 36, '3.63', '0.00', '3.63'),
(6770, 2, 23, 36, '0.00', '0.00', '0.00'),
(6771, 2, 13, 36, '0.00', '0.00', '0.00'),
(6772, 2, 2, 36, '0.00', '0.00', '0.00'),
(6773, 2, 3, 36, '0.00', '0.00', '0.00'),
(6774, 2, 19, 36, '0.00', '0.00', '0.00'),
(6775, 2, 1, 37, '0.00', '0.00', '0.00'),
(6776, 2, 11, 37, '0.00', '0.00', '0.00'),
(6777, 2, 20, 37, '0.00', '0.00', '0.00'),
(6778, 2, 6, 37, '0.00', '0.00', '0.00'),
(6779, 2, 16, 37, '0.00', '0.00', '0.00'),
(6780, 2, 12, 37, '4.67', '0.00', '4.67'),
(6781, 2, 24, 37, '0.00', '0.00', '0.00'),
(6782, 2, 22, 37, '4.67', '56.00', '60.67'),
(6783, 2, 25, 37, '4.67', '0.00', '4.67'),
(6784, 2, 27, 37, '0.00', '0.00', '0.00'),
(6785, 2, 28, 37, '4.67', '0.00', '4.67'),
(6786, 2, 29, 37, '0.00', '0.00', '0.00'),
(6787, 2, 26, 37, '0.00', '0.00', '0.00'),
(6788, 2, 9, 37, '0.00', '0.00', '0.00'),
(6789, 2, 15, 37, '0.00', '0.00', '0.00'),
(6790, 2, 4, 37, '0.00', '0.00', '0.00'),
(6791, 2, 5, 37, '0.00', '0.00', '0.00'),
(6792, 2, 7, 37, '0.00', '0.00', '0.00'),
(6793, 2, 8, 37, '0.00', '0.00', '0.00'),
(6794, 2, 17, 37, '4.67', '0.00', '4.67'),
(6795, 2, 18, 37, '4.67', '0.00', '4.67'),
(6796, 2, 14, 37, '0.00', '0.00', '0.00'),
(6797, 2, 10, 37, '0.00', '0.00', '0.00'),
(6798, 2, 23, 37, '0.00', '0.00', '0.00'),
(6799, 2, 13, 37, '0.00', '0.00', '0.00'),
(6800, 2, 2, 37, '0.00', '0.00', '0.00'),
(6801, 2, 3, 37, '0.00', '0.00', '0.00'),
(6802, 2, 19, 37, '0.00', '0.00', '0.00'),
(6803, 2, 1, 38, '0.00', '0.00', '0.00'),
(6804, 2, 11, 38, '0.00', '0.00', '0.00'),
(6805, 2, 20, 38, '0.00', '0.00', '0.00'),
(6806, 2, 6, 38, '0.00', '0.00', '0.00'),
(6807, 2, 16, 38, '5.60', '0.00', '5.60'),
(6808, 2, 12, 38, '0.00', '0.00', '0.00'),
(6809, 2, 24, 38, '0.00', '0.00', '0.00'),
(6810, 2, 22, 38, '0.00', '0.00', '0.00'),
(6811, 2, 25, 38, '0.00', '0.00', '0.00'),
(6812, 2, 27, 38, '0.00', '0.00', '0.00'),
(6813, 2, 28, 38, '0.00', '0.00', '0.00'),
(6814, 2, 29, 38, '0.00', '0.00', '0.00'),
(6815, 2, 26, 38, '0.00', '0.00', '0.00'),
(6816, 2, 9, 38, '0.00', '0.00', '0.00'),
(6817, 2, 15, 38, '0.00', '0.00', '0.00'),
(6818, 2, 4, 38, '5.60', '0.00', '5.60'),
(6819, 2, 5, 38, '0.00', '0.00', '0.00'),
(6820, 2, 7, 38, '0.00', '0.00', '0.00'),
(6821, 2, 8, 38, '5.60', '0.00', '5.60'),
(6822, 2, 17, 38, '5.60', '0.00', '5.60'),
(6823, 2, 18, 38, '0.00', '0.00', '0.00'),
(6824, 2, 10, 38, '0.00', '0.00', '0.00'),
(6825, 2, 23, 38, '5.60', '0.00', '5.60'),
(6826, 2, 14, 38, '0.00', '0.00', '0.00'),
(6827, 2, 13, 38, '0.00', '0.00', '0.00'),
(6828, 2, 2, 38, '0.00', '0.00', '0.00'),
(6829, 2, 3, 38, '0.00', '0.00', '0.00'),
(6830, 2, 19, 38, '0.00', '0.00', '0.00'),
(6831, 2, 1, 39, '1.07', '0.00', '1.07'),
(6832, 2, 11, 39, '1.07', '0.00', '1.07'),
(6833, 2, 20, 39, '0.00', '0.00', '0.00'),
(6834, 2, 6, 39, '1.07', '0.00', '1.07'),
(6835, 2, 16, 39, '1.07', '0.00', '1.07'),
(6836, 2, 12, 39, '1.07', '0.00', '1.07'),
(6837, 2, 24, 39, '1.07', '0.00', '1.07'),
(6838, 2, 22, 39, '1.07', '0.00', '1.07'),
(6839, 2, 25, 39, '1.07', '0.00', '1.07'),
(6840, 2, 27, 39, '1.07', '0.00', '1.07'),
(6841, 2, 28, 39, '1.07', '0.00', '1.07'),
(6842, 2, 29, 39, '1.07', '0.00', '1.07'),
(6843, 2, 26, 39, '1.07', '0.00', '1.07'),
(6844, 2, 9, 39, '1.07', '0.00', '1.07'),
(6845, 2, 15, 39, '1.07', '0.00', '1.07'),
(6846, 2, 4, 39, '0.00', '0.00', '0.00'),
(6847, 2, 5, 39, '1.07', '0.00', '1.07'),
(6848, 2, 7, 39, '1.07', '0.00', '1.07'),
(6849, 2, 8, 39, '1.07', '0.00', '1.07'),
(6850, 2, 17, 39, '1.07', '0.00', '1.07'),
(6851, 2, 18, 39, '1.07', '0.00', '1.07'),
(6852, 2, 14, 39, '1.07', '0.00', '1.07'),
(6853, 2, 10, 39, '1.07', '0.00', '1.07'),
(6854, 2, 23, 39, '1.07', '0.00', '1.07'),
(6855, 2, 13, 39, '1.07', '0.00', '1.07'),
(6856, 2, 21, 39, '1.07', '0.00', '1.07'),
(6857, 2, 2, 39, '1.07', '0.00', '1.07'),
(6858, 2, 3, 39, '1.07', '0.00', '1.07'),
(6859, 2, 19, 39, '1.07', '0.00', '1.07'),
(6860, 2, 1, 40, '0.00', '0.00', '0.00'),
(6861, 2, 11, 40, '0.00', '0.00', '0.00'),
(6862, 2, 20, 40, '0.00', '0.00', '0.00'),
(6863, 2, 6, 40, '0.00', '0.00', '0.00'),
(6864, 2, 16, 40, '0.00', '0.00', '0.00'),
(6865, 2, 12, 40, '0.00', '0.00', '0.00'),
(6866, 2, 24, 40, '0.00', '0.00', '0.00'),
(6867, 2, 22, 40, '0.00', '0.00', '0.00'),
(6868, 2, 25, 40, '29.00', '58.00', '87.00'),
(6869, 2, 27, 40, '0.00', '0.00', '0.00'),
(6870, 2, 28, 40, '0.00', '0.00', '0.00'),
(6871, 2, 29, 40, '0.00', '0.00', '0.00'),
(6872, 2, 26, 40, '0.00', '0.00', '0.00'),
(6873, 2, 9, 40, '0.00', '0.00', '0.00'),
(6874, 2, 15, 40, '0.00', '0.00', '0.00'),
(6875, 2, 4, 40, '0.00', '0.00', '0.00'),
(6876, 2, 5, 40, '0.00', '0.00', '0.00'),
(6877, 2, 7, 40, '0.00', '0.00', '0.00'),
(6878, 2, 8, 40, '0.00', '0.00', '0.00'),
(6879, 2, 17, 40, '0.00', '0.00', '0.00'),
(6880, 2, 18, 40, '0.00', '0.00', '0.00'),
(6881, 2, 14, 40, '0.00', '0.00', '0.00'),
(6882, 2, 10, 40, '0.00', '0.00', '0.00'),
(6883, 2, 23, 40, '0.00', '0.00', '0.00'),
(6884, 2, 13, 40, '0.00', '0.00', '0.00'),
(6885, 2, 21, 40, '0.00', '0.00', '0.00'),
(6886, 2, 2, 40, '0.00', '0.00', '0.00'),
(6887, 2, 3, 40, '0.00', '0.00', '0.00'),
(6888, 2, 19, 40, '0.00', '0.00', '0.00'),
(6889, 2, 1, 41, '1.04', '0.00', '1.04'),
(6890, 2, 11, 41, '1.04', '0.00', '1.04'),
(6891, 2, 20, 41, '1.04', '0.00', '1.04'),
(6892, 2, 6, 41, '1.04', '0.00', '1.04'),
(6893, 2, 16, 41, '1.04', '0.00', '1.04'),
(6894, 2, 12, 41, '1.04', '0.00', '1.04'),
(6895, 2, 24, 41, '1.04', '0.00', '1.04'),
(6896, 2, 22, 41, '1.04', '0.00', '1.04'),
(6897, 2, 25, 41, '1.04', '0.00', '1.04'),
(6898, 2, 27, 41, '1.04', '0.00', '1.04'),
(6899, 2, 28, 41, '1.04', '0.00', '1.04'),
(6900, 2, 29, 41, '1.04', '0.00', '1.04'),
(6901, 2, 26, 41, '1.04', '0.00', '1.04'),
(6902, 2, 9, 41, '1.04', '0.00', '1.04'),
(6903, 2, 15, 41, '1.04', '0.00', '1.04'),
(6904, 2, 5, 41, '1.04', '0.00', '1.04'),
(6905, 2, 7, 41, '1.04', '0.00', '1.04'),
(6906, 2, 8, 41, '0.00', '0.00', '0.00'),
(6907, 2, 14, 41, '1.04', '0.00', '1.04'),
(6908, 2, 4, 41, '1.04', '0.00', '1.04'),
(6909, 2, 10, 41, '1.04', '0.00', '1.04'),
(6910, 2, 21, 41, '1.04', '0.00', '1.04'),
(6911, 2, 17, 41, '1.04', '0.00', '1.04'),
(6912, 2, 13, 41, '1.04', '0.00', '1.04'),
(6913, 2, 23, 41, '1.04', '0.00', '1.04'),
(6914, 2, 2, 41, '1.04', '0.00', '1.04'),
(6915, 2, 3, 41, '1.04', '0.00', '1.04'),
(6916, 2, 19, 41, '1.04', '0.00', '1.04'),
(6917, 2, 1, 42, '1.40', '0.00', '1.40'),
(6918, 2, 11, 42, '1.40', '0.00', '1.40'),
(6919, 2, 20, 42, '1.40', '0.00', '1.40'),
(6920, 2, 6, 42, '0.00', '0.00', '0.00'),
(6921, 2, 16, 42, '1.40', '0.00', '1.40'),
(6922, 2, 12, 42, '1.40', '0.00', '1.40'),
(6923, 2, 24, 42, '0.00', '0.00', '0.00'),
(6924, 2, 22, 42, '0.00', '0.00', '0.00'),
(6925, 2, 25, 42, '1.40', '0.00', '1.40'),
(6926, 2, 27, 42, '1.40', '0.00', '1.40'),
(6927, 2, 28, 42, '1.40', '0.00', '1.40'),
(6928, 2, 29, 42, '1.40', '0.00', '1.40'),
(6929, 2, 26, 42, '1.40', '0.00', '1.40'),
(6930, 2, 9, 42, '1.40', '0.00', '1.40'),
(6931, 2, 15, 42, '1.40', '0.00', '1.40'),
(6932, 2, 5, 42, '1.40', '0.00', '1.40'),
(6933, 2, 7, 42, '0.00', '0.00', '0.00'),
(6934, 2, 8, 42, '0.00', '0.00', '0.00'),
(6935, 2, 14, 42, '1.40', '0.00', '1.40'),
(6936, 2, 4, 42, '0.00', '0.00', '0.00'),
(6937, 2, 10, 42, '1.40', '0.00', '1.40'),
(6938, 2, 21, 42, '1.40', '0.00', '1.40'),
(6939, 2, 17, 42, '1.40', '0.00', '1.40'),
(6940, 2, 13, 42, '0.00', '0.00', '0.00'),
(6941, 2, 23, 42, '0.00', '0.00', '0.00'),
(6942, 2, 2, 42, '1.40', '0.00', '1.40'),
(6943, 2, 3, 42, '1.40', '0.00', '1.40'),
(6944, 2, 19, 42, '1.40', '0.00', '1.40'),
(6945, 2, 1, 43, '1.22', '0.00', '1.22'),
(6946, 2, 11, 43, '1.22', '0.00', '1.22'),
(6947, 2, 20, 43, '0.00', '0.00', '0.00'),
(6948, 2, 6, 43, '1.22', '0.00', '1.22'),
(6949, 2, 16, 43, '1.22', '0.00', '1.22'),
(6950, 2, 12, 43, '0.00', '0.00', '0.00'),
(6951, 2, 24, 43, '0.00', '0.00', '0.00'),
(6952, 2, 22, 43, '1.22', '0.00', '1.22'),
(6953, 2, 25, 43, '0.00', '0.00', '0.00'),
(6954, 2, 27, 43, '0.00', '0.00', '0.00'),
(6955, 2, 28, 43, '1.22', '0.00', '1.22'),
(6956, 2, 29, 43, '1.22', '0.00', '1.22'),
(6957, 2, 26, 43, '1.22', '0.00', '1.22'),
(6958, 2, 9, 43, '1.22', '0.00', '1.22'),
(6959, 2, 15, 43, '1.22', '0.00', '1.22'),
(6960, 2, 5, 43, '1.22', '0.00', '1.22'),
(6961, 2, 7, 43, '1.22', '0.00', '1.22'),
(6962, 2, 8, 43, '1.22', '56.00', '57.22'),
(6963, 2, 14, 43, '1.22', '0.00', '1.22'),
(6964, 2, 4, 43, '1.22', '0.00', '1.22'),
(6965, 2, 10, 43, '1.22', '0.00', '1.22'),
(6966, 2, 21, 43, '1.22', '0.00', '1.22'),
(6967, 2, 17, 43, '1.22', '0.00', '1.22'),
(6968, 2, 13, 43, '1.22', '0.00', '1.22'),
(6969, 2, 23, 43, '1.22', '0.00', '1.22'),
(6970, 2, 2, 43, '1.22', '0.00', '1.22'),
(6971, 2, 3, 43, '1.22', '0.00', '1.22'),
(6972, 2, 19, 43, '1.22', '0.00', '1.22'),
(6973, 2, 1, 44, '0.00', '0.00', '0.00'),
(6974, 2, 11, 44, '0.00', '0.00', '0.00'),
(6975, 2, 20, 44, '0.00', '0.00', '0.00'),
(6976, 2, 6, 44, '0.00', '0.00', '0.00'),
(6977, 2, 16, 44, '0.00', '0.00', '0.00'),
(6978, 2, 12, 44, '0.00', '0.00', '0.00'),
(6979, 2, 24, 44, '14.00', '0.00', '14.00'),
(6980, 2, 22, 44, '0.00', '0.00', '0.00'),
(6981, 2, 25, 44, '0.00', '0.00', '0.00'),
(6982, 2, 27, 44, '0.00', '0.00', '0.00'),
(6983, 2, 28, 44, '0.00', '0.00', '0.00'),
(6984, 2, 29, 44, '0.00', '0.00', '0.00'),
(6985, 2, 26, 44, '0.00', '0.00', '0.00'),
(6986, 2, 9, 44, '0.00', '0.00', '0.00'),
(6987, 2, 15, 44, '0.00', '0.00', '0.00'),
(6988, 2, 5, 44, '0.00', '0.00', '0.00'),
(6989, 2, 7, 44, '0.00', '0.00', '0.00'),
(6990, 2, 8, 44, '0.00', '0.00', '0.00'),
(6991, 2, 14, 44, '0.00', '0.00', '0.00'),
(6992, 2, 4, 44, '0.00', '0.00', '0.00'),
(6993, 2, 10, 44, '0.00', '0.00', '0.00'),
(6994, 2, 21, 44, '0.00', '0.00', '0.00'),
(6995, 2, 17, 44, '0.00', '0.00', '0.00'),
(6996, 2, 13, 44, '14.00', '0.00', '14.00'),
(6997, 2, 23, 44, '0.00', '0.00', '0.00'),
(6998, 2, 2, 44, '0.00', '0.00', '0.00'),
(6999, 2, 3, 44, '0.00', '0.00', '0.00'),
(7000, 2, 19, 44, '0.00', '0.00', '0.00'),
(7001, 2, 1, 45, '1.17', '0.00', '1.17'),
(7002, 2, 11, 45, '1.17', '0.00', '1.17'),
(7003, 2, 20, 45, '1.17', '0.00', '1.17'),
(7004, 2, 6, 45, '0.00', '0.00', '0.00'),
(7005, 2, 16, 45, '1.17', '0.00', '1.17'),
(7006, 2, 12, 45, '1.17', '0.00', '1.17'),
(7007, 2, 24, 45, '1.17', '0.00', '1.17'),
(7008, 2, 22, 45, '1.17', '0.00', '1.17'),
(7009, 2, 25, 45, '1.17', '0.00', '1.17'),
(7010, 2, 27, 45, '1.17', '0.00', '1.17'),
(7011, 2, 28, 45, '1.17', '0.00', '1.17'),
(7012, 2, 29, 45, '1.17', '28.00', '29.17'),
(7013, 2, 26, 45, '1.17', '0.00', '1.17'),
(7014, 2, 9, 45, '1.17', '0.00', '1.17'),
(7015, 2, 15, 45, '1.17', '0.00', '1.17'),
(7016, 2, 5, 45, '0.00', '0.00', '0.00'),
(7017, 2, 7, 45, '1.17', '0.00', '1.17'),
(7018, 2, 8, 45, '1.17', '0.00', '1.17'),
(7019, 2, 14, 45, '1.17', '28.00', '29.17'),
(7020, 2, 4, 45, '0.00', '0.00', '0.00'),
(7021, 2, 10, 45, '1.17', '0.00', '1.17'),
(7022, 2, 21, 45, '1.17', '0.00', '1.17'),
(7023, 2, 17, 45, '1.17', '0.00', '1.17'),
(7024, 2, 13, 45, '0.00', '0.00', '0.00'),
(7025, 2, 23, 45, '1.17', '0.00', '1.17'),
(7026, 2, 2, 45, '1.17', '0.00', '1.17'),
(7027, 2, 3, 45, '1.17', '0.00', '1.17'),
(7028, 2, 19, 45, '1.17', '0.00', '1.17'),
(7029, 2, 1, 46, '1.22', '0.00', '1.22'),
(7030, 2, 11, 46, '1.22', '0.00', '1.22'),
(7031, 2, 20, 46, '1.22', '4.67', '5.88'),
(7032, 2, 6, 46, '1.22', '4.67', '5.88'),
(7033, 2, 16, 46, '1.22', '0.00', '1.22'),
(7034, 2, 12, 46, '0.00', '0.00', '0.00'),
(7035, 2, 24, 46, '1.22', '0.00', '1.22'),
(7036, 2, 22, 46, '1.22', '0.00', '1.22'),
(7037, 2, 25, 46, '1.22', '0.00', '1.22'),
(7038, 2, 27, 46, '1.22', '0.00', '1.22'),
(7039, 2, 28, 46, '1.22', '0.00', '1.22'),
(7040, 2, 29, 46, '1.22', '4.67', '5.88'),
(7041, 2, 26, 46, '1.22', '4.67', '5.88'),
(7042, 2, 9, 46, '1.22', '4.67', '5.88'),
(7043, 2, 15, 46, '1.22', '4.67', '5.88'),
(7044, 2, 5, 46, '1.22', '4.67', '5.88'),
(7045, 2, 7, 46, '0.00', '0.00', '0.00'),
(7046, 2, 8, 46, '1.22', '4.67', '5.88'),
(7047, 2, 14, 46, '1.22', '0.00', '1.22'),
(7048, 2, 4, 46, '1.22', '4.67', '5.88'),
(7049, 2, 10, 46, '1.22', '0.00', '1.22'),
(7050, 2, 21, 46, '0.00', '0.00', '0.00'),
(7051, 2, 17, 46, '0.00', '0.00', '0.00'),
(7052, 2, 13, 46, '0.00', '0.00', '0.00'),
(7053, 2, 23, 46, '1.22', '0.00', '1.22'),
(7054, 2, 2, 46, '1.22', '4.67', '5.88'),
(7055, 2, 3, 46, '1.22', '4.67', '5.88'),
(7056, 2, 19, 46, '1.22', '4.67', '5.88'),
(7057, 2, 1, 47, '1.17', '11.20', '12.37'),
(7058, 2, 11, 47, '1.17', '0.00', '1.17'),
(7059, 2, 20, 47, '1.17', '0.00', '1.17'),
(7060, 2, 6, 47, '1.17', '0.00', '1.17'),
(7061, 2, 16, 47, '1.17', '0.00', '1.17'),
(7062, 2, 12, 47, '1.17', '0.00', '1.17'),
(7063, 2, 24, 47, '1.17', '0.00', '1.17'),
(7064, 2, 22, 47, '1.17', '0.00', '1.17'),
(7065, 2, 25, 47, '0.00', '0.00', '0.00'),
(7066, 2, 27, 47, '0.00', '0.00', '0.00'),
(7067, 2, 28, 47, '1.17', '0.00', '1.17'),
(7068, 2, 29, 47, '1.17', '0.00', '1.17'),
(7069, 2, 26, 47, '1.17', '0.00', '1.17'),
(7070, 2, 9, 47, '1.17', '0.00', '1.17'),
(7071, 2, 15, 47, '1.17', '0.00', '1.17'),
(7072, 2, 5, 47, '1.17', '11.20', '12.37'),
(7073, 2, 7, 47, '0.00', '0.00', '0.00'),
(7074, 2, 8, 47, '0.00', '0.00', '0.00'),
(7075, 2, 14, 47, '1.17', '11.20', '12.37'),
(7076, 2, 4, 47, '1.17', '11.20', '12.37'),
(7077, 2, 10, 47, '1.17', '11.20', '12.37'),
(7078, 2, 21, 47, '1.17', '0.00', '1.17'),
(7079, 2, 17, 47, '1.17', '0.00', '1.17'),
(7080, 2, 13, 47, '1.17', '0.00', '1.17'),
(7081, 2, 23, 47, '1.17', '0.00', '1.17'),
(7082, 2, 2, 47, '1.17', '0.00', '1.17'),
(7083, 2, 3, 47, '1.17', '0.00', '1.17'),
(7084, 2, 19, 47, '1.17', '0.00', '1.17'),
(7085, 2, 1, 48, '0.00', '0.00', '0.00'),
(7086, 2, 11, 48, '2.55', '0.00', '2.55'),
(7087, 2, 20, 48, '0.00', '0.00', '0.00'),
(7088, 2, 6, 48, '2.55', '0.00', '2.55'),
(7089, 2, 16, 48, '0.00', '0.00', '0.00'),
(7090, 2, 12, 48, '0.00', '0.00', '0.00'),
(7091, 2, 24, 48, '0.00', '0.00', '0.00'),
(7092, 2, 22, 48, '0.00', '0.00', '0.00'),
(7093, 2, 25, 48, '0.00', '0.00', '0.00'),
(7094, 2, 27, 48, '0.00', '0.00', '0.00'),
(7095, 2, 28, 48, '0.00', '0.00', '0.00'),
(7096, 2, 29, 48, '0.00', '0.00', '0.00'),
(7097, 2, 26, 48, '2.55', '7.00', '9.55'),
(7098, 2, 9, 48, '0.00', '0.00', '0.00'),
(7099, 2, 15, 48, '2.55', '7.00', '9.55'),
(7100, 2, 5, 48, '0.00', '0.00', '0.00'),
(7101, 2, 7, 48, '2.55', '7.00', '9.55'),
(7102, 2, 8, 48, '0.00', '0.00', '0.00'),
(7103, 2, 14, 48, '0.00', '0.00', '0.00'),
(7104, 2, 4, 48, '2.55', '7.00', '9.55'),
(7105, 2, 21, 48, '0.00', '0.00', '0.00'),
(7106, 2, 17, 48, '2.55', '7.00', '9.55'),
(7107, 2, 10, 48, '0.00', '0.00', '0.00'),
(7108, 2, 13, 48, '0.00', '0.00', '0.00'),
(7109, 2, 23, 48, '2.55', '0.00', '2.55'),
(7110, 2, 2, 48, '2.55', '7.00', '9.55'),
(7111, 2, 3, 48, '2.55', '7.00', '9.55'),
(7112, 2, 19, 48, '2.55', '7.00', '9.55'),
(7113, 2, 5, 49, '0.00', '0.00', '0.00'),
(7114, 2, 26, 49, '0.00', '0.00', '0.00'),
(7115, 2, 4, 49, '0.00', '0.00', '0.00'),
(7116, 2, 27, 49, '0.00', '0.00', '0.00'),
(7117, 2, 22, 49, '0.00', '0.00', '0.00'),
(7118, 2, 14, 49, '0.00', '0.00', '0.00'),
(7119, 2, 11, 49, '0.00', '0.00', '0.00'),
(7120, 2, 28, 49, '0.00', '0.00', '0.00'),
(7121, 2, 12, 49, '0.00', '0.00', '0.00'),
(7122, 2, 25, 49, '0.00', '0.00', '0.00'),
(7123, 2, 21, 49, '0.00', '0.00', '0.00'),
(7124, 2, 7, 49, '0.00', '0.00', '0.00'),
(7125, 2, 8, 49, '0.00', '0.00', '0.00'),
(7126, 2, 1, 49, '0.00', '0.00', '0.00'),
(7127, 2, 24, 49, '0.00', '0.00', '0.00'),
(7128, 2, 15, 49, '0.00', '0.00', '0.00'),
(7129, 2, 18, 49, '0.00', '0.00', '0.00'),
(7130, 2, 9, 49, '0.00', '0.00', '0.00'),
(7131, 2, 10, 49, '0.00', '0.00', '0.00'),
(7132, 2, 16, 49, '0.00', '0.00', '0.00'),
(7133, 2, 13, 49, '0.00', '0.00', '0.00'),
(7134, 2, 29, 49, '0.00', '0.00', '0.00'),
(7135, 2, 23, 49, '0.00', '0.00', '0.00'),
(7136, 2, 20, 49, '0.00', '0.00', '0.00'),
(7137, 2, 6, 49, '0.00', '0.00', '0.00'),
(7138, 2, 17, 49, '0.00', '0.00', '0.00'),
(7139, 2, 2, 49, '0.00', '0.00', '0.00'),
(7140, 2, 3, 49, '0.00', '0.00', '0.00'),
(7141, 2, 19, 49, '0.00', '0.00', '0.00'),
(7142, 2, 5, 50, '1.16', '0.00', '1.16'),
(7143, 2, 14, 50, '1.16', '4.83', '5.99'),
(7144, 2, 4, 50, '0.00', '0.00', '0.00'),
(7145, 2, 26, 50, '1.16', '0.00', '1.16'),
(7146, 2, 11, 50, '1.16', '4.83', '5.99'),
(7147, 2, 28, 50, '1.16', '4.83', '5.99'),
(7148, 2, 12, 50, '1.16', '4.83', '5.99'),
(7149, 2, 25, 50, '1.16', '0.00', '1.16'),
(7150, 2, 21, 50, '1.16', '0.00', '1.16'),
(7151, 2, 7, 50, '1.16', '0.00', '1.16'),
(7152, 2, 8, 50, '0.00', '0.00', '0.00'),
(7153, 2, 22, 50, '0.00', '0.00', '0.00'),
(7154, 2, 27, 50, '1.16', '4.83', '5.99'),
(7155, 2, 1, 50, '1.16', '4.83', '5.99'),
(7156, 2, 24, 50, '1.16', '4.83', '5.99'),
(7157, 2, 18, 50, '1.16', '0.00', '1.16'),
(7158, 2, 9, 50, '1.16', '0.00', '1.16'),
(7159, 2, 10, 50, '0.00', '0.00', '0.00'),
(7160, 2, 16, 50, '1.16', '0.00', '1.16'),
(7161, 2, 13, 50, '1.16', '0.00', '1.16'),
(7162, 2, 29, 50, '1.16', '0.00', '1.16'),
(7163, 2, 23, 50, '1.16', '4.83', '5.99'),
(7164, 2, 20, 50, '1.16', '0.00', '1.16'),
(7165, 2, 6, 50, '1.16', '4.83', '5.99'),
(7166, 2, 17, 50, '1.16', '0.00', '1.16'),
(7167, 2, 15, 50, '1.16', '0.00', '1.16'),
(7168, 2, 2, 50, '1.16', '4.83', '5.99'),
(7169, 2, 3, 50, '1.16', '4.83', '5.99'),
(7170, 2, 19, 50, '1.16', '4.83', '5.99'),
(7171, 2, 5, 51, '1.22', '0.00', '1.22'),
(7172, 2, 26, 51, '0.00', '0.00', '0.00'),
(7173, 2, 4, 51, '0.00', '0.00', '0.00'),
(7174, 2, 27, 51, '1.22', '0.00', '1.22'),
(7175, 2, 22, 51, '1.22', '0.00', '1.22'),
(7176, 2, 14, 51, '1.22', '0.00', '1.22'),
(7177, 2, 11, 51, '1.22', '0.00', '1.22'),
(7178, 2, 28, 51, '1.22', '0.00', '1.22'),
(7179, 2, 12, 51, '0.00', '0.00', '0.00'),
(7180, 2, 25, 51, '0.00', '0.00', '0.00'),
(7181, 2, 21, 51, '1.22', '0.00', '1.22'),
(7182, 2, 7, 51, '1.22', '0.00', '1.22'),
(7183, 2, 8, 51, '1.22', '0.00', '1.22'),
(7184, 2, 1, 51, '1.22', '6.22', '7.44'),
(7185, 2, 24, 51, '1.22', '0.00', '1.22'),
(7186, 2, 18, 51, '0.00', '0.00', '0.00'),
(7187, 2, 9, 51, '1.22', '0.00', '1.22'),
(7188, 2, 10, 51, '1.22', '6.22', '7.44'),
(7189, 2, 16, 51, '1.22', '6.22', '7.44'),
(7190, 2, 20, 51, '1.22', '0.00', '1.22'),
(7191, 2, 6, 51, '1.22', '0.00', '1.22'),
(7192, 2, 15, 51, '1.22', '6.22', '7.44'),
(7193, 2, 23, 51, '1.22', '6.22', '7.44'),
(7194, 2, 13, 51, '1.22', '6.22', '7.44'),
(7195, 2, 2, 51, '1.22', '6.22', '7.44'),
(7196, 2, 3, 51, '1.22', '6.22', '7.44'),
(7197, 2, 19, 51, '1.22', '6.22', '7.44'),
(7198, 2, 29, 51, '1.22', '0.00', '1.22'),
(7199, 2, 5, 52, '0.00', '0.00', '0.00'),
(7200, 2, 14, 52, '0.00', '0.00', '0.00'),
(7201, 2, 4, 52, '5.80', '11.60', '17.40'),
(7202, 2, 26, 52, '5.80', '11.60', '17.40'),
(7203, 2, 11, 52, '0.00', '0.00', '0.00'),
(7204, 2, 28, 52, '0.00', '0.00', '0.00'),
(7205, 2, 12, 52, '0.00', '0.00', '0.00'),
(7206, 2, 25, 52, '0.00', '0.00', '0.00'),
(7207, 2, 21, 52, '0.00', '0.00', '0.00'),
(7208, 2, 7, 52, '5.80', '11.60', '17.40'),
(7209, 2, 8, 52, '0.00', '0.00', '0.00'),
(7210, 2, 22, 52, '0.00', '0.00', '0.00'),
(7211, 2, 27, 52, '0.00', '0.00', '0.00'),
(7212, 2, 1, 52, '0.00', '0.00', '0.00'),
(7213, 2, 24, 52, '0.00', '0.00', '0.00'),
(7214, 2, 18, 52, '0.00', '0.00', '0.00'),
(7215, 2, 9, 52, '0.00', '0.00', '0.00'),
(7216, 2, 10, 52, '0.00', '0.00', '0.00'),
(7217, 2, 16, 52, '5.80', '11.60', '17.40'),
(7218, 2, 20, 52, '0.00', '0.00', '0.00'),
(7219, 2, 6, 52, '0.00', '0.00', '0.00'),
(7220, 2, 15, 52, '0.00', '0.00', '0.00'),
(7221, 2, 23, 52, '0.00', '0.00', '0.00'),
(7222, 2, 13, 52, '0.00', '0.00', '0.00'),
(7223, 2, 17, 52, '5.80', '11.60', '17.40'),
(7224, 2, 29, 52, '0.00', '0.00', '0.00'),
(7225, 2, 2, 52, '0.00', '0.00', '0.00'),
(7226, 2, 3, 52, '0.00', '0.00', '0.00'),
(7227, 2, 19, 52, '0.00', '0.00', '0.00'),
(7228, 2, 5, 53, '1.04', '5.80', '6.84'),
(7229, 2, 26, 53, '1.04', '0.00', '1.04'),
(7230, 2, 14, 53, '1.04', '5.80', '6.84'),
(7231, 2, 11, 53, '1.04', '0.00', '1.04'),
(7232, 2, 28, 53, '1.04', '0.00', '1.04'),
(7233, 2, 12, 53, '1.04', '5.80', '6.84'),
(7234, 2, 25, 53, '1.04', '0.00', '1.04'),
(7235, 2, 21, 53, '1.04', '5.80', '6.84'),
(7236, 2, 7, 53, '1.04', '0.00', '1.04'),
(7237, 2, 8, 53, '1.04', '5.80', '6.84'),
(7238, 2, 22, 53, '1.04', '5.80', '6.84'),
(7239, 2, 27, 53, '1.04', '0.00', '1.04'),
(7240, 2, 1, 53, '1.04', '0.00', '1.04'),
(7241, 2, 24, 53, '1.04', '0.00', '1.04'),
(7242, 2, 18, 53, '0.00', '0.00', '0.00'),
(7243, 2, 9, 53, '1.04', '0.00', '1.04'),
(7244, 2, 10, 53, '1.04', '0.00', '1.04'),
(7245, 2, 16, 53, '1.04', '5.80', '6.84'),
(7246, 2, 20, 53, '1.04', '0.00', '1.04'),
(7247, 2, 6, 53, '1.04', '0.00', '1.04'),
(7248, 2, 15, 53, '1.04', '0.00', '1.04'),
(7249, 2, 17, 53, '1.04', '0.00', '1.04'),
(7250, 2, 4, 53, '1.04', '0.00', '1.04'),
(7251, 2, 13, 53, '1.04', '5.80', '6.84'),
(7252, 2, 23, 53, '1.04', '0.00', '1.04'),
(7253, 2, 29, 53, '1.04', '5.80', '6.84'),
(7254, 2, 2, 53, '1.04', '0.00', '1.04'),
(7255, 2, 3, 53, '1.04', '0.00', '1.04'),
(7256, 2, 19, 53, '1.04', '5.80', '6.84'),
(7257, 2, 5, 54, '1.04', '0.00', '1.04'),
(7258, 2, 11, 54, '1.04', '0.00', '1.04'),
(7259, 2, 25, 54, '1.04', '27.00', '28.04'),
(7260, 2, 7, 54, '0.00', '0.00', '0.00'),
(7261, 2, 22, 54, '1.04', '0.00', '1.04'),
(7262, 2, 27, 54, '1.04', '27.00', '28.04'),
(7263, 2, 1, 54, '1.04', '0.00', '1.04'),
(7264, 2, 24, 54, '1.04', '0.00', '1.04'),
(7265, 2, 18, 54, '1.04', '0.00', '1.04'),
(7266, 2, 26, 54, '1.04', '0.00', '1.04'),
(7267, 2, 9, 54, '1.04', '0.00', '1.04'),
(7268, 2, 10, 54, '1.04', '0.00', '1.04'),
(7269, 2, 16, 54, '1.04', '0.00', '1.04'),
(7270, 2, 8, 54, '1.04', '0.00', '1.04'),
(7271, 2, 20, 54, '1.04', '0.00', '1.04'),
(7272, 2, 6, 54, '1.04', '0.00', '1.04'),
(7273, 2, 15, 54, '1.04', '0.00', '1.04'),
(7274, 2, 17, 54, '1.04', '0.00', '1.04'),
(7275, 2, 4, 54, '1.04', '0.00', '1.04'),
(7276, 2, 13, 54, '1.04', '0.00', '1.04'),
(7277, 2, 23, 54, '1.04', '0.00', '1.04'),
(7278, 2, 14, 54, '1.04', '0.00', '1.04'),
(7279, 2, 29, 54, '1.04', '0.00', '1.04'),
(7280, 2, 28, 54, '1.04', '0.00', '1.04'),
(7281, 2, 2, 54, '1.04', '0.00', '1.04'),
(7282, 2, 3, 54, '1.04', '0.00', '1.04'),
(7283, 2, 19, 54, '1.04', '0.00', '1.04'),
(7284, 2, 5, 55, '1.13', '0.00', '1.13'),
(7285, 2, 26, 55, '1.13', '0.00', '1.13'),
(7286, 2, 11, 55, '1.13', '0.00', '1.13'),
(7287, 2, 25, 55, '1.13', '0.00', '1.13'),
(7288, 2, 7, 55, '1.13', '0.00', '1.13'),
(7289, 2, 8, 55, '0.00', '0.00', '0.00'),
(7290, 2, 22, 55, '1.13', '0.00', '1.13'),
(7291, 2, 27, 55, '1.13', '0.00', '1.13'),
(7292, 2, 1, 55, '0.00', '0.00', '0.00'),
(7293, 2, 24, 55, '1.13', '0.00', '1.13'),
(7294, 2, 18, 55, '0.00', '0.00', '0.00'),
(7295, 2, 9, 55, '1.13', '0.00', '1.13'),
(7296, 2, 10, 55, '1.13', '0.00', '1.13'),
(7297, 2, 16, 55, '1.13', '0.00', '1.13'),
(7298, 2, 20, 55, '1.13', '0.00', '1.13'),
(7299, 2, 6, 55, '1.13', '0.00', '1.13'),
(7300, 2, 15, 55, '1.13', '0.00', '1.13'),
(7301, 2, 4, 55, '1.13', '54.00', '55.13'),
(7302, 2, 13, 55, '1.13', '0.00', '1.13'),
(7303, 2, 17, 55, '1.13', '0.00', '1.13'),
(7304, 2, 14, 55, '1.13', '0.00', '1.13'),
(7305, 2, 28, 55, '1.13', '0.00', '1.13'),
(7306, 2, 12, 55, '1.13', '0.00', '1.13'),
(7307, 2, 23, 55, '1.13', '0.00', '1.13'),
(7308, 2, 2, 55, '1.13', '0.00', '1.13'),
(7309, 2, 3, 55, '1.13', '0.00', '1.13'),
(7310, 2, 19, 55, '1.13', '0.00', '1.13'),
(7311, 2, 5, 56, '2.45', '0.00', '2.45'),
(7312, 2, 11, 56, '0.00', '0.00', '0.00'),
(7313, 2, 25, 56, '0.00', '0.00', '0.00'),
(7314, 2, 22, 56, '0.00', '0.00', '0.00'),
(7315, 2, 27, 56, '2.45', '9.00', '11.45'),
(7316, 2, 1, 56, '2.45', '9.00', '11.45'),
(7317, 2, 24, 56, '0.00', '0.00', '0.00'),
(7318, 2, 18, 56, '0.00', '0.00', '0.00'),
(7319, 2, 26, 56, '2.45', '0.00', '2.45'),
(7320, 2, 9, 56, '2.45', '0.00', '2.45'),
(7321, 2, 10, 56, '2.45', '0.00', '2.45'),
(7322, 2, 16, 56, '2.45', '9.00', '11.45'),
(7323, 2, 8, 56, '0.00', '0.00', '0.00'),
(7324, 2, 20, 56, '0.00', '0.00', '0.00'),
(7325, 2, 6, 56, '2.45', '9.00', '11.45'),
(7326, 2, 15, 56, '0.00', '0.00', '0.00'),
(7327, 2, 4, 56, '2.45', '0.00', '2.45'),
(7328, 2, 13, 56, '0.00', '0.00', '0.00'),
(7329, 2, 17, 56, '2.45', '9.00', '11.45'),
(7330, 2, 14, 56, '0.00', '0.00', '0.00'),
(7331, 2, 28, 56, '0.00', '0.00', '0.00'),
(7332, 2, 12, 56, '0.00', '0.00', '0.00'),
(7333, 2, 23, 56, '0.00', '0.00', '0.00'),
(7334, 2, 29, 56, '2.45', '9.00', '11.45'),
(7335, 2, 2, 56, '0.00', '0.00', '0.00'),
(7336, 2, 3, 56, '0.00', '0.00', '0.00'),
(7337, 2, 19, 56, '0.00', '0.00', '0.00'),
(7338, 2, 5, 57, '3.00', '18.00', '21.00'),
(7339, 2, 25, 57, '0.00', '0.00', '0.00'),
(7340, 2, 16, 57, '0.00', '0.00', '0.00'),
(7341, 2, 12, 57, '0.00', '0.00', '0.00'),
(7342, 2, 22, 57, '3.00', '0.00', '3.00'),
(7343, 2, 1, 57, '3.00', '18.00', '21.00'),
(7344, 2, 4, 57, '0.00', '0.00', '0.00'),
(7345, 2, 17, 57, '0.00', '0.00', '0.00'),
(7346, 2, 20, 57, '3.00', '0.00', '3.00'),
(7347, 2, 29, 57, '3.00', '0.00', '3.00'),
(7348, 2, 24, 57, '3.00', '0.00', '3.00'),
(7349, 2, 6, 57, '0.00', '0.00', '0.00'),
(7350, 2, 9, 57, '0.00', '0.00', '0.00'),
(7351, 2, 18, 57, '0.00', '0.00', '0.00'),
(7352, 2, 14, 57, '0.00', '0.00', '0.00'),
(7353, 2, 27, 57, '3.00', '0.00', '3.00'),
(7354, 2, 15, 57, '0.00', '0.00', '0.00'),
(7355, 2, 13, 57, '0.00', '0.00', '0.00'),
(7356, 2, 8, 57, '3.00', '18.00', '21.00'),
(7357, 2, 26, 57, '0.00', '0.00', '0.00'),
(7358, 2, 10, 57, '3.00', '0.00', '3.00'),
(7359, 2, 23, 57, '0.00', '0.00', '0.00'),
(7360, 2, 11, 57, '0.00', '0.00', '0.00'),
(7361, 2, 7, 57, '0.00', '0.00', '0.00'),
(7362, 2, 2, 57, '0.00', '0.00', '0.00'),
(7363, 2, 3, 57, '0.00', '0.00', '0.00'),
(7364, 2, 19, 57, '0.00', '0.00', '0.00'),
(7365, 2, 5, 58, '1.75', '0.00', '1.75'),
(7366, 2, 25, 58, '1.75', '7.00', '8.75'),
(7367, 2, 16, 58, '1.75', '7.00', '8.75'),
(7368, 2, 15, 58, '0.00', '0.00', '0.00'),
(7369, 2, 6, 58, '1.75', '0.00', '1.75'),
(7370, 2, 4, 58, '1.75', '0.00', '1.75'),
(7371, 2, 26, 58, '1.75', '7.00', '8.75'),
(7372, 2, 1, 58, '0.00', '0.00', '0.00'),
(7373, 2, 28, 58, '1.75', '7.00', '8.75'),
(7374, 2, 12, 58, '0.00', '0.00', '0.00'),
(7375, 2, 22, 58, '0.00', '0.00', '0.00'),
(7376, 2, 17, 58, '0.00', '0.00', '0.00'),
(7377, 2, 20, 58, '0.00', '0.00', '0.00'),
(7378, 2, 29, 58, '1.75', '7.00', '8.75'),
(7379, 2, 24, 58, '1.75', '0.00', '1.75'),
(7380, 2, 9, 58, '1.75', '0.00', '1.75'),
(7381, 2, 18, 58, '1.75', '0.00', '1.75'),
(7382, 2, 14, 58, '1.75', '7.00', '8.75'),
(7383, 2, 27, 58, '1.75', '7.00', '8.75'),
(7384, 2, 13, 58, '0.00', '0.00', '0.00'),
(7385, 2, 8, 58, '1.75', '0.00', '1.75'),
(7386, 2, 10, 58, '1.75', '0.00', '1.75'),
(7387, 2, 23, 58, '0.00', '0.00', '0.00'),
(7388, 2, 11, 58, '0.00', '0.00', '0.00'),
(7389, 2, 7, 58, '0.00', '0.00', '0.00'),
(7390, 2, 2, 58, '1.75', '7.00', '8.75'),
(7391, 2, 3, 58, '0.00', '0.00', '0.00'),
(7392, 2, 19, 58, '0.00', '0.00', '0.00'),
(7393, 2, 5, 59, '1.65', '8.00', '9.65'),
(7394, 2, 25, 59, '1.65', '0.00', '1.65'),
(7395, 2, 16, 59, '1.65', '0.00', '1.65'),
(7396, 2, 12, 59, '1.65', '8.00', '9.65'),
(7397, 2, 1, 59, '0.00', '0.00', '0.00'),
(7398, 2, 4, 59, '1.65', '8.00', '9.65'),
(7399, 2, 20, 59, '0.00', '0.00', '0.00'),
(7400, 2, 18, 59, '0.00', '0.00', '0.00'),
(7401, 2, 14, 59, '1.65', '0.00', '1.65'),
(7402, 2, 9, 59, '1.65', '8.00', '9.65'),
(7403, 2, 27, 59, '1.65', '8.00', '9.65'),
(7404, 2, 15, 59, '1.65', '0.00', '1.65'),
(7405, 2, 24, 59, '1.65', '0.00', '1.65'),
(7406, 2, 6, 59, '0.00', '0.00', '0.00'),
(7407, 2, 13, 59, '0.00', '0.00', '0.00'),
(7408, 2, 8, 59, '1.65', '8.00', '9.65'),
(7409, 2, 26, 59, '1.65', '8.00', '9.65'),
(7410, 2, 10, 59, '1.65', '0.00', '1.65'),
(7411, 2, 23, 59, '1.65', '0.00', '1.65'),
(7412, 2, 11, 59, '1.65', '0.00', '1.65'),
(7413, 2, 22, 59, '1.65', '0.00', '1.65'),
(7414, 2, 7, 59, '0.00', '0.00', '0.00'),
(7415, 2, 17, 59, '0.00', '0.00', '0.00'),
(7416, 2, 29, 59, '1.65', '0.00', '1.65'),
(7417, 2, 28, 59, '0.00', '0.00', '0.00'),
(7418, 2, 2, 59, '0.00', '0.00', '0.00'),
(7419, 2, 3, 59, '0.00', '0.00', '0.00'),
(7420, 2, 19, 59, '0.00', '0.00', '0.00'),
(7421, 2, 5, 60, '0.00', '0.00', '0.00'),
(7422, 2, 25, 60, '0.00', '0.00', '0.00'),
(7423, 2, 16, 60, '0.00', '0.00', '0.00'),
(7424, 2, 1, 60, '0.00', '0.00', '0.00'),
(7425, 2, 28, 60, '0.00', '0.00', '0.00'),
(7426, 2, 12, 60, '0.00', '0.00', '0.00'),
(7427, 2, 22, 60, '0.00', '0.00', '0.00'),
(7428, 2, 4, 60, '0.00', '0.00', '0.00'),
(7429, 2, 17, 60, '0.00', '0.00', '0.00'),
(7430, 2, 29, 60, '0.00', '0.00', '0.00'),
(7431, 2, 24, 60, '0.00', '0.00', '0.00'),
(7432, 2, 6, 60, '0.00', '0.00', '0.00'),
(7433, 2, 18, 60, '0.00', '0.00', '0.00'),
(7434, 2, 14, 60, '0.00', '0.00', '0.00'),
(7435, 2, 9, 60, '0.00', '0.00', '0.00'),
(7436, 2, 27, 60, '0.00', '0.00', '0.00'),
(7437, 2, 15, 60, '0.00', '0.00', '0.00'),
(7438, 2, 13, 60, '0.00', '0.00', '0.00'),
(7439, 2, 8, 60, '0.00', '0.00', '0.00'),
(7440, 2, 26, 60, '0.00', '0.00', '0.00'),
(7441, 2, 10, 60, '0.00', '0.00', '0.00'),
(7442, 2, 23, 60, '0.00', '0.00', '0.00'),
(7443, 2, 11, 60, '28.00', '0.00', '28.00'),
(7444, 2, 20, 60, '0.00', '0.00', '0.00'),
(7445, 2, 7, 60, '0.00', '0.00', '0.00'),
(7446, 2, 2, 60, '0.00', '0.00', '0.00'),
(7447, 2, 3, 60, '0.00', '0.00', '0.00'),
(7448, 2, 19, 60, '0.00', '0.00', '0.00'),
(7449, 2, 5, 61, '2.00', '0.00', '2.00'),
(7450, 2, 25, 61, '0.00', '0.00', '0.00'),
(7451, 2, 16, 61, '2.00', '0.00', '2.00'),
(7452, 2, 12, 61, '0.00', '0.00', '0.00'),
(7453, 2, 1, 61, '2.00', '0.00', '2.00'),
(7454, 2, 8, 61, '2.00', '0.00', '2.00'),
(7455, 2, 4, 61, '0.00', '0.00', '0.00'),
(7456, 2, 11, 61, '0.00', '0.00', '0.00'),
(7457, 2, 7, 61, '0.00', '0.00', '0.00'),
(7458, 2, 10, 61, '2.00', '0.00', '2.00'),
(7459, 2, 28, 61, '0.00', '0.00', '0.00'),
(7460, 2, 15, 61, '2.00', '0.00', '2.00'),
(7461, 2, 17, 61, '2.00', '0.00', '2.00'),
(7462, 2, 26, 61, '0.00', '0.00', '0.00'),
(7463, 2, 9, 61, '2.00', '0.00', '2.00'),
(7464, 2, 14, 61, '0.00', '0.00', '0.00'),
(7465, 2, 29, 61, '0.00', '0.00', '0.00'),
(7466, 2, 13, 61, '2.00', '0.00', '2.00'),
(7467, 2, 20, 61, '2.00', '0.00', '2.00'),
(7468, 2, 6, 61, '0.00', '0.00', '0.00'),
(7469, 2, 27, 61, '2.00', '0.00', '2.00'),
(7470, 2, 23, 61, '0.00', '0.00', '0.00'),
(7471, 2, 22, 61, '2.00', '0.00', '2.00'),
(7472, 2, 24, 61, '2.00', '0.00', '2.00'),
(7473, 2, 18, 61, '2.00', '0.00', '2.00'),
(7474, 2, 2, 61, '0.00', '0.00', '0.00'),
(7475, 2, 3, 61, '0.00', '0.00', '0.00'),
(7476, 2, 19, 61, '0.00', '0.00', '0.00'),
(7477, 2, 5, 62, '0.00', '0.00', '0.00'),
(7478, 2, 25, 62, '2.90', '0.00', '2.90'),
(7479, 2, 16, 62, '0.00', '0.00', '0.00'),
(7480, 2, 12, 62, '0.00', '0.00', '0.00'),
(7481, 2, 1, 62, '0.00', '0.00', '0.00'),
(7482, 2, 8, 62, '0.00', '0.00', '0.00'),
(7483, 2, 4, 62, '2.90', '0.00', '2.90'),
(7484, 2, 11, 62, '0.00', '0.00', '0.00'),
(7485, 2, 7, 62, '0.00', '0.00', '0.00'),
(7486, 2, 10, 62, '0.00', '0.00', '0.00'),
(7487, 2, 26, 62, '0.00', '0.00', '0.00'),
(7488, 2, 15, 62, '2.90', '0.00', '2.90'),
(7489, 2, 17, 62, '2.90', '0.00', '2.90'),
(7490, 2, 9, 62, '0.00', '0.00', '0.00'),
(7491, 2, 14, 62, '2.90', '0.00', '2.90'),
(7492, 2, 29, 62, '0.00', '0.00', '0.00'),
(7493, 2, 13, 62, '0.00', '0.00', '0.00'),
(7494, 2, 20, 62, '2.90', '0.00', '2.90'),
(7495, 2, 6, 62, '0.00', '0.00', '0.00'),
(7496, 2, 27, 62, '0.00', '0.00', '0.00'),
(7497, 2, 23, 62, '0.00', '0.00', '0.00'),
(7498, 2, 22, 62, '0.00', '0.00', '0.00'),
(7499, 2, 24, 62, '2.90', '0.00', '2.90'),
(7500, 2, 28, 62, '0.00', '0.00', '0.00'),
(7501, 2, 18, 62, '0.00', '0.00', '0.00'),
(7502, 2, 21, 62, '0.00', '0.00', '0.00'),
(7503, 2, 2, 62, '2.90', '0.00', '2.90'),
(7504, 2, 3, 62, '2.90', '0.00', '2.90'),
(7505, 2, 19, 62, '2.90', '0.00', '2.90'),
(7506, 2, 5, 63, '0.00', '0.00', '0.00'),
(7507, 2, 25, 63, '0.00', '0.00', '0.00'),
(7508, 2, 16, 63, '2.18', '0.00', '2.18'),
(7509, 2, 12, 63, '2.18', '0.00', '2.18'),
(7510, 2, 1, 63, '2.18', '0.00', '2.18'),
(7511, 2, 8, 63, '2.18', '0.00', '2.18'),
(7512, 2, 4, 63, '0.00', '0.00', '0.00'),
(7513, 2, 11, 63, '0.00', '0.00', '0.00'),
(7514, 2, 7, 63, '0.00', '0.00', '0.00'),
(7515, 2, 15, 63, '0.00', '0.00', '0.00'),
(7516, 2, 20, 63, '0.00', '0.00', '0.00'),
(7517, 2, 27, 63, '2.18', '0.00', '2.18'),
(7518, 2, 10, 63, '2.18', '0.00', '2.18'),
(7519, 2, 9, 63, '0.00', '0.00', '0.00'),
(7520, 2, 14, 63, '2.18', '0.00', '2.18'),
(7521, 2, 29, 63, '0.00', '0.00', '0.00'),
(7522, 2, 26, 63, '2.18', '0.00', '2.18'),
(7523, 2, 13, 63, '2.18', '0.00', '2.18'),
(7524, 2, 22, 63, '0.00', '0.00', '0.00'),
(7525, 2, 17, 63, '2.18', '0.00', '2.18'),
(7526, 2, 23, 63, '0.00', '0.00', '0.00'),
(7527, 2, 2, 63, '0.00', '0.00', '0.00'),
(7528, 2, 3, 63, '2.18', '0.00', '2.18'),
(7529, 2, 19, 63, '0.00', '0.00', '0.00'),
(7530, 2, 5, 64, '1.17', '7.00', '8.17'),
(7531, 2, 25, 64, '1.17', '0.00', '1.17'),
(7532, 2, 16, 64, '1.17', '0.00', '1.17'),
(7533, 2, 12, 64, '0.00', '0.00', '0.00'),
(7534, 2, 1, 64, '1.17', '7.00', '8.17'),
(7535, 2, 8, 64, '1.17', '0.00', '1.17'),
(7536, 2, 4, 64, '1.17', '7.00', '8.17'),
(7537, 2, 11, 64, '1.17', '0.00', '1.17'),
(7538, 2, 7, 64, '0.00', '0.00', '0.00'),
(7539, 2, 15, 64, '0.00', '0.00', '0.00'),
(7540, 2, 20, 64, '1.17', '7.00', '8.17'),
(7541, 2, 27, 64, '1.17', '7.00', '8.17'),
(7542, 2, 10, 64, '1.17', '0.00', '1.17'),
(7543, 2, 9, 64, '1.17', '7.00', '8.17'),
(7544, 2, 14, 64, '1.17', '0.00', '1.17'),
(7545, 2, 29, 64, '1.17', '0.00', '1.17'),
(7546, 2, 26, 64, '1.17', '7.00', '8.17'),
(7547, 2, 13, 64, '1.17', '0.00', '1.17'),
(7548, 2, 22, 64, '1.17', '0.00', '1.17'),
(7549, 2, 17, 64, '1.17', '0.00', '1.17'),
(7550, 2, 28, 64, '1.17', '0.00', '1.17'),
(7551, 2, 23, 64, '1.17', '0.00', '1.17'),
(7552, 2, 24, 64, '1.17', '0.00', '1.17'),
(7553, 2, 18, 64, '0.00', '0.00', '0.00'),
(7554, 2, 6, 64, '1.17', '0.00', '1.17'),
(7555, 2, 2, 64, '1.17', '0.00', '1.17'),
(7556, 2, 3, 64, '1.17', '0.00', '1.17'),
(7557, 2, 19, 64, '1.17', '7.00', '8.17');

-- --------------------------------------------------------

--
-- Table structure for table `Prediction`
--

CREATE TABLE IF NOT EXISTS `Prediction` (
  `PredictionID` int(11) NOT NULL AUTO_INCREMENT,
  `UserID` int(11) NOT NULL,
  `MatchID` int(11) NOT NULL,
  `HomeTeamGoals` int(11) DEFAULT NULL,
  `AwayTeamGoals` int(11) DEFAULT NULL,
  `DateAdded` datetime NOT NULL,
  PRIMARY KEY (`PredictionID`),
  KEY `FK_Prediction_User` (`UserID`),
  KEY `FK_Prediction_Match` (`MatchID`)
) ENGINE=InnoDB  DEFAULT CHARSET=latin1 AUTO_INCREMENT=1868 ;

--
-- Dumping data for table `Prediction`
--

INSERT INTO `Prediction` (`PredictionID`, `UserID`, `MatchID`, `HomeTeamGoals`, `AwayTeamGoals`, `DateAdded`) VALUES
(1, 1, 1, 2, 1, '2014-06-07 20:04:06'),
(2, 1, 5, 2, 0, '2014-06-07 20:23:47'),
(3, 1, 2, 1, 0, '2014-06-07 20:22:40'),
(4, 10, 1, 2, 0, '2014-06-09 18:34:48'),
(5, 10, 2, 1, 1, '2014-06-09 18:35:02'),
(6, 10, 3, 2, 1, '2014-06-13 15:46:34'),
(7, 10, 4, 1, 0, '2014-06-09 18:35:25'),
(8, 10, 5, 0, 1, '2014-06-14 15:43:18'),
(9, 10, 6, 2, 1, '2014-06-14 18:50:51'),
(10, 1, 3, 1, 0, '2014-06-07 20:05:41'),
(11, 1, 4, 2, 1, '2014-06-07 20:05:56'),
(12, 1, 6, 2, 0, '2014-06-07 20:24:33'),
(13, 1, 7, 1, 1, '2014-06-07 20:06:49'),
(14, 1, 8, 1, 0, '2014-06-07 20:25:54'),
(15, 1, 9, 1, 1, '2014-06-07 20:25:42'),
(16, 1, 10, 2, 1, '2014-06-07 20:26:46'),
(17, 1, 11, 3, 1, '2014-06-15 20:59:18'),
(18, 1, 12, 2, 1, '2014-06-07 23:18:44'),
(19, 1, 13, 0, 2, '2014-06-16 18:27:43'),
(20, 1, 14, 1, 1, '2014-06-07 23:20:02'),
(21, 1, 15, 3, 0, '2014-06-16 18:28:22'),
(22, 1, 16, 3, 1, '2014-06-16 18:28:34'),
(23, 1, 17, 1, 0, '2014-06-07 23:22:19'),
(24, 1, 18, 0, 2, '2014-06-07 23:23:27'),
(25, 1, 19, 3, 1, '2014-06-14 08:49:58'),
(26, 1, 20, 0, 1, '2014-06-07 23:24:58'),
(27, 1, 21, 1, 0, '2014-06-19 08:57:28'),
(28, 1, 22, 1, 2, '2014-06-07 23:27:10'),
(29, 1, 23, 1, 0, '2014-06-07 23:27:40'),
(30, 1, 24, 2, 1, '2014-06-19 22:35:41'),
(31, 1, 25, 1, 2, '2014-06-20 17:43:04'),
(32, 1, 26, 0, 1, '2014-06-07 23:30:30'),
(33, 1, 27, 3, 0, '2014-06-07 23:31:58'),
(34, 1, 28, 2, 1, '2014-06-07 23:32:48'),
(35, 1, 29, 0, 2, '2014-06-17 11:52:32'),
(36, 1, 30, 1, 0, '2014-06-07 23:36:35'),
(37, 1, 31, 1, 0, '2014-06-07 23:37:16'),
(38, 1, 32, 1, 3, '2014-06-22 22:14:03'),
(39, 1, 33, 1, 2, '2014-06-23 12:02:56'),
(40, 1, 34, 1, 1, '2014-06-07 23:39:16'),
(41, 1, 35, 0, 3, '2014-06-07 23:40:35'),
(42, 1, 36, 0, 1, '2014-06-07 23:41:43'),
(43, 1, 37, 2, 1, '2014-06-23 12:03:45'),
(44, 1, 38, 3, 1, '2014-06-23 12:04:06'),
(45, 1, 39, 0, 1, '2014-06-07 23:43:38'),
(46, 1, 40, 0, 1, '2014-06-07 23:43:56'),
(47, 1, 41, 0, 2, '2014-06-07 23:44:35'),
(48, 1, 42, 2, 0, '2014-06-07 23:44:49'),
(49, 1, 43, 0, 1, '2014-06-07 23:45:26'),
(50, 1, 44, 0, 1, '2014-06-07 23:45:39'),
(51, 1, 45, 0, 2, '2014-06-07 23:46:17'),
(52, 1, 46, 1, 0, '2014-06-07 23:46:36'),
(53, 1, 47, 0, 1, '2014-06-07 23:47:19'),
(54, 1, 48, 0, 1, '2014-06-07 23:47:32'),
(55, 14, 1, 3, 0, '2014-06-10 11:05:00'),
(56, 11, 1, 3, 1, '2014-06-08 21:04:34'),
(57, 11, 2, 0, 1, '2014-06-08 21:04:50'),
(58, 11, 3, 2, 2, '2014-06-08 21:05:01'),
(59, 11, 4, 2, 0, '2014-06-08 21:05:07'),
(60, 11, 5, 1, 0, '2014-06-08 21:05:18'),
(61, 11, 6, 1, 1, '2014-06-08 21:05:31'),
(62, 11, 7, 2, 2, '2014-06-14 20:14:00'),
(63, 11, 8, 3, 0, '2014-06-14 20:14:21'),
(64, 11, 9, 2, 2, '2014-06-08 21:05:55'),
(65, 11, 10, 1, 1, '2014-06-14 20:14:44'),
(66, 11, 11, 7, 2, '2014-06-13 09:48:51'),
(67, 11, 12, 2, 1, '2014-06-16 11:25:22'),
(68, 11, 13, 1, 2, '2014-06-16 11:25:30'),
(69, 11, 14, 1, 1, '2014-06-08 21:06:38'),
(70, 11, 15, 3, 0, '2014-06-08 21:06:44'),
(71, 11, 16, 3, 1, '2014-06-16 11:26:01'),
(72, 11, 17, 2, 0, '2014-06-08 21:07:01'),
(73, 5, 1, 2, 0, '2014-06-09 08:30:39'),
(74, 5, 2, 1, 1, '2014-06-12 19:17:34'),
(75, 5, 3, 1, 0, '2014-06-09 08:31:01'),
(76, 9, 1, 2, 0, '2014-06-09 09:41:54'),
(77, 9, 2, 2, 2, '2014-06-09 09:42:09'),
(78, 9, 3, 2, 1, '2014-06-09 09:42:18'),
(79, 9, 4, 3, 1, '2014-06-09 09:42:29'),
(80, 9, 5, 1, 1, '2014-06-09 09:42:39'),
(81, 9, 6, 2, 0, '2014-06-09 09:42:50'),
(82, 9, 7, 2, 1, '2014-06-09 09:42:56'),
(83, 9, 8, 1, 0, '2014-06-09 09:43:10'),
(84, 9, 9, 1, 1, '2014-06-09 09:43:18'),
(85, 9, 10, 0, 0, '2014-06-09 09:43:28'),
(86, 9, 11, 2, 1, '2014-06-09 09:43:35'),
(87, 9, 12, 2, 1, '2014-06-09 09:43:42'),
(88, 9, 13, 1, 1, '2014-06-09 09:43:50'),
(89, 9, 14, 2, 1, '2014-06-09 09:44:06'),
(90, 9, 15, 2, 1, '2014-06-09 09:44:12'),
(91, 9, 16, 2, 0, '2014-06-09 09:44:19'),
(92, 9, 17, 1, 0, '2014-06-09 09:44:31'),
(93, 9, 18, 0, 3, '2014-06-17 18:24:36'),
(94, 9, 19, 2, 1, '2014-06-17 18:24:48'),
(95, 9, 20, 1, 2, '2014-06-17 18:25:00'),
(96, 9, 21, 1, 1, '2014-06-09 09:45:08'),
(97, 9, 22, 1, 2, '2014-06-17 18:25:16'),
(98, 9, 23, 1, 1, '2014-06-09 09:45:22'),
(99, 9, 24, 2, 1, '2014-06-09 09:45:28'),
(100, 9, 25, 1, 1, '2014-06-09 09:45:37'),
(101, 9, 26, 1, 1, '2014-06-17 18:25:44'),
(102, 9, 27, 3, 0, '2014-06-09 09:45:49'),
(103, 9, 28, 3, 0, '2014-06-17 18:25:57'),
(104, 6, 1, 3, 1, '2014-06-12 17:10:22'),
(105, 6, 7, 2, 1, '2014-06-14 19:04:43'),
(106, 11, 18, 1, 2, '2014-06-16 11:26:17'),
(107, 11, 19, 1, 1, '2014-06-09 10:29:15'),
(108, 11, 20, 1, 3, '2014-06-14 20:20:21'),
(109, 11, 21, 2, 0, '2014-06-09 10:29:30'),
(110, 11, 22, 2, 1, '2014-06-14 20:20:41'),
(111, 11, 23, 1, 0, '2014-06-14 20:20:49'),
(112, 11, 24, 2, 0, '2014-06-14 20:20:56'),
(113, 11, 25, 2, 2, '2014-06-16 11:26:54'),
(114, 11, 26, 1, 3, '2014-06-14 20:21:09'),
(115, 11, 27, 5, 1, '2014-06-14 20:21:12'),
(116, 11, 28, 4, 1, '2014-06-14 20:21:18'),
(117, 11, 29, 1, 3, '2014-06-20 17:03:02'),
(118, 11, 30, 2, 1, '2014-06-09 10:31:01'),
(119, 11, 31, 2, 1, '2014-06-14 20:21:40'),
(120, 11, 32, 2, 1, '2014-06-20 17:03:44'),
(121, 11, 33, 0, 2, '2014-06-09 10:31:22'),
(122, 11, 34, 2, 3, '2014-06-14 20:22:08'),
(123, 11, 35, 0, 3, '2014-06-16 11:27:27'),
(124, 11, 36, 2, 1, '2014-06-14 20:22:22'),
(125, 11, 37, 1, 1, '2014-06-20 17:04:23'),
(126, 11, 38, 0, 2, '2014-06-14 20:22:33'),
(127, 11, 39, 0, 3, '2014-06-09 10:32:04'),
(128, 11, 40, 1, 2, '2014-06-14 20:22:42'),
(129, 11, 41, 1, 3, '2014-06-14 20:22:45'),
(130, 11, 42, 2, 0, '2014-06-20 17:04:53'),
(131, 11, 43, 0, 1, '2014-06-25 16:39:24'),
(132, 11, 44, 1, 4, '2014-06-25 16:40:05'),
(133, 11, 45, 0, 2, '2014-06-16 11:28:21'),
(134, 11, 46, 3, 1, '2014-06-14 20:23:06'),
(135, 11, 47, 1, 3, '2014-06-16 11:28:35'),
(136, 11, 48, 2, 2, '2014-06-14 20:23:15'),
(137, 15, 1, 2, 0, '2014-06-12 18:00:50'),
(138, 6, 2, 1, 0, '2014-06-10 11:48:09'),
(139, 6, 3, 1, 1, '2014-06-13 19:28:54'),
(140, 6, 4, 2, 0, '2014-06-09 10:49:03'),
(141, 7, 1, 2, 0, '2014-06-09 11:47:43'),
(142, 7, 2, 1, 1, '2014-06-09 11:47:56'),
(143, 7, 3, 1, 1, '2014-06-09 11:48:07'),
(144, 7, 4, 0, 1, '2014-06-09 11:48:15'),
(145, 7, 5, 2, 0, '2014-06-09 11:48:24'),
(146, 7, 6, 3, 0, '2014-06-09 11:48:35'),
(147, 10, 7, 1, 0, '2014-06-14 19:00:56'),
(148, 10, 8, 1, 0, '2014-06-09 18:38:15'),
(149, 10, 9, 1, 0, '2014-06-09 18:38:33'),
(150, 10, 10, 2, 0, '2014-06-09 18:38:47'),
(151, 10, 11, 2, 0, '2014-06-09 18:38:58'),
(152, 10, 12, 2, 1, '2014-06-15 16:13:02'),
(153, 10, 13, 1, 2, '2014-06-15 16:12:47'),
(154, 4, 1, 2, 0, '2014-06-09 20:54:14'),
(155, 4, 2, 1, 0, '2014-06-09 20:54:34'),
(156, 4, 3, 1, 0, '2014-06-09 20:55:01'),
(157, 4, 4, 1, 0, '2014-06-09 20:55:23'),
(158, 4, 5, 1, 0, '2014-06-09 20:56:44'),
(159, 4, 6, 1, 0, '2014-06-09 20:57:17'),
(160, 4, 7, 0, 0, '2014-06-09 20:57:40'),
(161, 4, 8, 1, 1, '2014-06-09 20:58:09'),
(162, 4, 9, 1, 0, '2014-06-09 20:58:30'),
(163, 4, 10, 1, 0, '2014-06-09 20:58:50'),
(164, 4, 11, 1, 0, '2014-06-09 20:59:30'),
(165, 4, 12, 1, 1, '2014-06-09 20:59:46'),
(166, 4, 13, 0, 1, '2014-06-09 21:00:11'),
(167, 4, 14, 1, 1, '2014-06-09 21:00:34'),
(168, 4, 15, 1, 0, '2014-06-09 21:02:30'),
(169, 4, 17, 1, 0, '2014-06-09 21:03:50'),
(170, 4, 16, 2, 0, '2014-06-09 21:18:21'),
(181, 20, 1, 1, 0, '2014-06-10 09:10:48'),
(182, 20, 2, 3, 1, '2014-06-10 09:10:57'),
(183, 20, 3, 1, 1, '2014-06-10 09:11:02'),
(184, 20, 4, 2, 0, '2014-06-10 09:11:10'),
(185, 20, 5, 1, 0, '2014-06-10 09:11:24'),
(186, 20, 6, 3, 1, '2014-06-10 09:11:34'),
(187, 20, 7, 0, 0, '2014-06-10 09:11:43'),
(188, 20, 8, 2, 1, '2014-06-10 09:11:55'),
(189, 20, 9, 0, 0, '2014-06-10 09:12:01'),
(190, 20, 10, 4, 0, '2014-06-10 09:12:14'),
(191, 20, 11, 2, 0, '2014-06-10 09:12:28'),
(192, 20, 12, 3, 1, '2014-06-10 09:13:43'),
(193, 20, 13, 0, 3, '2014-06-10 09:13:54'),
(194, 20, 14, 1, 1, '2014-06-10 09:14:03'),
(195, 20, 15, 2, 0, '2014-06-10 09:14:11'),
(196, 20, 16, 2, 1, '2014-06-10 09:14:19'),
(197, 20, 17, 1, 0, '2014-06-10 09:14:27'),
(198, 20, 18, 0, 3, '2014-06-10 09:14:35'),
(199, 20, 19, 2, 0, '2014-06-10 09:14:41'),
(200, 20, 20, 0, 2, '2014-06-10 09:14:52'),
(201, 20, 21, 1, 1, '2014-06-10 09:14:59'),
(202, 20, 22, 1, 2, '2014-06-10 09:15:06'),
(203, 20, 23, 1, 0, '2014-06-10 09:15:20'),
(204, 20, 24, 2, 0, '2014-06-10 09:15:28'),
(205, 20, 25, 0, 1, '2014-06-10 09:15:39'),
(206, 20, 26, 1, 2, '2014-06-10 09:15:48'),
(207, 20, 27, 4, 0, '2014-06-10 09:16:07'),
(208, 20, 28, 2, 1, '2014-06-10 09:16:31'),
(209, 20, 29, 1, 1, '2014-06-10 09:16:40'),
(210, 20, 30, 1, 0, '2014-06-10 09:16:46'),
(211, 20, 31, 1, 1, '2014-06-10 09:17:31'),
(212, 20, 32, 1, 1, '2014-06-10 09:17:41'),
(213, 20, 33, 1, 4, '2014-06-10 09:17:46'),
(214, 20, 34, 2, 1, '2014-06-10 09:17:52'),
(215, 20, 35, 1, 3, '2014-06-10 09:18:02'),
(216, 20, 36, 1, 0, '2014-06-10 09:18:28'),
(217, 20, 37, 1, 1, '2014-06-10 09:18:31'),
(218, 20, 38, 1, 3, '2014-06-10 09:18:35'),
(219, 20, 39, 1, 1, '2014-06-10 09:18:39'),
(220, 20, 40, 0, 2, '2014-06-10 09:18:46'),
(221, 20, 41, 1, 3, '2014-06-10 09:18:51'),
(222, 20, 42, 2, 0, '2014-06-10 09:18:57'),
(223, 20, 43, 0, 0, '2014-06-10 09:19:02'),
(224, 20, 44, 0, 3, '2014-06-10 09:19:08'),
(225, 20, 45, 0, 2, '2014-06-10 09:19:15'),
(226, 20, 46, 2, 1, '2014-06-10 09:19:25'),
(227, 20, 47, 1, 3, '2014-06-10 09:19:32'),
(228, 20, 48, 0, 2, '2014-06-10 09:19:42'),
(229, 13, 1, 2, 0, '2014-06-10 09:45:03'),
(230, 13, 2, 1, 1, '2014-06-10 09:46:44'),
(231, 13, 3, 3, 1, '2014-06-10 09:47:03'),
(232, 13, 4, 1, 0, '2014-06-10 09:47:17'),
(233, 14, 2, 1, 0, '2014-06-10 11:05:55'),
(234, 14, 3, 2, 1, '2014-06-13 10:12:41'),
(236, 14, 4, 1, 0, '2014-06-10 11:10:18'),
(240, 6, 5, 1, 0, '2014-06-10 11:44:16'),
(241, 6, 6, 2, 0, '2014-06-10 11:44:26'),
(242, 6, 8, 1, 1, '2014-06-10 11:51:24'),
(243, 6, 16, 2, 1, '2014-06-12 17:12:02'),
(244, 6, 20, 1, 3, '2014-06-10 12:00:06'),
(245, 6, 9, 2, 2, '2014-06-10 11:51:52'),
(246, 6, 10, 1, 0, '2014-06-10 11:52:12'),
(247, 6, 11, 2, 0, '2014-06-10 12:23:39'),
(248, 6, 12, 2, 1, '2014-06-10 11:52:48'),
(249, 6, 13, 0, 1, '2014-06-10 11:53:06'),
(250, 6, 14, 2, 2, '2014-06-10 11:53:26'),
(251, 6, 15, 1, 0, '2014-06-10 11:56:53'),
(252, 6, 17, 1, 0, '2014-06-10 11:58:58'),
(253, 6, 18, 1, 3, '2014-06-10 11:59:16'),
(254, 6, 19, 2, 1, '2014-06-10 11:59:32'),
(255, 6, 21, 2, 1, '2014-06-10 12:01:28'),
(256, 6, 22, 1, 3, '2014-06-10 12:02:00'),
(257, 6, 23, 3, 0, '2014-06-10 12:02:17'),
(258, 6, 24, 1, 0, '2014-06-10 12:03:01'),
(259, 6, 25, 2, 2, '2014-06-10 12:21:39'),
(260, 6, 26, 0, 1, '2014-06-10 12:03:39'),
(261, 6, 27, 5, 0, '2014-06-10 12:06:04'),
(262, 6, 28, 4, 0, '2014-06-10 12:05:31'),
(263, 6, 29, 0, 2, '2014-06-21 15:54:36'),
(264, 6, 30, 2, 0, '2014-06-10 12:06:25'),
(265, 6, 31, 1, 0, '2014-06-10 12:06:44'),
(266, 6, 32, 0, 3, '2014-06-10 12:07:00'),
(267, 6, 33, 1, 1, '2014-06-10 12:08:07'),
(268, 6, 34, 2, 0, '2014-06-10 12:08:14'),
(269, 6, 35, 0, 4, '2014-06-10 12:08:21'),
(270, 6, 36, 1, 0, '2014-06-10 12:08:29'),
(271, 6, 37, 1, 1, '2014-06-10 12:09:47'),
(272, 6, 38, 0, 2, '2014-06-10 12:09:59'),
(273, 6, 39, 0, 1, '2014-06-10 12:10:13'),
(274, 6, 40, 0, 3, '2014-06-10 12:10:30'),
(275, 6, 41, 0, 2, '2014-06-25 15:45:34'),
(276, 6, 42, 0, 1, '2014-06-25 15:44:54'),
(277, 6, 43, 1, 2, '2014-06-10 12:11:58'),
(278, 6, 44, 1, 3, '2014-06-25 15:46:00'),
(279, 6, 45, 1, 1, '2014-06-10 12:12:27'),
(280, 6, 46, 2, 1, '2014-06-10 12:13:06'),
(281, 6, 47, 1, 3, '2014-06-10 12:13:13'),
(282, 6, 48, 2, 2, '2014-06-10 12:13:30'),
(283, 13, 5, 2, 0, '2014-06-10 12:19:40'),
(284, 13, 6, 2, 1, '2014-06-10 12:20:03'),
(285, 13, 7, 0, 0, '2014-06-10 12:20:19'),
(291, 16, 1, 2, 0, '2014-06-10 15:43:09'),
(292, 16, 2, 2, 0, '2014-06-10 15:43:32'),
(293, 16, 3, 1, 0, '2014-06-10 15:43:52'),
(294, 16, 4, 2, 0, '2014-06-10 15:44:01'),
(295, 16, 5, 0, 0, '2014-06-10 15:44:18'),
(296, 16, 6, 1, 0, '2014-06-10 15:44:38'),
(300, 16, 7, 0, 1, '2014-06-10 15:44:51'),
(301, 16, 8, 1, 0, '2014-06-10 15:45:01'),
(302, 16, 9, 1, 0, '2014-06-10 15:45:11'),
(303, 16, 10, 2, 0, '2014-06-10 15:45:20'),
(304, 16, 11, 2, 0, '2014-06-15 13:43:36'),
(305, 16, 12, 3, 1, '2014-06-15 13:53:43'),
(306, 16, 13, 0, 2, '2014-06-10 15:45:49'),
(307, 16, 14, 2, 1, '2014-06-15 13:54:25'),
(308, 16, 15, 2, 0, '2014-06-10 15:46:06'),
(309, 16, 16, 2, 1, '2014-06-17 16:07:28'),
(310, 16, 17, 1, 0, '2014-06-10 15:46:31'),
(311, 16, 18, 0, 2, '2014-06-15 13:44:57'),
(312, 16, 19, 1, 2, '2014-06-15 13:45:23'),
(313, 16, 20, 0, 1, '2014-06-10 15:47:00'),
(314, 16, 21, 2, 1, '2014-06-15 14:28:23'),
(315, 16, 22, 1, 2, '2014-06-15 13:46:00'),
(316, 16, 23, 2, 1, '2014-06-15 14:26:49'),
(317, 16, 24, 1, 0, '2014-06-10 15:47:42'),
(318, 16, 25, 0, 1, '2014-06-10 15:47:50'),
(319, 16, 26, 0, 1, '2014-06-10 15:47:58'),
(320, 16, 27, 2, 0, '2014-06-10 15:48:05'),
(321, 16, 28, 2, 0, '2014-06-10 15:48:14'),
(322, 16, 29, 1, 2, '2014-06-21 19:41:33'),
(323, 16, 30, 2, 1, '2014-06-21 19:42:09'),
(324, 16, 31, 1, 1, '2014-06-21 19:42:58'),
(325, 16, 32, 1, 2, '2014-06-21 19:43:53'),
(326, 16, 33, 0, 2, '2014-06-10 15:49:17'),
(327, 16, 34, 2, 1, '2014-06-21 19:45:20'),
(328, 16, 35, 0, 2, '2014-06-21 19:46:09'),
(329, 16, 36, 2, 1, '2014-06-21 19:46:58'),
(330, 16, 37, 2, 1, '2014-06-24 13:06:23'),
(331, 16, 38, 1, 1, '2014-06-24 13:05:54'),
(332, 16, 39, 0, 2, '2014-06-21 19:51:06'),
(333, 16, 40, 0, 1, '2014-06-10 15:51:08'),
(334, 16, 41, 0, 2, '2014-06-10 15:51:15'),
(335, 16, 42, 2, 0, '2014-06-10 15:51:24'),
(336, 16, 43, 0, 2, '2014-06-10 15:51:33'),
(337, 16, 44, 0, 2, '2014-06-10 15:51:40'),
(338, 16, 45, 0, 2, '2014-06-10 15:51:48'),
(339, 16, 46, 2, 0, '2014-06-26 13:45:59'),
(340, 16, 47, 0, 2, '2014-06-26 13:44:25'),
(341, 16, 48, 1, 0, '2014-06-26 13:44:40'),
(342, 13, 8, 2, 2, '2014-06-10 18:07:37'),
(343, 13, 9, 2, 1, '2014-06-10 18:07:58'),
(344, 13, 10, 0, 0, '2014-06-10 18:08:31'),
(345, 13, 11, 3, 2, '2014-06-10 18:08:46'),
(349, 12, 1, 2, 1, '2014-06-10 20:47:10'),
(350, 12, 2, 2, 1, '2014-06-10 20:47:21'),
(351, 12, 3, 2, 0, '2014-06-10 20:47:34'),
(352, 12, 4, 2, 0, '2014-06-10 20:47:42'),
(353, 12, 5, 2, 0, '2014-06-10 20:47:50'),
(354, 12, 6, 3, 0, '2014-06-10 20:48:02'),
(355, 12, 7, 0, 1, '2014-06-10 20:48:15'),
(356, 12, 8, 1, 1, '2014-06-10 20:48:22'),
(357, 12, 9, 0, 1, '2014-06-10 20:48:33'),
(358, 12, 10, 2, 0, '2014-06-10 20:48:41'),
(359, 12, 11, 2, 0, '2014-06-10 20:48:51'),
(360, 12, 12, 2, 1, '2014-06-10 20:49:03'),
(361, 12, 13, 0, 1, '2014-06-10 20:49:13'),
(362, 12, 14, 1, 0, '2014-06-10 20:49:20'),
(363, 12, 15, 2, 0, '2014-06-10 20:49:27'),
(364, 12, 16, 1, 1, '2014-06-10 20:49:35'),
(365, 12, 17, 2, 0, '2014-06-10 20:49:45'),
(366, 12, 18, 0, 2, '2014-06-10 20:50:02'),
(367, 12, 19, 2, 1, '2014-06-10 20:50:13'),
(368, 12, 20, 0, 1, '2014-06-10 20:50:25'),
(369, 12, 21, 2, 2, '2014-06-10 20:50:44'),
(370, 12, 22, 1, 1, '2014-06-10 20:50:54'),
(371, 12, 23, 1, 0, '2014-06-10 20:51:02'),
(372, 12, 24, 1, 1, '2014-06-20 08:15:10'),
(373, 12, 25, 1, 1, '2014-06-20 08:15:49'),
(374, 12, 26, 0, 1, '2014-06-10 20:51:37'),
(375, 12, 27, 3, 0, '2014-06-20 08:16:22'),
(376, 12, 28, 3, 0, '2014-06-20 08:16:53'),
(377, 12, 29, 1, 2, '2014-06-20 08:17:46'),
(378, 12, 30, 1, 1, '2014-06-20 08:18:12'),
(379, 12, 31, 1, 1, '2014-06-20 08:18:42'),
(380, 12, 32, 1, 0, '2014-06-20 08:19:46'),
(381, 12, 33, 0, 2, '2014-06-20 08:20:35'),
(382, 12, 34, 1, 1, '2014-06-20 08:21:14'),
(383, 12, 35, 0, 3, '2014-06-20 08:21:38'),
(384, 12, 36, 1, 1, '2014-06-20 08:21:58'),
(385, 12, 37, 1, 2, '2014-06-10 20:53:26'),
(386, 12, 38, 0, 1, '2014-06-10 20:53:35'),
(387, 12, 39, 1, 2, '2014-06-10 20:53:44'),
(388, 12, 40, 0, 2, '2014-06-10 20:53:52'),
(389, 12, 41, 1, 2, '2014-06-10 20:54:04'),
(390, 12, 42, 1, 0, '2014-06-10 20:54:20'),
(391, 12, 43, 0, 0, '2014-06-10 20:54:37'),
(392, 12, 44, 1, 2, '2014-06-10 20:54:51'),
(393, 12, 45, 0, 2, '2014-06-10 20:55:01'),
(394, 12, 46, 1, 1, '2014-06-10 20:55:06'),
(395, 12, 47, 1, 2, '2014-06-26 19:06:45'),
(396, 12, 48, 2, 1, '2014-06-26 19:07:06'),
(400, 18, 1, 2, 0, '2014-06-11 10:58:05'),
(401, 24, 7, 0, 1, '2014-06-11 15:00:29'),
(402, 13, 12, 3, 1, '2014-06-11 16:36:58'),
(403, 13, 13, 2, 2, '2014-06-11 16:40:26'),
(404, 13, 14, 2, 0, '2014-06-11 16:42:37'),
(405, 24, 1, 3, 1, '2014-06-11 16:47:02'),
(406, 24, 2, 2, 0, '2014-06-11 16:47:09'),
(407, 24, 3, 2, 2, '2014-06-11 16:47:18'),
(408, 24, 4, 4, 0, '2014-06-11 16:47:25'),
(409, 24, 5, 0, 0, '2014-06-11 16:47:39'),
(410, 24, 6, 1, 0, '2014-06-11 16:47:45'),
(411, 24, 8, 2, 0, '2014-06-11 16:47:54'),
(412, 24, 9, 0, 2, '2014-06-11 16:48:03'),
(413, 24, 10, 2, 0, '2014-06-11 16:48:09'),
(414, 24, 11, 4, 0, '2014-06-11 16:48:15'),
(415, 24, 12, 1, 1, '2014-06-11 16:48:21'),
(416, 24, 13, 2, 1, '2014-06-11 16:48:26'),
(417, 24, 14, 2, 2, '2014-06-11 16:48:32'),
(418, 24, 15, 2, 0, '2014-06-11 16:48:43'),
(419, 24, 16, 3, 2, '2014-06-11 16:48:53'),
(420, 24, 17, 1, 0, '2014-06-11 16:49:00'),
(421, 24, 18, 0, 3, '2014-06-11 16:49:07'),
(422, 24, 19, 3, 1, '2014-06-11 16:49:14'),
(423, 24, 20, 1, 1, '2014-06-11 16:49:19'),
(424, 24, 21, 2, 0, '2014-06-11 16:49:25'),
(425, 24, 22, 2, 1, '2014-06-11 16:49:30'),
(426, 24, 23, 0, 0, '2014-06-11 16:49:35'),
(427, 24, 24, 2, 3, '2014-06-11 16:49:41'),
(428, 24, 25, 0, 2, '2014-06-11 16:49:46'),
(429, 24, 26, 2, 2, '2014-06-11 16:49:51'),
(430, 24, 27, 5, 0, '2014-06-11 16:49:56'),
(431, 24, 28, 3, 0, '2014-06-11 16:50:02'),
(432, 24, 29, 2, 1, '2014-06-11 16:50:08'),
(433, 24, 30, 2, 0, '2014-06-11 16:50:15'),
(434, 24, 31, 1, 1, '2014-06-11 16:50:21'),
(435, 24, 32, 0, 2, '2014-06-11 16:50:27'),
(436, 24, 33, 0, 4, '2014-06-11 16:50:33'),
(437, 24, 34, 1, 2, '2014-06-11 16:50:38'),
(438, 24, 35, 1, 3, '2014-06-11 16:50:44'),
(439, 24, 36, 0, 1, '2014-06-11 16:50:49'),
(440, 24, 37, 2, 2, '2014-06-11 16:50:55'),
(441, 24, 38, 1, 2, '2014-06-11 16:51:01'),
(442, 24, 39, 0, 2, '2014-06-11 16:51:07'),
(443, 24, 40, 1, 1, '2014-06-11 16:51:13'),
(444, 24, 41, 0, 2, '2014-06-11 16:51:24'),
(445, 24, 42, 2, 2, '2014-06-11 16:51:30'),
(446, 24, 43, 2, 1, '2014-06-11 16:51:36'),
(447, 24, 44, 1, 1, '2014-06-11 16:51:41'),
(448, 24, 45, 0, 2, '2014-06-11 16:51:47'),
(449, 24, 46, 3, 1, '2014-06-11 16:51:53'),
(450, 24, 47, 1, 2, '2014-06-11 16:51:59'),
(451, 24, 48, 1, 0, '2014-06-11 16:52:06'),
(452, 17, 1, 3, 1, '2014-06-11 17:17:58'),
(453, 17, 2, 1, 2, '2014-06-11 17:18:19'),
(454, 17, 3, 2, 1, '2014-06-11 17:18:39'),
(455, 17, 4, 2, 0, '2014-06-11 17:19:15'),
(456, 17, 5, 2, 0, '2014-06-11 17:19:57'),
(457, 17, 6, 2, 1, '2014-06-11 17:20:11'),
(458, 17, 7, 1, 1, '2014-06-11 17:20:28'),
(459, 17, 8, 1, 2, '2014-06-11 17:20:46'),
(460, 17, 9, 1, 0, '2014-06-11 17:21:14'),
(461, 17, 10, 3, 0, '2014-06-11 17:21:32'),
(462, 17, 11, 3, 1, '2014-06-11 17:21:52'),
(463, 17, 12, 2, 1, '2014-06-11 17:22:19'),
(464, 13, 15, 2, 0, '2014-06-11 17:29:49'),
(465, 13, 16, 4, 1, '2014-06-17 12:05:29'),
(466, 13, 17, 1, 1, '2014-06-17 12:05:42'),
(467, 13, 18, 0, 3, '2014-06-18 12:05:40'),
(468, 13, 19, 2, 0, '2014-06-18 12:06:24'),
(469, 13, 20, 0, 2, '2014-06-18 12:06:32'),
(470, 25, 1, 2, 1, '2014-06-11 18:26:03'),
(471, 25, 2, 1, 1, '2014-06-11 18:26:17'),
(472, 25, 3, 1, 1, '2014-06-11 18:26:26'),
(473, 25, 4, 0, 0, '2014-06-11 18:26:50'),
(474, 25, 5, 1, 0, '2014-06-11 18:27:32'),
(475, 25, 6, 1, 1, '2014-06-11 18:27:48'),
(476, 25, 7, 0, 0, '2014-06-11 18:28:07'),
(477, 25, 8, 1, 0, '2014-06-11 19:50:40'),
(478, 25, 11, 2, 0, '2014-06-11 19:56:02'),
(479, 25, 9, 1, 1, '2014-06-11 19:55:38'),
(480, 25, 10, 2, 1, '2014-06-11 19:55:53'),
(481, 25, 12, 1, 1, '2014-06-11 19:56:53'),
(482, 25, 13, 1, 1, '2014-06-11 19:57:06'),
(483, 25, 14, 1, 0, '2014-06-11 19:57:23'),
(484, 25, 15, 2, 0, '2014-06-11 19:57:36'),
(485, 25, 16, 1, 1, '2014-06-11 19:57:50'),
(486, 25, 17, 1, 1, '2014-06-11 19:58:04'),
(487, 25, 18, 0, 2, '2014-06-11 20:06:41'),
(488, 25, 19, 1, 2, '2014-06-11 20:07:07'),
(489, 8, 1, 2, 0, '2014-06-11 22:01:45'),
(490, 8, 2, 2, 0, '2014-06-11 22:02:48'),
(491, 8, 3, 1, 0, '2014-06-11 22:02:56'),
(492, 8, 4, 1, 0, '2014-06-11 22:03:15'),
(493, 8, 5, 1, 0, '2014-06-11 22:03:31'),
(494, 8, 6, 1, 0, '2014-06-11 22:03:49'),
(495, 8, 7, 0, 1, '2014-06-11 22:04:00'),
(496, 8, 8, 1, 1, '2014-06-11 22:04:17'),
(497, 8, 9, 0, 1, '2014-06-11 22:04:41'),
(498, 8, 10, 2, 0, '2014-06-14 14:26:41'),
(499, 8, 11, 1, 0, '2014-06-11 22:05:01'),
(500, 8, 12, 1, 1, '2014-06-11 22:05:18'),
(501, 8, 13, 1, 1, '2014-06-11 22:05:47'),
(502, 8, 14, 1, 1, '2014-06-11 22:05:57'),
(503, 26, 1, 2, 0, '2014-06-11 22:32:11'),
(504, 26, 2, 1, 0, '2014-06-11 22:32:28'),
(505, 26, 3, 2, 1, '2014-06-11 22:32:49'),
(506, 26, 4, 1, 0, '2014-06-11 22:33:07'),
(507, 26, 5, 1, 0, '2014-06-11 22:33:23'),
(508, 26, 6, 1, 0, '2014-06-11 22:34:00'),
(509, 26, 7, 0, 0, '2014-06-11 22:37:33'),
(510, 26, 8, 2, 0, '2014-06-11 22:34:33'),
(511, 26, 9, 1, 1, '2014-06-11 22:34:47'),
(512, 26, 10, 2, 0, '2014-06-11 22:35:02'),
(513, 26, 11, 2, 1, '2014-06-11 22:35:19'),
(514, 26, 12, 2, 1, '2014-06-11 22:35:44'),
(515, 26, 13, 0, 2, '2014-06-11 22:35:59'),
(516, 26, 14, 1, 1, '2014-06-11 22:36:15'),
(517, 26, 15, 2, 0, '2014-06-11 22:36:40'),
(518, 26, 16, 1, 0, '2014-06-11 22:36:59'),
(519, 26, 17, 2, 1, '2014-06-17 22:00:07'),
(520, 26, 18, 0, 2, '2014-06-11 22:37:55'),
(521, 26, 19, 2, 0, '2014-06-17 22:03:04'),
(522, 26, 20, 0, 1, '2014-06-11 22:39:04'),
(523, 22, 1, 2, 0, '2014-06-12 02:43:42'),
(524, 22, 2, 1, 0, '2014-06-12 02:26:38'),
(525, 22, 3, 2, 1, '2014-06-12 02:26:52'),
(526, 22, 4, 2, 0, '2014-06-12 02:27:27'),
(527, 22, 5, 0, 0, '2014-06-12 02:27:36'),
(528, 22, 6, 2, 0, '2014-06-12 02:27:50'),
(529, 22, 7, 0, 1, '2014-06-12 02:28:21'),
(530, 22, 8, 2, 0, '2014-06-12 02:28:32'),
(531, 22, 9, 2, 1, '2014-06-12 02:28:45'),
(532, 22, 10, 2, 0, '2014-06-12 02:28:59'),
(533, 22, 11, 4, 1, '2014-06-15 22:19:40'),
(534, 22, 12, 2, 1, '2014-06-12 02:29:47'),
(535, 22, 13, 0, 1, '2014-06-12 02:29:57'),
(536, 22, 14, 1, 1, '2014-06-12 02:30:41'),
(537, 22, 15, 2, 0, '2014-06-12 02:30:52'),
(538, 22, 16, 1, 0, '2014-06-12 02:31:01'),
(539, 22, 17, 1, 1, '2014-06-12 02:32:28'),
(540, 22, 18, 0, 2, '2014-06-12 02:32:42'),
(541, 22, 19, 1, 0, '2014-06-12 02:32:59'),
(542, 22, 20, 0, 1, '2014-06-12 02:33:15'),
(543, 22, 21, 2, 0, '2014-06-12 02:33:53'),
(544, 22, 22, 1, 3, '2014-06-19 17:23:01'),
(545, 22, 23, 1, 0, '2014-06-12 02:35:47'),
(546, 22, 24, 2, 0, '2014-06-12 02:35:55'),
(547, 22, 25, 1, 1, '2014-06-12 02:36:03'),
(548, 22, 26, 0, 2, '2014-06-12 02:36:50'),
(549, 22, 27, 4, 0, '2014-06-18 15:09:45'),
(550, 22, 28, 3, 0, '2014-06-12 02:37:15'),
(551, 22, 29, 2, 0, '2014-06-12 02:37:24'),
(552, 22, 30, 2, 1, '2014-06-12 02:37:32'),
(553, 22, 31, 0, 0, '2014-06-12 02:37:41'),
(554, 22, 32, 1, 3, '2014-06-12 02:37:53'),
(555, 22, 33, 0, 3, '2014-06-12 02:38:40'),
(556, 22, 34, 2, 1, '2014-06-12 02:38:51'),
(557, 22, 35, 0, 2, '2014-06-12 02:39:12'),
(558, 22, 36, 1, 1, '2014-06-12 02:40:01'),
(559, 22, 37, 0, 1, '2014-06-12 02:40:18'),
(560, 22, 38, 0, 2, '2014-06-12 02:40:26'),
(561, 22, 39, 0, 2, '2014-06-12 02:40:34'),
(562, 22, 40, 0, 2, '2014-06-12 02:40:48'),
(563, 22, 41, 0, 2, '2014-06-12 02:41:02'),
(564, 22, 42, 1, 1, '2014-06-23 18:06:15'),
(565, 22, 43, 0, 1, '2014-06-12 02:41:44'),
(566, 22, 44, 0, 2, '2014-06-23 18:06:42'),
(567, 22, 45, 0, 2, '2014-06-12 02:42:02'),
(568, 22, 46, 1, 0, '2014-06-12 02:42:21'),
(569, 22, 47, 0, 2, '2014-06-12 02:42:48'),
(570, 22, 48, 0, 1, '2014-06-12 02:43:29'),
(571, 25, 20, 1, 2, '2014-06-12 07:18:28'),
(572, 25, 21, 2, 0, '2014-06-12 07:18:43'),
(573, 25, 22, 1, 1, '2014-06-12 07:18:56'),
(574, 25, 23, 0, 1, '2014-06-12 07:19:11'),
(575, 25, 24, 2, 0, '2014-06-12 07:20:04'),
(576, 25, 25, 1, 1, '2014-06-12 07:20:21'),
(577, 25, 26, 0, 2, '2014-06-12 07:21:25'),
(578, 25, 27, 3, 0, '2014-06-12 07:21:42'),
(579, 25, 28, 2, 1, '2014-06-12 07:22:07'),
(580, 25, 29, 1, 2, '2014-06-12 07:23:49'),
(581, 25, 30, 1, 0, '2014-06-12 07:24:17'),
(582, 25, 31, 0, 2, '2014-06-12 07:26:55'),
(583, 25, 32, 0, 2, '2014-06-12 07:27:26'),
(584, 25, 33, 0, 2, '2014-06-12 07:27:56'),
(585, 25, 34, 1, 1, '2014-06-12 07:28:25'),
(586, 25, 35, 1, 2, '2014-06-12 07:28:56'),
(587, 25, 36, 1, 1, '2014-06-12 07:29:26'),
(588, 25, 37, 1, 2, '2014-06-12 07:30:09'),
(589, 25, 38, 0, 1, '2014-06-12 07:30:30'),
(590, 25, 39, 0, 3, '2014-06-12 07:31:00'),
(591, 25, 40, 2, 1, '2014-06-12 07:31:40'),
(592, 25, 41, 1, 2, '2014-06-12 07:31:59'),
(593, 25, 42, 2, 0, '2014-06-12 07:32:33'),
(594, 25, 43, 0, 0, '2014-06-12 07:32:51'),
(595, 25, 44, 0, 1, '2014-06-12 07:33:08'),
(596, 25, 45, 0, 2, '2014-06-12 07:33:18'),
(597, 25, 46, 2, 0, '2014-06-12 07:56:50'),
(598, 25, 47, 1, 1, '2014-06-12 07:57:17'),
(599, 25, 48, 2, 0, '2014-06-12 07:57:33'),
(600, 23, 1, 2, 1, '2014-06-12 09:21:47'),
(601, 23, 4, 3, 0, '2014-06-12 09:22:14'),
(602, 23, 3, 2, 1, '2014-06-12 09:22:28'),
(603, 23, 2, 2, 2, '2014-06-12 09:23:54'),
(604, 27, 1, 3, 1, '2014-06-12 10:36:31'),
(605, 27, 7, 2, 1, '2014-06-12 17:45:26'),
(606, 27, 8, 2, 0, '2014-06-12 10:39:02'),
(607, 27, 13, 1, 1, '2014-06-12 10:41:11'),
(608, 27, 14, 2, 0, '2014-06-12 10:41:36'),
(609, 27, 15, 2, 0, '2014-06-17 16:28:41'),
(610, 27, 16, 2, 0, '2014-06-12 10:42:31'),
(611, 27, 17, 0, 2, '2014-06-12 10:42:43'),
(612, 27, 18, 0, 2, '2014-06-12 10:43:04'),
(613, 27, 19, 2, 1, '2014-06-17 16:29:59'),
(614, 27, 20, 1, 2, '2014-06-12 10:43:38'),
(615, 27, 21, 1, 0, '2014-06-12 10:43:48'),
(616, 27, 22, 0, 3, '2014-06-19 12:49:54'),
(617, 27, 23, 1, 0, '2014-06-19 12:50:27'),
(618, 27, 24, 2, 0, '2014-06-12 10:44:42'),
(619, 27, 25, 0, 2, '2014-06-12 10:44:57'),
(620, 27, 26, 1, 1, '2014-06-12 10:45:04'),
(621, 27, 27, 3, 0, '2014-06-12 10:45:15'),
(622, 27, 28, 2, 0, '2014-06-12 10:45:31'),
(623, 27, 29, 1, 1, '2014-06-12 10:45:38'),
(624, 27, 30, 2, 0, '2014-06-19 12:51:38'),
(625, 27, 31, 0, 0, '2014-06-12 10:45:57'),
(626, 27, 32, 0, 2, '2014-06-12 10:46:06'),
(627, 27, 33, 0, 3, '2014-06-12 10:47:07'),
(628, 27, 34, 2, 0, '2014-06-12 10:47:31'),
(629, 27, 35, 0, 4, '2014-06-12 10:47:47'),
(630, 27, 36, 2, 2, '2014-06-12 10:48:06'),
(631, 27, 37, 2, 1, '2014-06-12 10:48:25'),
(632, 27, 38, 1, 2, '2014-06-12 10:48:33'),
(633, 27, 39, 0, 1, '2014-06-12 10:48:43'),
(634, 27, 40, 0, 2, '2014-06-24 19:33:08'),
(635, 27, 41, 0, 3, '2014-06-12 10:50:30'),
(636, 27, 42, 2, 0, '2014-06-12 10:50:42'),
(637, 27, 43, 1, 0, '2014-06-12 10:52:11'),
(638, 27, 44, 0, 1, '2014-06-12 10:52:23'),
(639, 27, 45, 0, 2, '2014-06-12 10:52:42'),
(640, 27, 46, 3, 0, '2014-06-12 10:52:49'),
(641, 27, 47, 1, 1, '2014-06-12 10:52:58'),
(642, 27, 48, 0, 1, '2014-06-12 10:53:05'),
(643, 27, 12, 1, 1, '2014-06-12 10:54:00'),
(644, 27, 11, 4, 0, '2014-06-12 10:54:14'),
(645, 27, 10, 2, 0, '2014-06-12 10:54:21'),
(646, 27, 9, 1, 1, '2014-06-12 10:54:28'),
(647, 27, 2, 2, 0, '2014-06-12 10:55:03'),
(648, 27, 3, 2, 1, '2014-06-12 10:55:10'),
(649, 27, 4, 1, 0, '2014-06-12 10:55:25'),
(650, 27, 5, 2, 0, '2014-06-12 10:55:32'),
(651, 27, 6, 2, 0, '2014-06-12 10:55:43'),
(652, 13, 21, 3, 1, '2014-06-12 14:24:44'),
(653, 13, 22, 1, 2, '2014-06-19 10:07:03'),
(654, 13, 23, 2, 0, '2014-06-19 10:12:11'),
(655, 13, 24, 1, 0, '2014-06-12 14:25:43'),
(656, 13, 26, 0, 2, '2014-06-12 14:26:25'),
(657, 13, 27, 4, 0, '2014-06-12 14:26:40'),
(658, 13, 28, 2, 0, '2014-06-12 14:27:06'),
(659, 13, 29, 1, 0, '2014-06-12 14:28:15'),
(660, 13, 30, 1, 1, '2014-06-12 14:28:58'),
(661, 13, 31, 1, 0, '2014-06-12 14:29:11'),
(662, 13, 32, 1, 1, '2014-06-22 04:47:17'),
(663, 21, 1, 2, 0, '2014-06-12 14:57:28'),
(664, 21, 2, 2, 1, '2014-06-13 09:56:58'),
(665, 21, 3, 1, 0, '2014-06-12 14:58:09'),
(666, 21, 4, 2, 1, '2014-06-12 14:58:23'),
(667, 21, 5, 1, 0, '2014-06-12 14:59:14'),
(668, 21, 6, 2, 0, '2014-06-12 14:59:20'),
(672, 15, 2, 1, 0, '2014-06-12 18:00:45'),
(673, 15, 3, 1, 1, '2014-06-12 18:01:00'),
(674, 15, 4, 1, 2, '2014-06-12 18:01:11'),
(675, 15, 5, 1, 0, '2014-06-12 18:01:19'),
(676, 15, 6, 2, 0, '2014-06-12 18:01:36'),
(677, 15, 7, 0, 0, '2014-06-12 18:01:45'),
(678, 15, 8, 2, 1, '2014-06-12 18:02:17'),
(679, 15, 9, 1, 1, '2014-06-12 18:03:28'),
(680, 15, 10, 2, 0, '2014-06-12 18:03:36'),
(681, 15, 11, 3, 0, '2014-06-12 18:03:44'),
(682, 5, 4, 1, 0, '2014-06-12 19:18:25'),
(683, 5, 5, 1, 0, '2014-06-12 19:18:57'),
(684, 5, 6, 1, 0, '2014-06-12 19:19:28'),
(685, 5, 7, 1, 1, '2014-06-12 19:19:57'),
(686, 5, 8, 1, 1, '2014-06-12 19:20:28'),
(687, 5, 9, 1, 1, '2014-06-12 19:20:56'),
(688, 5, 10, 2, 0, '2014-06-12 19:21:24'),
(689, 5, 11, 2, 0, '2014-06-12 19:21:53'),
(690, 5, 12, 1, 1, '2014-06-16 11:22:19'),
(691, 5, 13, 1, 1, '2014-06-12 19:22:56'),
(692, 5, 14, 1, 1, '2014-06-12 19:23:21'),
(693, 5, 15, 2, 0, '2014-06-17 08:48:02'),
(694, 5, 17, 2, 1, '2014-06-17 08:48:10'),
(695, 5, 16, 2, 0, '2014-06-12 19:25:47'),
(696, 5, 18, 0, 2, '2014-06-17 08:48:22'),
(697, 5, 19, 2, 1, '2014-06-18 08:10:44'),
(698, 5, 20, 0, 1, '2014-06-12 19:28:16'),
(699, 29, 1, 2, 0, '2014-06-12 19:43:36'),
(706, 28, 2, 2, 1, '2014-06-12 20:38:30'),
(707, 28, 3, 2, 2, '2014-06-12 20:41:16'),
(708, 28, 4, 2, 0, '2014-06-12 20:42:04'),
(709, 28, 5, 2, 0, '2014-06-12 20:42:50'),
(710, 28, 6, 2, 1, '2014-06-14 19:16:31'),
(711, 28, 7, 2, 1, '2014-06-14 15:21:59'),
(712, 28, 8, 1, 0, '2014-06-14 15:21:37'),
(713, 28, 9, 2, 1, '2014-06-15 14:04:20'),
(714, 28, 10, 2, 0, '2014-06-15 14:02:57'),
(715, 28, 11, 4, 0, '2014-06-15 14:03:06'),
(716, 28, 12, 3, 2, '2014-06-13 14:22:54'),
(717, 28, 13, 1, 1, '2014-06-12 20:50:00'),
(718, 28, 14, 0, 1, '2014-06-12 20:50:58'),
(719, 28, 15, 3, 0, '2014-06-12 20:51:10'),
(720, 28, 16, 3, 1, '2014-06-12 20:51:20'),
(721, 2, 1, 2, 0, '2014-06-12 20:52:57'),
(722, 3, 1, 2, 0, '2014-06-12 20:52:57'),
(723, 19, 1, 2, 0, '2014-06-12 20:52:57'),
(724, 28, 17, 1, 0, '2014-06-12 20:54:34'),
(725, 28, 18, 1, 4, '2014-06-17 16:09:37'),
(726, 28, 19, 2, 1, '2014-06-17 16:09:48'),
(727, 28, 20, 1, 2, '2014-06-17 16:10:27'),
(728, 28, 21, 2, 0, '2014-06-19 12:13:04'),
(729, 28, 22, 1, 2, '2014-06-13 14:23:47'),
(730, 28, 23, 0, 0, '2014-06-12 20:55:36'),
(731, 18, 3, 1, 0, '2014-06-13 07:35:19'),
(732, 18, 2, 1, 0, '2014-06-13 07:34:13'),
(733, 18, 4, 2, 0, '2014-06-13 07:35:27'),
(734, 18, 5, 1, 0, '2014-06-13 07:36:19'),
(735, 18, 6, 2, 0, '2014-06-13 07:37:51'),
(736, 18, 7, 1, 0, '2014-06-13 07:38:02'),
(737, 18, 8, 1, 1, '2014-06-13 07:39:32'),
(738, 18, 9, 1, 1, '2014-06-13 07:40:28'),
(739, 18, 10, 2, 0, '2014-06-13 07:40:38'),
(740, 18, 11, 3, 0, '2014-06-13 07:41:47'),
(741, 7, 7, 1, 0, '2014-06-13 09:49:08'),
(742, 14, 5, 4, 0, '2014-06-13 10:13:21'),
(743, 14, 6, 2, 0, '2014-06-13 10:13:36'),
(744, 14, 7, 0, 2, '2014-06-13 10:13:50'),
(745, 14, 8, 0, 1, '2014-06-13 10:14:11'),
(746, 14, 9, 2, 1, '2014-06-13 10:14:24'),
(747, 14, 10, 3, 1, '2014-06-13 10:14:38'),
(748, 14, 11, 4, 0, '2014-06-13 10:14:55'),
(749, 14, 12, 2, 1, '2014-06-16 11:03:18'),
(750, 14, 13, 0, 2, '2014-06-13 10:15:24'),
(751, 14, 14, 1, 1, '2014-06-16 11:04:14'),
(752, 29, 2, 1, 0, '2014-06-13 11:27:13'),
(753, 29, 3, 2, 1, '2014-06-13 11:28:03'),
(754, 29, 4, 2, 0, '2014-06-13 11:29:17'),
(755, 29, 7, 1, 0, '2014-06-13 11:30:06'),
(756, 28, 24, 2, 0, '2014-06-19 12:12:48'),
(757, 28, 25, 1, 2, '2014-06-13 14:24:16'),
(758, 28, 26, 0, 1, '2014-06-13 14:24:29'),
(759, 28, 27, 3, 0, '2014-06-13 14:24:42'),
(760, 28, 28, 4, 0, '2014-06-21 00:27:02'),
(761, 28, 29, 1, 2, '2014-06-21 00:27:12'),
(762, 28, 30, 2, 1, '2014-06-21 00:29:37'),
(763, 28, 31, 0, 0, '2014-06-22 18:21:46'),
(764, 28, 32, 0, 1, '2014-06-22 18:21:56'),
(765, 28, 33, 1, 3, '2014-06-23 16:10:30'),
(766, 28, 34, 2, 1, '2014-06-23 16:10:50'),
(767, 28, 35, 0, 2, '2014-06-23 09:20:07'),
(768, 28, 36, 1, 1, '2014-06-23 09:20:16'),
(769, 28, 37, 1, 2, '2014-06-13 14:26:35'),
(770, 28, 38, 1, 2, '2014-06-21 00:31:36'),
(771, 28, 39, 0, 3, '2014-06-13 14:26:54'),
(772, 28, 40, 1, 2, '2014-06-21 00:31:55'),
(773, 28, 41, 0, 2, '2014-06-22 09:09:40'),
(774, 28, 42, 2, 0, '2014-06-21 00:32:15'),
(775, 28, 43, 1, 2, '2014-06-25 20:19:16'),
(776, 28, 44, 1, 3, '2014-06-25 20:20:01'),
(777, 28, 45, 0, 3, '2014-06-21 00:32:39'),
(778, 28, 46, 3, 1, '2014-06-13 14:28:08'),
(779, 28, 47, 1, 2, '2014-06-13 14:28:15'),
(780, 28, 48, 1, 0, '2014-06-26 19:08:09'),
(781, 2, 2, 1, 1, '2014-06-13 16:36:14'),
(782, 3, 2, 1, 1, '2014-06-13 16:36:14'),
(783, 19, 2, 1, 0, '2014-06-13 16:36:14'),
(784, 23, 7, 1, 1, '2014-06-13 17:04:25'),
(785, 23, 5, 2, 0, '2014-06-13 17:04:37'),
(786, 23, 8, 2, 1, '2014-06-13 17:04:49'),
(787, 23, 11, 3, 2, '2014-06-13 17:05:01'),
(788, 23, 9, 0, 2, '2014-06-13 17:05:15'),
(789, 23, 6, 2, 0, '2014-06-13 17:44:59'),
(790, 23, 10, 1, 0, '2014-06-13 17:46:43'),
(791, 2, 3, 2, 1, '2014-06-13 19:33:36'),
(792, 3, 3, 2, 1, '2014-06-13 19:33:36'),
(793, 19, 3, 2, 1, '2014-06-13 19:33:36'),
(794, 2, 4, 2, 0, '2014-06-13 22:58:26'),
(795, 3, 4, 2, 0, '2014-06-13 22:58:26'),
(796, 19, 4, 2, 0, '2014-06-13 22:58:26'),
(797, 29, 6, 2, 0, '2014-06-14 01:17:27'),
(798, 29, 5, 2, 1, '2014-06-14 01:17:37'),
(799, 17, 13, 0, 2, '2014-06-14 08:16:57'),
(800, 17, 14, 1, 1, '2014-06-14 08:17:08'),
(801, 17, 15, 3, 1, '2014-06-14 08:17:17'),
(802, 17, 16, 3, 1, '2014-06-16 19:09:19'),
(803, 17, 17, 2, 0, '2014-06-14 08:17:33'),
(804, 17, 18, 1, 3, '2014-06-17 19:02:12'),
(805, 17, 19, 2, 1, '2014-06-14 08:17:50'),
(806, 29, 8, 2, 1, '2014-06-14 11:36:35'),
(807, 29, 9, 2, 0, '2014-06-14 11:36:46'),
(808, 29, 10, 2, 0, '2014-06-14 11:36:53'),
(809, 29, 11, 3, 1, '2014-06-14 11:36:59'),
(810, 29, 12, 2, 0, '2014-06-14 11:37:14'),
(811, 7, 8, 2, 1, '2014-06-14 14:15:00'),
(812, 7, 9, 0, 2, '2014-06-14 14:15:15'),
(813, 7, 10, 4, 0, '2014-06-14 14:15:29'),
(814, 7, 11, 4, 0, '2014-06-14 14:15:38'),
(815, 21, 7, 0, 114, '2014-06-14 22:16:43'),
(816, 8, 15, 2, 0, '2014-06-14 14:29:32'),
(817, 8, 16, 2, 1, '2014-06-14 14:30:22'),
(818, 21, 8, 2, 0, '2014-06-14 14:30:21'),
(819, 21, 9, 2, 1, '2014-06-14 14:30:52'),
(820, 8, 17, 1, 1, '2014-06-14 14:31:18'),
(821, 8, 18, 0, 3, '2014-06-14 14:32:06'),
(822, 8, 19, 1, 0, '2014-06-14 14:32:23'),
(823, 8, 20, 0, 1, '2014-06-14 14:33:07'),
(824, 8, 21, 1, 0, '2014-06-14 14:33:41'),
(825, 8, 22, 1, 1, '2014-06-14 14:34:26'),
(826, 8, 23, 1, 0, '2014-06-14 14:35:18'),
(827, 26, 22, 0, 1, '2014-06-14 14:43:44'),
(828, 26, 21, 1, 1, '2014-06-14 14:43:56'),
(829, 26, 23, 1, 1, '2014-06-14 14:44:13'),
(830, 26, 24, 1, 0, '2014-06-14 14:44:24'),
(831, 26, 25, 1, 2, '2014-06-14 14:44:36'),
(832, 26, 26, 1, 1, '2014-06-14 14:44:45'),
(833, 26, 27, 2, 0, '2014-06-14 14:44:56'),
(834, 26, 28, 2, 0, '2014-06-14 14:45:06'),
(835, 26, 29, 1, 2, '2014-06-20 09:40:31'),
(836, 26, 30, 1, 0, '2014-06-14 14:45:26'),
(837, 26, 31, 1, 1, '2014-06-14 14:45:37'),
(838, 26, 32, 0, 1, '2014-06-14 14:45:47'),
(839, 26, 33, 0, 2, '2014-06-14 14:45:58'),
(840, 21, 10, 3, 0, '2014-06-14 16:15:13'),
(841, 2, 5, 1, 0, '2014-06-14 16:34:44'),
(842, 3, 5, 1, 0, '2014-06-14 16:34:44'),
(843, 19, 5, 1, 0, '2014-06-14 16:34:44'),
(844, 2, 6, 2, 0, '2014-06-14 19:30:04'),
(845, 3, 6, 2, 0, '2014-06-14 19:30:04'),
(846, 19, 6, 2, 0, '2014-06-14 19:30:04'),
(847, 2, 7, 1, 5, '2014-06-14 22:30:05'),
(848, 3, 7, 1, 1, '2014-06-14 22:30:05'),
(849, 19, 7, 0, 1, '2014-06-14 22:30:05'),
(850, 2, 8, 1, 1, '2014-06-15 01:40:33'),
(852, 3, 8, 2, 1, '2014-06-15 01:40:33'),
(854, 19, 8, 1, 0, '2014-06-15 01:40:33'),
(856, 29, 13, 0, 1, '2014-06-15 13:34:16'),
(857, 29, 14, 1, 2, '2014-06-15 13:34:52'),
(858, 29, 15, 2, 0, '2014-06-15 13:35:13'),
(859, 29, 16, 2, 1, '2014-06-15 13:35:26'),
(860, 29, 17, 1, 0, '2014-06-15 13:35:42'),
(861, 29, 18, 1, 4, '2014-06-15 13:36:23'),
(862, 29, 19, 1, 2, '2014-06-15 13:36:51'),
(863, 29, 20, 0, 2, '2014-06-15 13:37:05'),
(864, 29, 21, 2, 1, '2014-06-15 13:37:22'),
(865, 29, 22, 1, 2, '2014-06-15 13:37:29'),
(866, 29, 23, 0, 1, '2014-06-15 13:38:03'),
(867, 29, 24, 2, 1, '2014-06-15 13:38:09'),
(868, 29, 25, 0, 2, '2014-06-15 13:38:16'),
(869, 29, 26, 0, 2, '2014-06-15 13:38:48'),
(870, 29, 27, 3, 0, '2014-06-15 13:38:56'),
(871, 29, 28, 3, 1, '2014-06-15 13:39:01'),
(872, 29, 29, 0, 1, '2014-06-15 13:39:21'),
(873, 29, 30, 2, 0, '2014-06-15 13:39:39'),
(874, 29, 31, 2, 1, '2014-06-15 13:39:56'),
(875, 29, 32, 1, 3, '2014-06-15 13:40:11'),
(876, 29, 33, 1, 3, '2014-06-15 13:40:16'),
(877, 29, 34, 1, 1, '2014-06-22 08:08:35'),
(878, 29, 35, 0, 2, '2014-06-15 13:40:33'),
(879, 29, 36, 1, 2, '2014-06-15 13:41:03'),
(880, 29, 37, 2, 1, '2014-06-22 08:09:09'),
(881, 29, 38, 1, 2, '2014-06-15 13:41:19'),
(882, 29, 39, 0, 2, '2014-06-15 13:41:38'),
(883, 29, 40, 0, 2, '2014-06-15 13:41:54'),
(884, 29, 41, 0, 2, '2014-06-25 13:51:12'),
(885, 29, 42, 2, 0, '2014-06-15 13:42:18'),
(886, 29, 43, 1, 2, '2014-06-15 13:42:43'),
(887, 29, 44, 1, 2, '2014-06-15 13:43:06'),
(888, 29, 45, 0, 1, '2014-06-26 06:58:30'),
(889, 29, 46, 2, 1, '2014-06-26 06:59:57'),
(890, 29, 47, 0, 2, '2014-06-15 13:43:22'),
(891, 29, 48, 1, 2, '2014-06-15 13:43:40'),
(892, 10, 14, 1, 2, '2014-06-15 16:12:23'),
(893, 2, 9, 1, 1, '2014-06-15 16:41:33'),
(894, 3, 9, 1, 1, '2014-06-15 16:41:33'),
(895, 19, 9, 1, 1, '2014-06-15 16:41:33'),
(899, 2, 10, 2, 0, '2014-06-15 19:40:26'),
(900, 3, 10, 2, 0, '2014-06-15 19:40:26'),
(901, 19, 10, 2, 0, '2014-06-15 19:40:26'),
(902, 2, 11, 3, 0, '2014-06-15 22:40:57'),
(903, 3, 11, 3, 0, '2014-06-15 22:40:57'),
(904, 19, 11, 2, 0, '2014-06-15 22:40:57'),
(905, 21, 12, 2, 1, '2014-06-15 23:01:45'),
(906, 21, 13, 0, 2, '2014-06-16 18:53:08'),
(907, 21, 14, 1, 1, '2014-06-15 23:03:30'),
(908, 21, 15, 3, 0, '2014-06-15 23:04:24'),
(909, 21, 16, 3, 1, '2014-06-15 23:04:35'),
(910, 21, 17, 2, 1, '2014-06-15 23:04:45'),
(911, 21, 18, 0, 2, '2014-06-18 08:36:12'),
(912, 21, 19, 2, 1, '2014-06-18 08:36:25'),
(913, 21, 20, 0, 1, '2014-06-18 08:36:46'),
(914, 7, 12, 1, 0, '2014-06-16 08:55:16'),
(915, 7, 13, 0, 1, '2014-06-16 08:55:23'),
(916, 7, 14, 1, 1, '2014-06-16 08:55:33'),
(917, 7, 15, 1, 1, '2014-06-16 08:55:38'),
(918, 7, 16, 2, 1, '2014-06-16 08:55:44'),
(919, 7, 17, 0, 0, '2014-06-16 08:55:55'),
(920, 7, 18, 0, 3, '2014-06-18 00:24:11'),
(921, 18, 12, 2, 1, '2014-06-16 09:16:37'),
(922, 18, 13, 0, 2, '2014-06-16 09:17:13'),
(923, 18, 14, 0, 1, '2014-06-16 09:17:46'),
(924, 18, 15, 2, 0, '2014-06-16 09:18:21'),
(925, 18, 16, 1, 0, '2014-06-16 09:19:08'),
(926, 18, 17, 1, 1, '2014-06-16 09:19:59'),
(927, 15, 12, 2, 0, '2014-06-16 09:43:11'),
(928, 15, 13, 1, 1, '2014-06-16 09:43:19'),
(929, 15, 14, 1, 1, '2014-06-16 09:43:28'),
(930, 15, 15, 2, 1, '2014-06-16 09:43:39'),
(931, 15, 16, 3, 1, '2014-06-16 09:43:48'),
(932, 15, 17, 2, 1, '2014-06-16 22:14:11'),
(933, 15, 18, 0, 3, '2014-06-16 09:44:06'),
(934, 15, 19, 2, 0, '2014-06-16 09:45:52'),
(935, 23, 12, 3, 2, '2014-06-16 10:39:39'),
(936, 23, 13, 1, 1, '2014-06-16 10:39:45'),
(937, 23, 14, 1, 2, '2014-06-16 10:39:51'),
(938, 14, 15, 3, 1, '2014-06-16 11:04:38'),
(939, 14, 16, 2, 0, '2014-06-16 11:05:19'),
(940, 14, 17, 1, 0, '2014-06-16 11:06:28'),
(941, 2, 12, 2, 1, '2014-06-16 16:55:08'),
(942, 3, 12, 2, 1, '2014-06-16 16:55:08'),
(943, 19, 12, 2, 1, '2014-06-16 16:55:08'),
(944, 10, 15, 2, 0, '2014-06-16 21:55:22'),
(945, 10, 16, 3, 0, '2014-06-16 18:16:55'),
(946, 10, 17, 0, 0, '2014-06-16 21:56:12'),
(947, 10, 18, 0, 2, '2014-06-16 21:57:17'),
(948, 10, 19, 2, 1, '2014-06-16 18:17:49'),
(949, 10, 20, 0, 1, '2014-06-18 15:05:02'),
(950, 17, 20, 1, 2, '2014-06-16 19:09:33'),
(951, 2, 13, 1, 1, '2014-06-16 19:38:55'),
(952, 3, 13, 1, 1, '2014-06-16 19:38:55'),
(953, 19, 13, 0, 1, '2014-06-16 19:38:55'),
(954, 2, 14, 1, 1, '2014-06-16 22:30:38'),
(955, 3, 14, 1, 1, '2014-06-16 22:30:38'),
(956, 19, 14, 1, 1, '2014-06-16 22:30:38'),
(957, 14, 18, 0, 3, '2014-06-17 10:14:59'),
(958, 14, 19, 2, 1, '2014-06-17 10:15:05'),
(959, 14, 20, 0, 0, '2014-06-17 10:15:22'),
(960, 23, 15, 2, 1, '2014-06-17 10:58:54'),
(961, 23, 16, 2, 0, '2014-06-17 10:59:30'),
(962, 23, 17, 1, 0, '2014-06-17 10:59:50'),
(963, 13, 25, 0, 2, '2014-06-17 12:04:34'),
(964, 26, 34, 2, 1, '2014-06-22 22:09:55'),
(965, 26, 35, 0, 3, '2014-06-17 12:38:45'),
(966, 26, 36, 1, 1, '2014-06-17 12:38:56'),
(967, 26, 37, 1, 0, '2014-06-23 23:12:54'),
(968, 26, 38, 1, 2, '2014-06-22 22:11:44'),
(969, 26, 39, 0, 2, '2014-06-23 23:13:09'),
(970, 26, 40, 0, 1, '2014-06-17 12:39:27'),
(971, 26, 41, 0, 2, '2014-06-17 12:39:41'),
(972, 26, 42, 1, 0, '2014-06-17 12:39:52'),
(973, 26, 43, 1, 2, '2014-06-17 12:40:04'),
(974, 26, 44, 0, 2, '2014-06-17 12:40:14'),
(975, 26, 45, 0, 2, '2014-06-17 12:40:20'),
(976, 26, 46, 2, 1, '2014-06-25 23:08:49'),
(977, 26, 47, 1, 2, '2014-06-17 12:40:35'),
(978, 26, 48, 1, 1, '2014-06-25 23:02:53'),
(979, 2, 15, 2, 0, '2014-06-17 16:30:01'),
(980, 3, 15, 2, 0, '2014-06-17 16:30:01'),
(981, 19, 15, 2, 0, '2014-06-17 16:30:01'),
(982, 9, 29, 0, 1, '2014-06-17 18:26:08'),
(983, 9, 30, 2, 1, '2014-06-17 18:26:20'),
(984, 9, 31, 1, 1, '2014-06-17 18:26:30'),
(985, 9, 32, 1, 2, '2014-06-17 18:26:41'),
(986, 9, 33, 0, 3, '2014-06-17 18:26:48'),
(987, 9, 34, 3, 1, '2014-06-17 18:26:57'),
(988, 9, 35, 0, 3, '2014-06-17 18:27:07'),
(989, 9, 36, 1, 2, '2014-06-17 18:27:19'),
(990, 9, 37, 2, 1, '2014-06-17 18:27:29'),
(991, 9, 38, 0, 1, '2014-06-17 18:27:38'),
(992, 9, 39, 0, 2, '2014-06-17 18:27:46'),
(993, 9, 40, 0, 1, '2014-06-17 18:27:54'),
(994, 9, 41, 0, 3, '2014-06-17 18:28:01'),
(995, 9, 42, 2, 1, '2014-06-17 18:28:09'),
(996, 9, 43, 0, 2, '2014-06-17 18:28:17'),
(997, 9, 44, 1, 3, '2014-06-17 18:28:26'),
(998, 9, 45, 0, 2, '2014-06-17 18:28:33'),
(999, 9, 46, 2, 1, '2014-06-17 18:28:42'),
(1000, 9, 47, 1, 2, '2014-06-17 18:28:50'),
(1001, 9, 48, 1, 2, '2014-06-17 18:28:58'),
(1002, 2, 16, 2, 1, '2014-06-17 19:38:07'),
(1003, 3, 16, 2, 1, '2014-06-17 19:38:07'),
(1004, 19, 16, 2, 1, '2014-06-17 19:38:07'),
(1005, 4, 18, 0, 2, '2014-06-17 20:03:48'),
(1006, 4, 19, 2, 1, '2014-06-17 20:05:00'),
(1007, 4, 20, 0, 1, '2014-06-17 20:06:06'),
(1008, 4, 21, 1, 1, '2014-06-17 20:08:10'),
(1009, 4, 22, 1, 1, '2014-06-17 20:09:24'),
(1010, 4, 23, 1, 0, '2014-06-17 20:10:30'),
(1011, 2, 17, 1, 0, '2014-06-17 22:36:12'),
(1012, 3, 17, 1, 0, '2014-06-17 22:36:12'),
(1013, 19, 17, 1, 0, '2014-06-17 22:36:12'),
(1014, 7, 19, 2, 1, '2014-06-18 00:24:30'),
(1015, 7, 20, 0, 1, '2014-06-18 00:24:41'),
(1016, 7, 22, 1, 0, '2014-06-18 00:25:06'),
(1017, 7, 23, 1, 0, '2014-06-18 00:25:15'),
(1018, 23, 18, 0, 3, '2014-06-18 10:36:15'),
(1019, 23, 19, 1, 0, '2014-06-18 10:37:04'),
(1020, 23, 20, 0, 2, '2014-06-18 10:37:17'),
(1021, 15, 20, 1, 2, '2014-06-18 10:55:41'),
(1022, 15, 21, 1, 1, '2014-06-18 10:55:49'),
(1023, 15, 22, 0, 2, '2014-06-18 10:55:59'),
(1024, 15, 23, 0, 0, '2014-06-18 10:56:09'),
(1025, 15, 24, 2, 0, '2014-06-18 10:56:27'),
(1026, 15, 25, 1, 2, '2014-06-18 10:56:42'),
(1027, 15, 26, 1, 1, '2014-06-18 10:56:53'),
(1028, 10, 21, 0, 1, '2014-06-18 15:06:05'),
(1029, 10, 22, 0, 2, '2014-06-18 15:06:28'),
(1030, 10, 23, 0, 1, '2014-06-18 15:08:36'),
(1031, 17, 21, 2, 1, '2014-06-18 15:27:38'),
(1032, 17, 22, 1, 2, '2014-06-18 15:27:46'),
(1033, 17, 23, 1, 0, '2014-06-18 15:27:55'),
(1034, 17, 24, 1, 1, '2014-06-18 15:28:11'),
(1035, 17, 25, 1, 1, '2014-06-18 15:28:17'),
(1036, 17, 26, 0, 2, '2014-06-18 15:28:36'),
(1037, 17, 27, 2, 0, '2014-06-20 15:25:45'),
(1038, 17, 28, 3, 0, '2014-06-18 15:29:01'),
(1039, 17, 29, 1, 2, '2014-06-18 15:29:08'),
(1040, 2, 18, 0, 3, '2014-06-18 16:33:44'),
(1041, 3, 18, 0, 3, '2014-06-18 16:33:44'),
(1042, 19, 18, 0, 2, '2014-06-18 16:33:44'),
(1043, 18, 19, 3, 1, '2014-06-18 17:13:47'),
(1044, 18, 20, 1, 1, '2014-06-18 17:13:59'),
(1045, 18, 21, 2, 0, '2014-06-18 17:14:24'),
(1046, 18, 22, 1, 3, '2014-06-18 17:14:39'),
(1047, 18, 23, 2, 1, '2014-06-18 17:14:57'),
(1048, 2, 19, 2, 1, '2014-06-18 20:20:24'),
(1049, 3, 19, 2, 1, '2014-06-18 20:20:24'),
(1050, 19, 19, 2, 1, '2014-06-18 20:20:24'),
(1051, 15, 27, 3, 0, '2014-06-18 21:31:07'),
(1052, 15, 28, 3, 0, '2014-06-18 21:31:18'),
(1053, 15, 29, 1, 2, '2014-06-18 21:31:27'),
(1054, 15, 30, 2, 1, '2014-06-18 21:31:52'),
(1055, 15, 31, 0, 0, '2014-06-18 21:32:03'),
(1056, 15, 32, 1, 1, '2014-06-18 21:32:12'),
(1057, 15, 33, 1, 2, '2014-06-18 21:32:26'),
(1058, 15, 34, 3, 1, '2014-06-18 21:32:36'),
(1059, 15, 35, 1, 2, '2014-06-18 21:32:45'),
(1060, 15, 36, 1, 1, '2014-06-18 21:32:56'),
(1061, 15, 37, 2, 1, '2014-06-18 21:33:05'),
(1062, 15, 38, 0, 2, '2014-06-18 21:33:14'),
(1063, 15, 39, 0, 2, '2014-06-18 21:33:49'),
(1064, 15, 40, 0, 2, '2014-06-24 12:18:09'),
(1065, 15, 41, 0, 3, '2014-06-18 21:34:42'),
(1066, 15, 42, 2, 0, '2014-06-18 21:35:00'),
(1067, 15, 43, 0, 2, '2014-06-18 21:35:25'),
(1068, 15, 44, 1, 2, '2014-06-18 21:35:33'),
(1069, 15, 45, 0, 3, '2014-06-18 21:35:43'),
(1070, 15, 46, 2, 1, '2014-06-18 21:35:52'),
(1071, 15, 47, 0, 2, '2014-06-18 21:36:05'),
(1072, 15, 48, 1, 1, '2014-06-18 21:36:12'),
(1073, 2, 20, 0, 2, '2014-06-18 22:36:54'),
(1074, 3, 20, 0, 2, '2014-06-18 22:36:54'),
(1075, 19, 20, 0, 1, '2014-06-18 22:36:54'),
(1076, 8, 24, 3, 1, '2014-06-18 22:41:24'),
(1077, 8, 25, 1, 3, '2014-06-18 22:42:35'),
(1078, 8, 26, 0, 2, '2014-06-18 22:42:50'),
(1079, 8, 27, 3, 0, '2014-06-18 22:43:01'),
(1080, 8, 28, 3, 0, '2014-06-18 22:43:19'),
(1081, 8, 29, 2, 0, '2014-06-18 22:43:30'),
(1082, 8, 30, 2, 1, '2014-06-18 22:43:39'),
(1083, 8, 31, 2, 1, '2014-06-18 22:43:47'),
(1084, 8, 32, 1, 2, '2014-06-18 22:44:00'),
(1085, 8, 33, 2, 2, '2014-06-18 22:44:15'),
(1086, 8, 34, 3, 1, '2014-06-18 22:44:42'),
(1087, 8, 35, 0, 4, '2014-06-18 22:44:56'),
(1088, 8, 36, 0, 2, '2014-06-18 22:45:05'),
(1089, 4, 24, 1, 0, '2014-06-19 08:54:24'),
(1090, 4, 25, 1, 2, '2014-06-19 08:54:29'),
(1091, 4, 26, 0, 0, '2014-06-19 08:54:35'),
(1092, 4, 27, 2, 0, '2014-06-19 08:54:43'),
(1093, 4, 28, 2, 0, '2014-06-19 08:54:48'),
(1094, 4, 29, 1, 0, '2014-06-19 08:54:57'),
(1095, 4, 30, 1, 1, '2014-06-19 08:55:02'),
(1096, 4, 31, 1, 1, '2014-06-19 08:55:08'),
(1097, 4, 32, 0, 1, '2014-06-19 08:55:17'),
(1098, 4, 33, 0, 2, '2014-06-23 09:03:45'),
(1099, 4, 34, 1, 1, '2014-06-23 09:05:24'),
(1100, 4, 35, 0, 2, '2014-06-19 08:55:36'),
(1101, 4, 36, 1, 1, '2014-06-23 09:06:59'),
(1102, 4, 37, 1, 1, '2014-06-19 08:55:50'),
(1103, 4, 38, 1, 1, '2014-06-24 08:17:24'),
(1104, 4, 39, 1, 1, '2014-06-19 08:56:05'),
(1105, 4, 40, 0, 1, '2014-06-24 08:18:16'),
(1106, 5, 21, 1, 0, '2014-06-19 08:59:02'),
(1107, 5, 22, 1, 2, '2014-06-19 13:01:38'),
(1108, 5, 23, 1, 0, '2014-06-19 09:00:13'),
(1109, 5, 24, 2, 0, '2014-06-19 09:00:41'),
(1110, 5, 25, 0, 1, '2014-06-19 09:01:11'),
(1111, 5, 26, 0, 2, '2014-06-19 09:01:49'),
(1112, 5, 27, 3, 0, '2014-06-19 09:02:20'),
(1113, 5, 28, 2, 0, '2014-06-19 09:03:04'),
(1114, 5, 29, 0, 1, '2014-06-19 09:03:30'),
(1115, 5, 30, 1, 0, '2014-06-19 09:04:05'),
(1116, 5, 31, 1, 0, '2014-06-19 09:04:35'),
(1117, 5, 32, 0, 1, '2014-06-19 09:05:19'),
(1118, 5, 33, 0, 2, '2014-06-19 09:05:41'),
(1119, 5, 34, 2, 1, '2014-06-19 09:06:11'),
(1120, 5, 35, 0, 2, '2014-06-19 09:06:38'),
(1121, 5, 36, 1, 0, '2014-06-19 09:08:02'),
(1122, 5, 37, 1, 0, '2014-06-19 09:08:38'),
(1123, 5, 38, 1, 2, '2014-06-24 11:14:05'),
(1124, 5, 39, 0, 1, '2014-06-19 09:09:56'),
(1125, 5, 40, 0, 1, '2014-06-19 09:10:45'),
(1126, 5, 41, 0, 1, '2014-06-22 16:18:38'),
(1127, 5, 42, 1, 0, '2014-06-19 09:11:38'),
(1128, 5, 43, 0, 2, '2014-06-22 16:19:36'),
(1129, 5, 44, 0, 2, '2014-06-25 12:01:28'),
(1130, 5, 45, 1, 1, '2014-06-26 14:05:07'),
(1131, 5, 46, 2, 1, '2014-06-19 09:13:06'),
(1132, 5, 47, 0, 1, '2014-06-22 16:21:28'),
(1133, 5, 48, 0, 1, '2014-06-19 09:14:06'),
(1134, 5, 49, 2, 0, '2014-06-27 11:13:04'),
(1135, 5, 50, 1, 0, '2014-06-27 11:13:33'),
(1136, 5, 51, 1, 0, '2014-06-19 09:14:26'),
(1137, 5, 52, 1, 0, '2014-06-19 09:14:34'),
(1138, 5, 53, 2, 0, '2014-06-27 11:14:53'),
(1139, 5, 54, 2, 0, '2014-06-27 11:15:18'),
(1140, 5, 55, 2, 0, '2014-06-27 11:15:35'),
(1141, 5, 56, 1, 0, '2014-06-19 09:14:50'),
(1142, 5, 57, 0, 1, '2014-07-02 20:42:55'),
(1143, 5, 58, 1, 0, '2014-06-19 09:16:54'),
(1144, 5, 59, 1, 0, '2014-06-19 09:17:00'),
(1145, 5, 60, 2, 0, '2014-07-02 20:44:14'),
(1146, 5, 61, 1, 0, '2014-07-08 14:07:53'),
(1147, 5, 62, 1, 0, '2014-07-07 06:13:12'),
(1148, 5, 63, 2, 1, '2014-07-11 10:12:09'),
(1149, 5, 64, 1, 0, '2014-07-11 10:12:37'),
(1150, 23, 22, 1, 2, '2014-06-19 10:28:25'),
(1151, 23, 21, 3, 2, '2014-06-19 10:29:38'),
(1152, 23, 23, 1, 0, '2014-06-19 10:30:47'),
(1153, 14, 21, 3, 2, '2014-06-19 11:07:56'),
(1154, 14, 22, 1, 2, '2014-06-19 11:08:14'),
(1155, 14, 23, 2, 1, '2014-06-19 11:08:35'),
(1156, 14, 24, 3, 1, '2014-06-20 09:40:40'),
(1157, 14, 25, 0, 1, '2014-06-20 09:41:01'),
(1158, 14, 26, 0, 1, '2014-06-19 11:09:42'),
(1159, 21, 21, 2, 1, '2014-06-19 13:40:34'),
(1160, 2, 21, 2, 1, '2014-06-19 16:48:42'),
(1161, 3, 21, 2, 1, '2014-06-19 16:48:42'),
(1162, 19, 21, 2, 1, '2014-06-19 16:48:42'),
(1163, 21, 22, 1, 2, '2014-06-19 19:18:18'),
(1164, 21, 23, 1, 0, '2014-06-19 19:18:57'),
(1165, 2, 22, 1, 2, '2014-06-19 19:41:47'),
(1166, 3, 22, 1, 2, '2014-06-19 19:41:47'),
(1167, 19, 22, 1, 2, '2014-06-19 19:41:47'),
(1168, 7, 24, 1, 0, '2014-06-19 21:56:29'),
(1169, 7, 25, 0, 1, '2014-06-19 21:56:42'),
(1170, 7, 26, 1, 3, '2014-06-19 21:57:25'),
(1171, 7, 27, 4, 0, '2014-06-19 21:57:47'),
(1172, 7, 28, 2, 0, '2014-06-19 21:58:00'),
(1173, 7, 29, 0, 0, '2014-06-19 21:58:09'),
(1174, 7, 30, 1, 0, '2014-06-19 21:58:26'),
(1175, 7, 31, 1, 0, '2014-06-19 21:58:40'),
(1176, 7, 32, 1, 2, '2014-06-19 21:58:50'),
(1177, 7, 33, 0, 2, '2014-06-19 21:59:00'),
(1178, 7, 34, 2, 1, '2014-06-19 21:59:21'),
(1179, 7, 35, 16, 24, '2014-06-20 16:20:35'),
(1180, 2, 23, 1, 0, '2014-06-19 22:30:41'),
(1181, 3, 23, 1, 0, '2014-06-19 22:30:41'),
(1182, 19, 23, 1, 0, '2014-06-19 22:30:42'),
(1183, 21, 24, 2, 0, '2014-06-20 07:05:25'),
(1184, 21, 25, 0, 2, '2014-06-20 07:05:41'),
(1185, 21, 26, 1, 3, '2014-06-20 17:55:47'),
(1186, 14, 27, 3, 1, '2014-06-20 09:45:50'),
(1187, 23, 24, 3, 1, '2014-06-20 10:17:44'),
(1188, 23, 25, 1, 2, '2014-06-20 10:18:13'),
(1189, 23, 26, 0, 2, '2014-06-20 10:26:55'),
(1190, 23, 27, 2, 0, '2014-06-20 15:36:39'),
(1191, 23, 28, 3, 1, '2014-06-20 15:37:00'),
(1192, 23, 29, 0, 2, '2014-06-20 15:37:24'),
(1193, 18, 24, 2, 0, '2014-06-20 15:44:02'),
(1194, 18, 25, 0, 1, '2014-06-20 15:44:21'),
(1195, 18, 26, 0, 0, '2014-06-20 15:44:55'),
(1196, 18, 27, 5, 0, '2014-06-20 15:45:54'),
(1197, 18, 28, 2, 0, '2014-06-20 15:46:25'),
(1198, 18, 29, 1, 1, '2014-06-20 15:46:48'),
(1199, 18, 30, 1, 0, '2014-06-20 15:47:12'),
(1200, 18, 31, 2, 1, '2014-06-20 15:47:33'),
(1201, 18, 32, 0, 1, '2014-06-22 18:58:47'),
(1202, 7, 36, 0, 1, '2014-06-20 16:20:42'),
(1203, 7, 37, 0, 0, '2014-06-20 16:20:51'),
(1204, 7, 38, 0, 4, '2014-06-20 16:21:01'),
(1205, 7, 40, 0, 2, '2014-06-20 16:21:58'),
(1206, 7, 41, 0, 1, '2014-06-20 16:22:33'),
(1207, 7, 42, 0, 0, '2014-06-20 16:22:41'),
(1208, 7, 43, 0, 2, '2014-06-20 16:22:53'),
(1209, 7, 44, 1, 2, '2014-06-20 16:23:01'),
(1210, 7, 45, 0, 3, '2014-06-20 16:23:08'),
(1211, 7, 46, 2, 2, '2014-06-20 16:23:15'),
(1212, 7, 47, 1, 1, '2014-06-20 16:23:24'),
(1213, 7, 39, 0, 1, '2014-06-20 16:23:48'),
(1214, 7, 48, 1, 1, '2014-06-20 16:24:17'),
(1215, 2, 24, 2, 0, '2014-06-20 17:00:38'),
(1216, 3, 24, 2, 0, '2014-06-20 17:00:38'),
(1217, 19, 24, 2, 0, '2014-06-20 17:00:38'),
(1218, 21, 27, 3, 0, '2014-06-20 17:57:26'),
(1219, 21, 28, 2, 0, '2014-06-20 17:58:10'),
(1220, 10, 25, 1, 2, '2014-06-20 17:58:10'),
(1221, 10, 26, 0, 1, '2014-06-20 17:58:26'),
(1222, 21, 29, 1, 1, '2014-06-20 17:59:22'),
(1223, 10, 27, 2, 0, '2014-06-20 17:59:39'),
(1224, 10, 28, 2, 0, '2014-06-20 18:00:00'),
(1225, 10, 29, 1, 0, '2014-06-20 18:00:17'),
(1226, 2, 25, 1, 2, '2014-06-20 19:34:34'),
(1227, 3, 25, 1, 2, '2014-06-20 19:34:34'),
(1228, 19, 25, 1, 2, '2014-06-20 19:34:34'),
(1229, 2, 26, 0, 2, '2014-06-20 22:34:29'),
(1230, 3, 26, 0, 2, '2014-06-20 22:34:29'),
(1231, 19, 26, 0, 1, '2014-06-20 22:34:29'),
(1232, 14, 28, 4, 0, '2014-06-21 13:43:58'),
(1233, 14, 29, 0, 1, '2014-06-21 13:44:09'),
(1234, 14, 30, 2, 2, '2014-06-21 13:44:33'),
(1235, 14, 31, 3, 1, '2014-06-21 13:44:47'),
(1236, 14, 32, 0, 2, '2014-06-21 13:44:58'),
(1237, 2, 27, 3, 0, '2014-06-21 16:30:37'),
(1238, 3, 27, 3, 0, '2014-06-21 16:30:37'),
(1239, 19, 27, 3, 0, '2014-06-21 16:30:37'),
(1240, 2, 28, 3, 0, '2014-06-21 19:36:06'),
(1241, 3, 28, 3, 0, '2014-06-21 19:36:06'),
(1242, 19, 28, 2, 0, '2014-06-21 19:36:06');
INSERT INTO `Prediction` (`PredictionID`, `UserID`, `MatchID`, `HomeTeamGoals`, `AwayTeamGoals`, `DateAdded`) VALUES
(1243, 8, 38, 1, 1, '2014-06-21 19:50:44'),
(1244, 8, 37, 2, 1, '2014-06-21 19:51:22'),
(1245, 8, 39, 1, 2, '2014-06-21 19:51:33'),
(1246, 8, 40, 0, 2, '2014-06-21 19:51:42'),
(1247, 8, 41, 2, 2, '2014-06-21 19:52:03'),
(1248, 8, 42, 0, 1, '2014-06-21 19:52:14'),
(1249, 8, 43, 0, 3, '2014-06-21 19:52:27'),
(1250, 8, 44, 0, 3, '2014-06-21 19:52:51'),
(1251, 8, 46, 2, 1, '2014-06-21 19:53:02'),
(1252, 8, 47, 1, 1, '2014-06-21 19:53:15'),
(1253, 8, 48, 0, 1, '2014-06-21 19:53:33'),
(1254, 8, 45, 0, 2, '2014-06-21 19:54:07'),
(1255, 17, 30, 2, 1, '2014-06-21 21:54:40'),
(1256, 17, 31, 1, 1, '2014-06-21 21:54:50'),
(1257, 17, 32, 2, 2, '2014-06-21 21:55:02'),
(1258, 17, 33, 1, 3, '2014-06-21 21:55:14'),
(1259, 17, 34, 2, 1, '2014-06-21 21:55:27'),
(1260, 17, 35, 0, 3, '2014-06-21 21:56:06'),
(1261, 17, 36, 2, 1, '2014-06-21 21:56:00'),
(1262, 17, 37, 1, 2, '2014-06-21 21:56:38'),
(1263, 17, 38, 1, 1, '2014-06-21 21:56:45'),
(1264, 17, 39, 1, 2, '2014-06-21 21:57:06'),
(1265, 17, 40, 0, 1, '2014-06-21 21:57:15'),
(1266, 2, 29, 1, 1, '2014-06-21 22:55:55'),
(1267, 3, 29, 1, 1, '2014-06-21 22:55:55'),
(1268, 19, 29, 1, 2, '2014-06-21 22:55:55'),
(1269, 10, 30, 2, 1, '2014-06-22 09:09:49'),
(1270, 10, 31, 1, 0, '2014-06-22 09:10:13'),
(1271, 10, 32, 1, 3, '2014-06-22 09:10:38'),
(1272, 10, 33, 0, 2, '2014-06-22 09:11:05'),
(1273, 10, 34, 2, 1, '2014-06-22 09:11:22'),
(1274, 10, 35, 0, 3, '2014-06-22 09:11:44'),
(1275, 10, 36, 1, 1, '2014-06-22 09:12:10'),
(1276, 23, 30, 1, 0, '2014-06-22 10:57:28'),
(1277, 23, 31, 2, 1, '2014-06-22 11:00:18'),
(1278, 23, 32, 1, 2, '2014-06-22 11:01:17'),
(1279, 2, 30, 2, 1, '2014-06-22 16:35:14'),
(1280, 3, 30, 2, 1, '2014-06-22 16:35:14'),
(1281, 19, 30, 2, 0, '2014-06-22 16:35:14'),
(1282, 21, 31, 1, 0, '2014-06-22 18:18:45'),
(1283, 21, 32, 1, 2, '2014-06-22 18:18:57'),
(1284, 21, 33, 1, 2, '2014-06-22 18:19:07'),
(1285, 21, 34, 2, 1, '2014-06-22 18:19:14'),
(1286, 21, 35, 0, 2, '2014-06-22 18:19:27'),
(1287, 21, 36, 1, 2, '2014-06-22 18:22:58'),
(1288, 18, 33, 0, 3, '2014-06-22 18:53:31'),
(1289, 18, 34, 2, 1, '2014-06-22 18:53:53'),
(1290, 18, 35, 0, 4, '2014-06-22 18:54:20'),
(1291, 18, 36, 2, 0, '2014-06-22 18:54:39'),
(1292, 18, 37, 1, 2, '2014-06-22 18:55:13'),
(1293, 18, 38, 0, 2, '2014-06-22 18:55:50'),
(1294, 18, 39, 1, 2, '2014-06-22 18:56:12'),
(1295, 18, 40, 0, 2, '2014-06-22 18:56:49'),
(1296, 2, 31, 1, 1, '2014-06-22 19:36:50'),
(1297, 3, 31, 1, 1, '2014-06-22 19:36:50'),
(1298, 19, 31, 1, 1, '2014-06-22 19:36:50'),
(1299, 2, 32, 1, 2, '2014-06-22 22:50:04'),
(1300, 3, 32, 1, 2, '2014-06-22 22:50:04'),
(1301, 19, 32, 1, 2, '2014-06-22 22:50:04'),
(1302, 14, 33, 1, 3, '2014-06-23 09:24:27'),
(1303, 14, 34, 1, 1, '2014-06-23 09:24:34'),
(1304, 14, 35, 0, 2, '2014-06-23 09:24:41'),
(1305, 14, 36, 0, 1, '2014-06-23 09:25:14'),
(1306, 14, 37, 1, 1, '2014-06-23 09:25:24'),
(1307, 14, 39, 0, 2, '2014-06-23 09:25:40'),
(1308, 14, 40, 0, 2, '2014-06-23 09:25:47'),
(1309, 14, 41, 0, 2, '2014-06-23 09:25:56'),
(1310, 14, 42, 2, 1, '2014-06-23 09:26:01'),
(1311, 14, 43, 1, 2, '2014-06-23 09:26:06'),
(1312, 14, 44, 0, 1, '2014-06-23 09:26:12'),
(1313, 14, 45, 0, 1, '2014-06-23 09:26:17'),
(1314, 14, 46, 1, 0, '2014-06-23 09:26:22'),
(1315, 14, 47, 0, 1, '2014-06-23 09:39:54'),
(1316, 14, 48, 1, 2, '2014-06-23 09:40:03'),
(1317, 23, 33, 0, 3, '2014-06-23 11:35:17'),
(1318, 23, 34, 1, 2, '2014-06-23 11:35:40'),
(1319, 23, 35, 0, 2, '2014-06-23 11:36:17'),
(1320, 23, 36, 2, 1, '2014-06-23 11:38:22'),
(1321, 13, 33, 1, 3, '2014-06-23 13:20:13'),
(1322, 13, 34, 2, 1, '2014-06-23 13:22:33'),
(1323, 13, 35, 0, 3, '2014-06-23 13:22:45'),
(1324, 13, 36, 2, 0, '2014-06-23 13:23:55'),
(1325, 2, 33, 0, 3, '2014-06-23 16:53:04'),
(1326, 3, 33, 0, 3, '2014-06-23 16:53:04'),
(1327, 19, 33, 0, 2, '2014-06-23 16:53:04'),
(1328, 2, 34, 2, 1, '2014-06-23 16:53:09'),
(1329, 3, 34, 2, 1, '2014-06-23 16:53:09'),
(1330, 19, 34, 2, 1, '2014-06-23 16:53:09'),
(1331, 2, 35, 1, 4, '2014-06-23 20:40:16'),
(1332, 3, 35, 0, 3, '2014-06-23 20:40:16'),
(1333, 19, 35, 0, 2, '2014-06-23 20:40:16'),
(1334, 2, 36, 1, 1, '2014-06-23 20:40:18'),
(1335, 3, 36, 1, 1, '2014-06-23 20:40:18'),
(1336, 19, 36, 1, 1, '2014-06-23 20:40:18'),
(1337, 26, 49, 2, 1, '2014-06-23 23:13:58'),
(1338, 26, 51, 1, 1, '2014-06-23 23:14:18'),
(1339, 4, 42, 1, 1, '2014-06-24 08:19:43'),
(1340, 4, 43, 0, 1, '2014-06-24 08:20:03'),
(1341, 4, 44, 0, 1, '2014-06-24 08:20:36'),
(1342, 4, 45, 1, 1, '2014-06-24 08:21:10'),
(1343, 4, 46, 2, 1, '2014-06-26 15:57:43'),
(1344, 4, 41, 0, 1, '2014-06-24 08:22:22'),
(1345, 4, 47, 0, 1, '2014-06-24 08:22:53'),
(1346, 4, 48, 1, 1, '2014-06-24 08:23:06'),
(1347, 4, 49, 1, 0, '2014-06-24 08:23:30'),
(1348, 4, 51, 1, 1, '2014-06-24 08:23:56'),
(1349, 10, 37, 2, 1, '2014-06-24 09:43:49'),
(1350, 10, 38, 0, 2, '2014-06-24 09:44:02'),
(1351, 10, 39, 0, 2, '2014-06-24 09:44:22'),
(1352, 10, 40, 0, 2, '2014-06-24 09:44:33'),
(1353, 10, 41, 1, 3, '2014-06-24 09:44:48'),
(1354, 10, 42, 2, 1, '2014-06-24 09:44:59'),
(1355, 10, 43, 0, 2, '2014-06-24 09:45:11'),
(1356, 10, 44, 1, 2, '2014-06-24 09:45:24'),
(1357, 10, 45, 0, 2, '2014-06-24 09:45:37'),
(1358, 10, 46, 3, 1, '2014-06-24 09:45:48'),
(1359, 10, 47, 0, 1, '2014-06-24 09:45:59'),
(1360, 23, 37, 1, 1, '2014-06-24 13:11:21'),
(1361, 23, 38, 2, 2, '2014-06-24 12:10:26'),
(1362, 14, 38, 2, 0, '2014-06-24 11:21:20'),
(1363, 23, 39, 0, 2, '2014-06-24 12:08:27'),
(1364, 23, 40, 1, 3, '2014-06-24 12:08:38'),
(1365, 13, 37, 2, 1, '2014-06-24 12:50:49'),
(1366, 13, 38, 1, 2, '2014-06-24 15:07:02'),
(1367, 13, 39, 0, 2, '2014-06-24 15:06:41'),
(1368, 13, 40, 0, 3, '2014-06-24 15:06:52'),
(1369, 27, 51, 3, 1, '2014-06-24 15:36:07'),
(1370, 27, 49, 2, 0, '2014-06-24 15:36:27'),
(1371, 2, 37, 1, 1, '2014-06-24 16:31:07'),
(1372, 3, 37, 1, 1, '2014-06-24 16:31:07'),
(1373, 19, 37, 1, 1, '2014-06-24 16:31:07'),
(1374, 2, 38, 1, 2, '2014-06-24 16:31:13'),
(1375, 3, 38, 1, 2, '2014-06-24 16:31:13'),
(1376, 19, 38, 1, 2, '2014-06-24 16:31:13'),
(1377, 21, 39, 1, 3, '2014-06-24 17:37:43'),
(1378, 21, 40, 0, 2, '2014-06-24 17:39:08'),
(1379, 21, 41, 1, 3, '2014-06-24 17:39:26'),
(1380, 21, 42, 2, 0, '2014-06-24 17:40:27'),
(1381, 21, 43, 1, 3, '2014-06-24 17:40:38'),
(1382, 21, 44, 0, 3, '2014-06-24 17:40:47'),
(1383, 21, 45, 1, 3, '2014-06-24 17:41:04'),
(1384, 21, 46, 2, 2, '2014-06-24 17:41:39'),
(1385, 21, 47, 0, 2, '2014-06-24 17:41:54'),
(1386, 21, 48, 0, 1, '2014-06-24 17:42:13'),
(1387, 2, 39, 0, 2, '2014-06-24 20:47:08'),
(1388, 3, 39, 0, 2, '2014-06-24 20:47:08'),
(1389, 19, 39, 0, 2, '2014-06-24 20:47:08'),
(1390, 2, 40, 0, 2, '2014-06-24 20:47:10'),
(1391, 3, 40, 0, 2, '2014-06-24 20:47:10'),
(1392, 19, 40, 0, 2, '2014-06-24 20:47:10'),
(1393, 22, 49, 2, 1, '2014-06-24 21:53:06'),
(1394, 22, 51, 2, 0, '2014-06-24 21:54:05'),
(1395, 17, 41, 1, 2, '2014-06-24 22:59:22'),
(1396, 17, 42, 1, 0, '2014-06-24 22:59:29'),
(1397, 17, 43, 1, 3, '2014-06-24 23:01:24'),
(1398, 17, 44, 1, 3, '2014-06-24 23:01:54'),
(1399, 17, 45, 1, 2, '2014-06-25 23:13:50'),
(1400, 17, 46, 2, 2, '2014-06-24 23:02:45'),
(1401, 17, 47, 1, 2, '2014-06-24 23:09:37'),
(1402, 17, 48, 1, 1, '2014-06-25 23:14:33'),
(1403, 10, 48, 2, 1, '2014-06-25 09:03:18'),
(1404, 13, 41, 0, 2, '2014-06-25 13:32:57'),
(1405, 13, 42, 1, 1, '2014-06-25 13:34:29'),
(1406, 13, 43, 0, 2, '2014-06-25 13:36:12'),
(1407, 13, 44, 1, 1, '2014-06-25 13:36:40'),
(1408, 23, 41, 0, 2, '2014-06-25 13:37:20'),
(1409, 13, 45, 1, 1, '2014-06-25 13:37:57'),
(1410, 23, 42, 0, 0, '2014-06-25 13:37:58'),
(1411, 23, 43, 0, 1, '2014-06-25 13:38:16'),
(1412, 23, 44, 0, 2, '2014-06-25 13:38:31'),
(1413, 13, 46, 1, 2, '2014-06-25 13:39:58'),
(1414, 13, 47, 0, 2, '2014-06-25 13:41:37'),
(1415, 13, 48, 1, 0, '2014-06-25 13:41:54'),
(1416, 2, 41, 0, 2, '2014-06-25 16:30:01'),
(1417, 3, 41, 0, 2, '2014-06-25 16:30:01'),
(1418, 19, 41, 0, 2, '2014-06-25 16:30:01'),
(1419, 2, 42, 1, 0, '2014-06-25 16:30:03'),
(1420, 3, 42, 2, 0, '2014-06-25 16:30:03'),
(1421, 19, 42, 2, 0, '2014-06-25 16:30:03'),
(1422, 14, 49, 2, 0, '2014-06-25 16:52:01'),
(1423, 14, 50, 2, 0, '2014-06-25 16:52:09'),
(1424, 14, 51, 3, 0, '2014-06-25 16:52:15'),
(1425, 14, 52, 3, 0, '2014-06-25 16:52:23'),
(1426, 2, 43, 0, 2, '2014-06-25 20:32:11'),
(1427, 3, 43, 0, 2, '2014-06-25 20:32:11'),
(1428, 19, 43, 0, 2, '2014-06-25 20:32:11'),
(1429, 2, 44, 0, 2, '2014-06-25 20:32:13'),
(1430, 3, 44, 1, 2, '2014-06-25 20:32:13'),
(1431, 19, 44, 0, 2, '2014-06-25 20:32:13'),
(1432, 4, 50, 1, 1, '2014-06-25 22:31:35'),
(1433, 4, 52, 1, 1, '2014-06-25 22:32:13'),
(1434, 26, 50, 2, 1, '2014-06-25 23:03:15'),
(1435, 26, 52, 1, 1, '2014-06-25 23:03:49'),
(1436, 26, 53, 1, 0, '2014-06-25 23:04:10'),
(1437, 26, 55, 2, 1, '2014-06-25 23:04:39'),
(1438, 23, 45, 2, 3, '2014-06-26 10:27:08'),
(1439, 23, 46, 2, 0, '2014-06-26 10:27:15'),
(1440, 23, 47, 1, 2, '2014-06-26 10:27:21'),
(1441, 23, 48, 0, 0, '2014-06-26 10:27:56'),
(1442, 14, 53, 2, 0, '2014-06-26 13:17:39'),
(1443, 2, 45, 0, 2, '2014-06-26 16:35:39'),
(1444, 3, 45, 0, 2, '2014-06-26 16:35:39'),
(1445, 19, 45, 0, 2, '2014-06-26 16:35:39'),
(1446, 2, 46, 2, 1, '2014-06-26 16:35:45'),
(1447, 3, 46, 2, 1, '2014-06-26 16:35:45'),
(1448, 19, 46, 2, 1, '2014-06-26 16:35:45'),
(1449, 11, 49, 3, 1, '2014-06-26 16:50:58'),
(1450, 11, 50, 2, 0, '2014-06-26 16:51:07'),
(1451, 11, 51, 3, 1, '2014-06-26 16:51:18'),
(1452, 11, 52, 1, 0, '2014-06-26 16:51:34'),
(1453, 11, 53, 2, 1, '2014-06-26 16:52:19'),
(1454, 11, 55, 3, 2, '2014-06-26 16:52:39'),
(1455, 11, 54, 3, 0, '2014-06-26 16:53:11'),
(1456, 11, 56, 2, 2, '2014-06-26 16:53:23'),
(1457, 28, 49, 3, 2, '2014-06-28 14:06:20'),
(1458, 28, 50, 2, 0, '2014-06-28 14:06:34'),
(1459, 28, 51, 3, 1, '2014-06-26 19:05:38'),
(1460, 28, 52, 2, 0, '2014-06-26 19:05:44'),
(1461, 28, 53, 2, 1, '2014-06-26 19:05:53'),
(1462, 12, 49, 2, 1, '2014-06-26 19:17:16'),
(1463, 12, 50, 2, 0, '2014-06-26 19:17:28'),
(1464, 12, 51, 1, 2, '2014-06-26 19:17:54'),
(1465, 12, 52, 2, 0, '2014-06-26 19:19:09'),
(1466, 12, 53, 2, 0, '2014-06-26 19:19:18'),
(1467, 25, 49, 3, 1, '2014-06-27 06:06:05'),
(1468, 25, 50, 2, 1, '2014-06-26 20:22:09'),
(1469, 25, 51, 2, 2, '2014-06-26 20:22:34'),
(1470, 25, 52, 1, 0, '2014-06-26 20:22:46'),
(1471, 25, 53, 2, 1, '2014-06-26 20:23:01'),
(1472, 25, 54, 2, 1, '2014-06-26 20:23:12'),
(1473, 25, 55, 2, 1, '2014-06-26 20:23:26'),
(1474, 25, 56, 1, 2, '2014-06-26 20:23:37'),
(1475, 2, 47, 1, 2, '2014-06-26 20:48:33'),
(1476, 3, 47, 1, 2, '2014-06-26 20:48:33'),
(1477, 19, 47, 1, 2, '2014-06-26 20:48:33'),
(1478, 2, 48, 1, 1, '2014-06-26 20:48:35'),
(1479, 3, 48, 1, 1, '2014-06-26 20:48:35'),
(1480, 19, 48, 1, 1, '2014-06-26 20:48:35'),
(1481, 21, 49, 2, 1, '2014-06-26 21:01:07'),
(1482, 21, 50, 2, 1, '2014-06-26 21:03:18'),
(1483, 21, 51, 1, 0, '2014-06-26 21:04:09'),
(1484, 21, 52, 1, 0, '2014-06-26 21:04:56'),
(1485, 21, 53, 2, 0, '2014-06-26 21:08:25'),
(1486, 7, 49, 2, 0, '2014-06-26 22:34:01'),
(1487, 7, 50, 1, 0, '2014-06-26 22:34:13'),
(1488, 7, 51, 1, 0, '2014-06-26 22:34:23'),
(1489, 7, 52, 1, 1, '2014-06-26 22:34:44'),
(1490, 7, 53, 2, 1, '2014-06-26 22:34:58'),
(1491, 7, 54, 2, 2, '2014-06-26 22:35:11'),
(1492, 7, 55, 3, 0, '2014-06-26 22:35:26'),
(1493, 8, 49, 2, 1, '2014-06-26 22:43:27'),
(1494, 8, 50, 1, 1, '2014-06-26 22:43:54'),
(1495, 8, 51, 2, 0, '2014-06-26 22:44:05'),
(1496, 8, 52, 1, 0, '2014-06-26 22:44:41'),
(1497, 8, 53, 2, 0, '2014-06-26 22:44:52'),
(1498, 8, 55, 1, 2, '2014-06-26 22:45:02'),
(1499, 22, 50, 0, 1, '2014-06-27 00:11:21'),
(1500, 22, 52, 1, 0, '2014-06-27 00:12:13'),
(1501, 22, 53, 2, 0, '2014-06-27 00:12:48'),
(1502, 22, 55, 2, 1, '2014-06-27 00:13:24'),
(1503, 22, 54, 2, 0, '2014-06-27 00:14:29'),
(1504, 22, 56, 1, 1, '2014-06-27 00:15:25'),
(1505, 27, 50, 2, 0, '2014-06-27 00:32:07'),
(1506, 27, 52, 1, 0, '2014-06-27 00:32:55'),
(1507, 27, 53, 2, 1, '2014-06-27 00:33:51'),
(1508, 27, 55, 2, 0, '2014-06-27 00:34:11'),
(1509, 27, 54, 2, 1, '2014-06-27 00:35:01'),
(1510, 27, 56, 2, 1, '2014-06-27 00:35:21'),
(1511, 25, 57, 2, 1, '2014-06-27 06:04:54'),
(1512, 25, 58, 2, 1, '2014-06-27 06:05:03'),
(1513, 25, 59, 2, 1, '2014-06-27 06:05:12'),
(1514, 25, 60, 2, 1, '2014-06-27 06:05:21'),
(1515, 25, 61, 1, 1, '2014-07-02 09:59:18'),
(1516, 25, 63, 2, 1, '2014-06-27 06:05:45'),
(1517, 25, 64, 2, 0, '2014-07-02 09:59:43'),
(1518, 25, 62, 2, 2, '2014-06-27 06:06:52'),
(1519, 1, 50, 2, 0, '2014-06-27 07:45:54'),
(1520, 1, 49, 3, 1, '2014-06-27 07:46:10'),
(1521, 1, 51, 2, 1, '2014-06-27 07:47:16'),
(1522, 1, 52, 1, 0, '2014-06-27 07:47:32'),
(1523, 1, 53, 4, 1, '2014-06-27 07:47:42'),
(1524, 1, 54, 3, 1, '2014-06-27 07:47:57'),
(1525, 1, 55, 1, 1, '2014-07-01 05:10:30'),
(1526, 1, 56, 2, 1, '2014-06-27 07:49:17'),
(1527, 24, 49, 3, 2, '2014-06-27 09:26:31'),
(1528, 24, 50, 2, 0, '2014-06-27 09:26:41'),
(1529, 24, 51, 3, 1, '2014-06-27 09:26:51'),
(1530, 24, 52, 2, 1, '2014-06-27 09:27:08'),
(1531, 24, 53, 2, 1, '2014-06-27 09:27:15'),
(1532, 24, 54, 3, 0, '2014-06-27 09:27:23'),
(1533, 24, 55, 3, 1, '2014-06-27 09:27:29'),
(1534, 24, 56, 2, 2, '2014-06-27 09:27:34'),
(1535, 15, 49, 2, 1, '2014-06-27 10:56:22'),
(1536, 18, 49, 2, 1, '2014-06-27 11:07:42'),
(1537, 18, 50, 3, 0, '2014-06-27 11:03:46'),
(1538, 18, 51, 0, 1, '2014-06-27 11:04:09'),
(1539, 18, 52, 0, 1, '2014-06-27 11:04:37'),
(1540, 18, 53, 1, 1, '2014-06-27 11:06:07'),
(1541, 18, 54, 3, 0, '2014-06-27 11:06:20'),
(1542, 18, 55, 0, 1, '2014-06-27 11:06:32'),
(1543, 18, 56, 0, 1, '2014-06-27 11:06:50'),
(1544, 26, 54, 1, 0, '2014-06-27 13:57:43'),
(1545, 26, 56, 1, 0, '2014-06-27 13:57:54'),
(1546, 9, 49, 2, 1, '2014-06-27 15:16:41'),
(1547, 9, 50, 2, 1, '2014-06-27 15:16:50'),
(1548, 9, 51, 2, 0, '2014-06-27 15:16:57'),
(1549, 9, 52, 1, 0, '2014-06-27 15:17:08'),
(1550, 9, 53, 3, 0, '2014-06-27 15:17:16'),
(1551, 9, 54, 2, 0, '2014-06-27 15:17:23'),
(1552, 9, 55, 2, 1, '2014-06-27 15:17:29'),
(1553, 9, 56, 1, 0, '2014-06-27 15:17:49'),
(1554, 10, 49, 2, 1, '2014-06-27 17:05:09'),
(1555, 10, 50, 0, 1, '2014-06-27 17:05:25'),
(1556, 10, 51, 2, 1, '2014-06-27 17:05:36'),
(1557, 10, 52, 2, 0, '2014-06-27 17:05:45'),
(1558, 10, 53, 2, 1, '2014-06-27 17:05:58'),
(1559, 10, 54, 2, 0, '2014-06-27 17:06:13'),
(1560, 10, 55, 3, 1, '2014-06-27 17:06:26'),
(1561, 10, 56, 2, 0, '2014-06-27 17:06:42'),
(1562, 16, 49, 2, 0, '2014-06-27 21:17:01'),
(1563, 16, 50, 1, 0, '2014-06-27 21:11:47'),
(1564, 16, 51, 2, 1, '2014-06-27 21:12:06'),
(1565, 16, 52, 1, 1, '2014-06-29 15:45:58'),
(1566, 16, 53, 2, 0, '2014-06-29 22:28:43'),
(1567, 16, 54, 2, 0, '2014-06-29 22:29:32'),
(1568, 16, 55, 2, 1, '2014-06-27 21:13:43'),
(1569, 16, 56, 2, 1, '2014-06-29 22:31:20'),
(1570, 16, 57, 2, 1, '2014-07-02 11:42:13'),
(1571, 16, 58, 2, 1, '2014-06-29 22:30:54'),
(1572, 16, 59, 2, 1, '2014-06-29 22:30:29'),
(1573, 16, 60, 2, 0, '2014-07-02 11:43:50'),
(1574, 16, 61, 1, 0, '2014-07-06 14:08:22'),
(1575, 16, 62, 2, 1, '2014-07-09 09:01:42'),
(1576, 16, 63, 0, 2, '2014-07-11 22:32:33'),
(1577, 16, 64, 2, 0, '2014-07-11 22:33:14'),
(1578, 8, 54, 3, 0, '2014-06-27 23:08:46'),
(1579, 8, 56, 1, 1, '2014-06-27 23:09:08'),
(1580, 13, 49, 2, 1, '2014-06-28 07:49:38'),
(1581, 13, 50, 3, 0, '2014-06-28 07:50:26'),
(1582, 29, 49, 2, 1, '2014-06-28 10:09:47'),
(1583, 29, 50, 2, 1, '2014-06-28 10:09:58'),
(1584, 23, 50, 2, 0, '2014-06-28 10:25:54'),
(1585, 23, 49, 2, 1, '2014-06-28 10:26:28'),
(1586, 20, 49, 2, 1, '2014-06-28 13:20:45'),
(1587, 20, 50, 1, 0, '2014-06-28 13:21:21'),
(1588, 20, 51, 3, 1, '2014-06-29 14:40:30'),
(1589, 20, 52, 2, 0, '2014-06-29 14:40:47'),
(1590, 20, 53, 3, 1, '2014-06-28 13:21:59'),
(1591, 20, 54, 4, 0, '2014-06-28 13:22:09'),
(1592, 20, 55, 2, 1, '2014-06-28 13:22:18'),
(1593, 20, 56, 1, 1, '2014-06-28 13:22:28'),
(1594, 6, 49, 3, 1, '2014-06-28 13:55:58'),
(1595, 6, 50, 2, 0, '2014-06-28 13:56:22'),
(1596, 6, 51, 2, 0, '2014-06-28 13:56:43'),
(1597, 6, 52, 1, 0, '2014-06-28 13:56:57'),
(1598, 6, 53, 4, 0, '2014-06-28 13:57:18'),
(1599, 6, 54, 4, 0, '2014-06-28 13:57:34'),
(1600, 6, 55, 3, 0, '2014-06-28 13:57:50'),
(1601, 6, 56, 2, 1, '2014-07-01 20:12:58'),
(1602, 17, 49, 3, 1, '2014-06-28 14:04:59'),
(1603, 17, 50, 3, 1, '2014-06-28 14:05:11'),
(1604, 15, 51, 2, 1, '2014-06-28 15:34:11'),
(1605, 15, 50, 2, 1, '2014-06-28 15:34:23'),
(1606, 15, 52, 2, 0, '2014-06-28 15:34:37'),
(1607, 15, 53, 2, 1, '2014-06-28 15:34:51'),
(1608, 15, 54, 2, 0, '2014-06-28 15:35:01'),
(1609, 15, 55, 2, 0, '2014-06-28 15:35:15'),
(1610, 15, 56, 1, 1, '2014-06-28 15:35:24'),
(1611, 2, 49, 2, 1, '2014-06-28 16:36:45'),
(1612, 3, 49, 2, 1, '2014-06-28 16:36:45'),
(1613, 19, 49, 2, 1, '2014-06-28 16:36:45'),
(1617, 2, 50, 2, 0, '2014-06-28 20:30:34'),
(1618, 3, 50, 2, 0, '2014-06-28 20:30:34'),
(1619, 19, 50, 2, 0, '2014-06-28 20:30:34'),
(1620, 15, 58, 0, 1, '2014-06-28 23:00:57'),
(1621, 23, 51, 2, 1, '2014-06-29 09:27:22'),
(1622, 23, 52, 2, 0, '2014-06-29 13:12:11'),
(1623, 13, 51, 2, 1, '2014-06-29 16:12:36'),
(1624, 13, 52, 1, 0, '2014-06-29 16:13:15'),
(1625, 2, 51, 2, 1, '2014-06-29 16:37:06'),
(1626, 3, 51, 2, 1, '2014-06-29 16:37:06'),
(1627, 19, 51, 2, 1, '2014-06-29 16:37:06'),
(1628, 6, 58, 3, 1, '2014-07-01 20:13:44'),
(1629, 17, 52, 1, 1, '2014-06-29 16:46:47'),
(1630, 17, 53, 3, 1, '2014-06-29 16:47:02'),
(1631, 17, 54, 3, 0, '2014-06-29 16:47:20'),
(1632, 29, 51, 2, 0, '2014-06-29 14:00:00'),
(1633, 29, 52, 1, 0, '2014-06-29 14:00:00'),
(1634, 2, 52, 1, 0, '2014-06-29 20:33:41'),
(1635, 3, 52, 1, 0, '2014-06-29 20:33:41'),
(1636, 19, 52, 1, 0, '2014-06-29 20:33:41'),
(1637, 4, 53, 1, 0, '2014-06-29 21:35:17'),
(1638, 4, 54, 2, 0, '2014-06-29 21:35:53'),
(1639, 4, 55, 1, 0, '2014-07-01 08:58:37'),
(1640, 4, 56, 1, 0, '2014-06-29 21:36:41'),
(1641, 4, 58, 1, 0, '2014-06-29 21:37:15'),
(1642, 26, 58, 2, 1, '2014-06-30 00:25:21'),
(1643, 1, 58, 1, 2, '2014-06-30 08:11:02'),
(1644, 1, 60, 2, 0, '2014-06-30 08:11:17'),
(1645, 13, 53, 2, 0, '2014-06-30 10:38:40'),
(1646, 13, 54, 2, 0, '2014-06-30 10:39:09'),
(1647, 13, 55, 2, 1, '2014-06-30 10:40:36'),
(1648, 13, 56, 1, 1, '2014-06-30 10:40:47'),
(1649, 23, 53, 2, 1, '2014-06-30 11:54:31'),
(1650, 23, 54, 2, 0, '2014-06-30 11:56:59'),
(1651, 17, 55, 2, 1, '2014-06-30 12:35:43'),
(1652, 17, 56, 2, 1, '2014-06-30 12:36:00'),
(1653, 14, 54, 3, 0, '2014-06-30 15:44:41'),
(1654, 14, 55, 2, 0, '2014-06-30 15:45:05'),
(1655, 29, 53, 2, 0, '2014-06-30 15:59:43'),
(1656, 29, 54, 2, 0, '2014-06-30 16:00:00'),
(1657, 2, 53, 2, 1, '2014-06-30 16:46:53'),
(1658, 3, 53, 2, 1, '2014-06-30 16:46:53'),
(1659, 19, 53, 2, 0, '2014-06-30 16:46:53'),
(1660, 14, 56, 1, 2, '2014-07-01 09:16:57'),
(1661, 28, 54, 3, 0, '2014-06-30 20:26:30'),
(1662, 28, 55, 2, 0, '2014-06-30 20:27:05'),
(1663, 28, 56, 1, 1, '2014-06-30 20:27:12'),
(1664, 28, 58, 2, 1, '2014-07-04 17:20:54'),
(1665, 28, 60, 2, 0, '2014-06-30 20:27:46'),
(1666, 2, 54, 2, 0, '2014-06-30 20:34:11'),
(1667, 3, 54, 2, 0, '2014-06-30 20:34:11'),
(1668, 19, 54, 2, 0, '2014-06-30 20:34:11'),
(1669, 12, 60, 0, 1, '2014-06-30 21:21:41'),
(1670, 12, 58, 1, 2, '2014-06-30 21:22:02'),
(1671, 12, 56, 0, 1, '2014-06-30 21:22:59'),
(1672, 12, 55, 2, 1, '2014-06-30 21:23:20'),
(1673, 12, 57, 0, 0, '2014-06-30 21:24:12'),
(1674, 12, 59, 1, 0, '2014-06-30 21:24:28'),
(1675, 12, 61, 1, 1, '2014-06-30 21:24:42'),
(1676, 12, 62, 1, 2, '2014-06-30 21:24:49'),
(1677, 12, 63, 1, 2, '2014-06-30 21:24:55'),
(1678, 12, 64, 1, 2, '2014-06-30 21:25:17'),
(1679, 22, 58, 1, 2, '2014-06-30 23:49:55'),
(1680, 22, 57, 1, 2, '2014-06-30 23:50:22'),
(1681, 22, 60, 3, 0, '2014-06-30 23:50:54'),
(1682, 1, 57, 0, 1, '2014-07-01 07:33:06'),
(1683, 1, 59, 1, 1, '2014-07-01 08:27:37'),
(1684, 1, 61, 1, 0, '2014-07-01 08:28:29'),
(1685, 1, 62, 0, 1, '2014-07-01 08:28:54'),
(1686, 1, 63, 1, 2, '2014-07-09 09:08:43'),
(1687, 1, 64, 1, 0, '2014-07-10 05:12:24'),
(1688, 4, 57, 1, 1, '2014-07-01 08:59:42'),
(1689, 4, 60, 1, 0, '2014-07-01 09:00:30'),
(1690, 4, 59, 1, 0, '2014-07-01 09:00:45'),
(1691, 23, 55, 2, 1, '2014-07-01 11:06:42'),
(1692, 23, 56, 1, 1, '2014-07-01 11:07:01'),
(1693, 17, 57, 2, 1, '2014-07-01 13:32:44'),
(1694, 17, 58, 1, 2, '2014-07-01 13:32:56'),
(1695, 17, 60, 2, 1, '2014-07-01 13:34:36'),
(1696, 20, 57, 1, 2, '2014-07-01 15:55:04'),
(1697, 20, 58, 1, 1, '2014-07-01 15:55:21'),
(1698, 20, 59, 1, 1, '2014-07-01 15:55:29'),
(1699, 2, 55, 2, 1, '2014-07-01 16:33:50'),
(1700, 3, 55, 2, 1, '2014-07-01 16:33:50'),
(1701, 19, 55, 2, 1, '2014-07-01 16:33:50'),
(1702, 29, 56, 2, 1, '2014-07-01 16:41:14'),
(1703, 29, 57, 1, 2, '2014-07-01 16:41:34'),
(1704, 29, 58, 2, 1, '2014-07-01 16:41:42'),
(1705, 29, 60, 2, 1, '2014-07-01 16:47:07'),
(1706, 24, 57, 1, 2, '2014-07-01 16:55:06'),
(1707, 24, 58, 3, 2, '2014-07-01 16:55:35'),
(1708, 24, 60, 2, 1, '2014-07-01 16:56:17'),
(1709, 6, 57, 2, 1, '2014-07-01 20:13:31'),
(1710, 6, 60, 2, 1, '2014-07-01 20:14:11'),
(1711, 2, 56, 1, 1, '2014-07-01 20:30:05'),
(1712, 3, 56, 1, 1, '2014-07-01 20:30:05'),
(1713, 19, 56, 1, 1, '2014-07-01 20:30:05'),
(1714, 9, 57, 1, 1, '2014-07-02 09:33:05'),
(1715, 9, 58, 1, 0, '2014-07-02 09:33:19'),
(1716, 18, 57, 2, 1, '2014-07-02 09:45:00'),
(1717, 18, 58, 2, 0, '2014-07-02 09:45:16'),
(1718, 18, 60, 3, 1, '2014-07-02 09:46:14'),
(1719, 18, 59, 2, 2, '2014-07-02 09:46:29'),
(1720, 14, 57, 2, 1, '2014-07-02 10:12:48'),
(1721, 14, 58, 2, 1, '2014-07-02 10:13:00'),
(1722, 14, 59, 2, 1, '2014-07-02 10:13:14'),
(1723, 14, 60, 2, 0, '2014-07-02 10:13:30'),
(1724, 9, 59, 1, 0, '2014-07-02 10:20:11'),
(1725, 9, 60, 1, 0, '2014-07-02 10:20:19'),
(1726, 27, 57, 0, 2, '2014-07-02 10:33:46'),
(1727, 27, 58, 2, 1, '2014-07-02 10:33:57'),
(1728, 27, 59, 1, 0, '2014-07-02 10:36:16'),
(1729, 27, 60, 2, 0, '2014-07-02 10:37:16'),
(1730, 15, 57, 1, 0, '2014-07-02 13:36:24'),
(1731, 15, 59, 2, 1, '2014-07-02 13:36:46'),
(1732, 15, 60, 2, 0, '2014-07-02 13:36:53'),
(1733, 24, 59, 2, 1, '2014-07-02 13:49:27'),
(1734, 6, 59, 0, 1, '2014-07-02 14:15:04'),
(1735, 13, 57, 1, 1, '2014-07-02 16:37:51'),
(1736, 13, 58, 1, 2, '2014-07-02 16:38:14'),
(1737, 13, 59, 1, 1, '2014-07-02 18:37:00'),
(1738, 13, 60, 2, 0, '2014-07-02 18:36:54'),
(1739, 8, 57, 0, 1, '2014-07-02 19:14:49'),
(1740, 8, 58, 1, 0, '2014-07-02 19:14:58'),
(1741, 8, 59, 1, 0, '2014-07-02 19:15:25'),
(1742, 8, 60, 2, 0, '2014-07-02 19:16:07'),
(1743, 8, 61, 1, 0, '2014-07-02 19:16:18'),
(1744, 8, 62, 1, 0, '2014-07-02 19:16:25'),
(1745, 8, 63, 0, 2, '2014-07-10 21:47:20'),
(1746, 8, 64, 2, 0, '2014-07-10 21:47:32'),
(1747, 26, 57, 1, 1, '2014-07-02 19:53:19'),
(1748, 26, 59, 1, 0, '2014-07-02 19:53:32'),
(1749, 26, 60, 2, 0, '2014-07-02 19:53:45'),
(1750, 10, 57, 1, 2, '2014-07-02 20:42:27'),
(1751, 10, 58, 3, 1, '2014-07-02 20:42:44'),
(1752, 10, 59, 2, 1, '2014-07-02 20:43:02'),
(1753, 10, 60, 2, 0, '2014-07-02 20:43:13'),
(1754, 23, 57, 2, 1, '2014-07-02 20:59:17'),
(1755, 23, 58, 1, 1, '2014-07-02 20:59:44'),
(1756, 23, 59, 2, 1, '2014-07-02 21:01:00'),
(1757, 23, 60, 2, 1, '2014-07-02 21:01:36'),
(1758, 4, 61, 1, 1, '2014-07-03 08:08:35'),
(1759, 4, 62, 1, 1, '2014-07-03 08:08:40'),
(1760, 4, 63, 1, 1, '2014-07-03 08:08:44'),
(1761, 4, 64, 1, 0, '2014-07-10 08:42:25'),
(1762, 11, 58, 1, 2, '2014-07-03 09:17:23'),
(1763, 11, 57, 2, 2, '2014-07-03 09:17:36'),
(1764, 11, 59, 3, 1, '2014-07-03 09:18:04'),
(1765, 11, 60, 1, 1, '2014-07-03 09:18:20'),
(1766, 11, 61, 1, 1, '2014-07-03 09:19:01'),
(1767, 11, 62, 3, 1, '2014-07-03 09:19:16'),
(1768, 11, 63, 1, 0, '2014-07-03 09:19:40'),
(1769, 11, 64, 3, 1, '2014-07-13 18:09:55'),
(1770, 20, 60, 2, 0, '2014-07-03 12:46:31'),
(1771, 22, 59, 2, 0, '2014-07-03 14:41:18'),
(1772, 7, 57, 3, 1, '2014-07-03 17:03:44'),
(1773, 7, 58, 1, 2, '2014-07-03 17:03:55'),
(1774, 7, 59, 0, 1, '2014-07-03 17:04:13'),
(1775, 7, 60, 1, 0, '2014-07-03 17:04:27'),
(1776, 7, 61, 1, 1, '2014-07-03 17:04:39'),
(1777, 7, 62, 0, 1, '2014-07-03 17:04:49'),
(1778, 7, 63, 2, 0, '2014-07-12 13:45:37'),
(1779, 7, 64, 0, 1, '2014-07-03 17:05:09'),
(1780, 17, 59, 1, 1, '2014-07-03 23:17:21'),
(1781, 29, 59, 2, 1, '2014-07-04 08:02:08'),
(1782, 2, 57, 1, 1, '2014-07-04 16:41:32'),
(1783, 3, 57, 1, 1, '2014-07-04 16:41:32'),
(1784, 19, 57, 1, 1, '2014-07-04 16:41:32'),
(1785, 28, 59, 1, 1, '2014-07-04 17:20:27'),
(1786, 2, 58, 2, 1, '2014-07-04 20:34:06'),
(1787, 3, 58, 1, 1, '2014-07-04 20:34:06'),
(1788, 19, 58, 1, 1, '2014-07-04 20:34:06'),
(1789, 10, 61, 2, 0, '2014-07-05 11:33:20'),
(1790, 10, 62, 1, 2, '2014-07-05 11:33:51'),
(1791, 28, 61, 2, 2, '2014-07-08 17:23:43'),
(1792, 2, 59, 1, 1, '2014-07-05 17:02:53'),
(1793, 3, 59, 1, 1, '2014-07-05 17:02:53'),
(1794, 19, 59, 1, 1, '2014-07-05 17:02:53'),
(1795, 15, 61, 1, 0, '2014-07-05 19:08:34'),
(1796, 2, 60, 2, 0, '2014-07-05 20:54:35'),
(1797, 3, 60, 2, 0, '2014-07-05 20:54:35'),
(1798, 19, 60, 2, 0, '2014-07-05 20:54:35'),
(1799, 17, 61, 2, 0, '2014-07-05 20:59:20'),
(1800, 26, 61, 1, 1, '2014-07-05 21:28:10'),
(1801, 26, 62, 1, 0, '2014-07-06 11:32:47'),
(1802, 15, 62, 1, 1, '2014-07-06 13:30:53'),
(1803, 17, 62, 1, 1, '2014-07-06 13:31:34'),
(1804, 15, 63, 1, 0, '2014-07-06 13:32:01'),
(1805, 15, 64, 1, 2, '2014-07-06 13:32:17'),
(1806, 9, 61, 1, 0, '2014-07-06 17:44:53'),
(1807, 9, 62, 1, 0, '2014-07-06 17:45:06'),
(1808, 14, 61, 0, 1, '2014-07-07 11:17:24'),
(1809, 14, 62, 1, 1, '2014-07-07 11:17:31'),
(1810, 29, 61, 1, 2, '2014-07-07 14:13:30'),
(1811, 29, 62, 2, 1, '2014-07-07 14:13:44'),
(1812, 13, 61, 1, 0, '2014-07-07 22:43:40'),
(1813, 13, 62, 1, 2, '2014-07-07 22:43:56'),
(1814, 20, 61, 2, 1, '2014-07-08 09:21:52'),
(1815, 20, 62, 1, 1, '2014-07-08 09:21:57'),
(1816, 20, 63, 2, 2, '2014-07-08 09:22:05'),
(1817, 20, 64, 1, 0, '2014-07-08 09:22:09'),
(1818, 6, 61, 1, 1, '2014-07-08 12:07:55'),
(1819, 6, 62, 1, 2, '2014-07-09 10:16:47'),
(1820, 27, 61, 2, 1, '2014-07-08 12:21:29'),
(1821, 27, 62, 2, 1, '2014-07-09 15:34:43'),
(1822, 27, 63, 0, 2, '2014-07-10 13:22:52'),
(1823, 27, 64, 1, 0, '2014-07-10 13:23:46'),
(1824, 23, 61, 1, 2, '2014-07-08 14:10:55'),
(1825, 23, 62, 2, 1, '2014-07-08 14:11:02'),
(1826, 22, 61, 2, 1, '2014-07-08 14:20:44'),
(1827, 22, 62, 2, 1, '2014-07-08 14:20:55'),
(1828, 24, 61, 2, 1, '2014-07-08 15:49:33'),
(1829, 24, 62, 2, 2, '2014-07-08 15:49:45'),
(1830, 28, 62, 1, 3, '2014-07-09 20:26:47'),
(1831, 18, 61, 2, 0, '2014-07-08 20:29:43'),
(1832, 2, 61, 1, 1, '2014-07-08 20:30:03'),
(1833, 3, 61, 1, 1, '2014-07-08 20:30:03'),
(1834, 19, 61, 1, 1, '2014-07-08 20:30:03'),
(1835, 18, 62, 0, 1, '2014-07-08 20:31:48'),
(1836, 21, 62, 0, 2, '2014-07-09 09:30:44'),
(1837, 2, 62, 1, 1, '2014-07-09 20:37:44'),
(1838, 3, 62, 1, 1, '2014-07-09 20:37:44'),
(1839, 19, 62, 1, 1, '2014-07-09 20:37:44'),
(1840, 10, 63, 0, 1, '2014-07-10 07:12:16'),
(1841, 10, 64, 2, 1, '2014-07-10 07:12:31'),
(1842, 9, 63, 2, 1, '2014-07-10 08:21:14'),
(1843, 9, 64, 1, 0, '2014-07-10 08:21:25'),
(1844, 14, 63, 0, 4, '2014-07-10 09:30:36'),
(1845, 14, 64, 3, 1, '2014-07-10 09:30:46'),
(1846, 29, 63, 2, 1, '2014-07-10 10:15:58'),
(1847, 29, 64, 2, 1, '2014-07-10 10:16:04'),
(1848, 26, 63, 1, 2, '2014-07-10 16:53:13'),
(1849, 26, 64, 1, 0, '2014-07-10 16:53:24'),
(1850, 13, 63, 1, 3, '2014-07-11 20:34:01'),
(1851, 13, 64, 2, 0, '2014-07-11 20:34:30'),
(1852, 22, 63, 2, 1, '2014-07-12 09:38:31'),
(1853, 22, 64, 2, 0, '2014-07-12 09:39:00'),
(1854, 17, 63, 1, 2, '2014-07-12 17:53:52'),
(1855, 17, 64, 2, 1, '2014-07-12 17:54:04'),
(1856, 23, 63, 1, 1, '2014-07-12 20:15:44'),
(1857, 2, 63, 1, 1, '2014-07-12 21:03:28'),
(1858, 3, 63, 1, 2, '2014-07-12 21:03:28'),
(1859, 19, 63, 1, 1, '2014-07-12 21:03:28'),
(1860, 28, 64, 3, 1, '2014-07-12 22:55:24'),
(1861, 23, 64, 3, 1, '2014-07-13 11:55:34'),
(1862, 24, 64, 2, 1, '2014-07-13 18:16:59'),
(1863, 18, 64, 1, 1, '2014-07-13 18:52:57'),
(1864, 6, 64, 3, 1, '2014-07-13 19:03:56'),
(1865, 2, 64, 2, 1, '2014-07-13 19:55:22'),
(1866, 3, 64, 2, 1, '2014-07-13 19:55:22'),
(1867, 19, 64, 1, 0, '2014-07-13 19:55:22');

-- --------------------------------------------------------

--
-- Table structure for table `RememberMe`
--

CREATE TABLE IF NOT EXISTS `RememberMe` (
  `UserID` int(11) NOT NULL,
  `SeriesID` int(11) NOT NULL,
  `Token` varchar(50) NOT NULL,
  `DateAdded` datetime NOT NULL,
  KEY `UserID` (`UserID`)
) ENGINE=InnoDB DEFAULT CHARSET=latin1;

--
-- Dumping data for table `RememberMe`
--

INSERT INTO `RememberMe` (`UserID`, `SeriesID`, `Token`, `DateAdded`) VALUES
(1, 765557394, '629dc01b6fbfd5627be942428d09c1c2', '2014-06-19 07:48:16'),
(1, 670907843, 'fb8291b4d3d62ce296f740295456c933', '2014-06-19 07:57:54'),
(1, 254283528, 'd6661284a0acdfc8d9836083c7c05f3b', '2014-07-15 09:34:47'),
(1, 974589462, '7b35342d33a7df6387e1505696c1c50e', '2014-06-19 08:00:19'),
(1, 473216280, '5b824dd4ca2792b1b609e4d6cf202909', '2014-06-19 08:19:54'),
(1, 471430461, 'aded36837ffbd715ee026c767c466957', '2014-06-19 08:20:22'),
(1, 967178720, 'a2207d9b9c50061188acf6ef31221fde', '2014-07-17 08:06:53'),
(5, 977300118, 'a616d35b28e8e3e960d8be8c28f8a235', '2014-06-19 08:48:24'),
(5, 84346050, 'f6596130589b256ae6263b058f3feb38', '2014-06-19 08:48:36'),
(17, 204214676, 'b81b8d6ef62ec10b9ab34592d255f5df', '2014-07-07 13:50:38'),
(24, 92975196, 'ac87a8cce2f7cacc3081bf797f399aa8', '2014-07-08 15:49:24'),
(5, 460967891, '6f35018256a783eaf0c4690622f42f80', '2014-06-19 08:51:23'),
(4, 973344527, '6987144144228a6e355ee74764bff0c9', '2014-06-19 08:52:59'),
(4, 964666959, '55bca37010848f8cada3d09d245ad140', '2014-06-26 15:55:10'),
(4, 428659481, 'ac20769b7587b8c9616172db2400f9a4', '2014-06-19 08:54:10'),
(5, 514756115, '39b266e69a4e9faace5033432dc432d8', '2014-06-19 08:57:04'),
(5, 628720836, '3f1350fee865f52020a265b1167aa3c6', '2014-06-19 08:58:16'),
(1, 716920300, '568639a2eb1cb781ee1b102cda7f8ce9', '2014-07-13 19:11:57'),
(23, 891517141, 'ad8dcf9546728895593e0935c39e32b7', '2014-06-25 11:13:03'),
(14, 844892218, 'af9eb40d5a0812e70ff55461281139c3', '2014-06-19 11:06:50'),
(14, 996419011, '62027cd7633fcf31fb73c92e7f1edd28', '2014-06-20 09:39:35'),
(28, 632466007, '9ec8bd6e81533ed7d8e42c8d2df6ecdd', '2014-06-28 22:16:15'),
(28, 302663901, 'aa994294216f22f4263417abd712a63e', '2014-07-01 13:21:47'),
(27, 127934031, 'c32568332b6555dbf3487c23fe2b511f', '2014-06-24 15:34:07'),
(5, 840883700, 'f704e2ffd4407eeb71be98f45f60d7aa', '2014-06-19 13:01:27'),
(21, 262777329, '7a1ca11a9722f1ede305283c23651f4b', '2014-06-24 17:36:58'),
(15, 982879779, 'b821e7f5fd4bdd9ec8de667e98907aff', '2014-07-02 13:35:34'),
(22, 105823141, '65ee5e5fcbd8bfdca3c698162de7d1da', '2014-06-24 21:49:20'),
(11, 140233635, 'a776982d31e48faf9f95226bce09232a', '2014-07-09 16:35:08'),
(11, 945120380, '1a5d3ffdbe46a625406b377b1db1dbc9', '2014-07-13 23:23:48'),
(12, 129393575, 'b5088c394482dd04724842f2e6dc014f', '2014-07-16 16:06:14'),
(12, 994147188, 'c77e9edab42d2930e9a15922e57c2ee2', '2014-06-30 21:15:02'),
(14, 555606999, '47d16032a976721259f562f8f1cfc1be', '2014-07-17 09:57:20'),
(23, 674120125, '70c9ce7b140ca43ea3f3dd87e1be51e4', '2014-07-09 09:40:43'),
(13, 845734707, '08036d0a6f0381f6b75a776717b86baf', '2014-06-24 12:50:25'),
(17, 568363428, '01ce19a2b6fbb83b89155ea39bae0ecd', '2014-06-20 15:25:24'),
(18, 45212982, '587727554e49d60b12f49fed3419d080', '2014-07-13 18:47:35'),
(11, 281465028, '9af9a8f970ae21b7a106db0a7e38175e', '2014-06-20 17:01:55'),
(11, 342225066, 'da92f41113cbf561179b6ab985051bcc', '2014-06-25 16:30:01'),
(17, 440566114, '469f1efb2d247eb2a107d1062f25beeb', '2014-07-12 17:53:38'),
(6, 487720561, '27aa3249bdf886e2c3e3e45eef9a7a90', '2014-07-01 20:12:32'),
(16, 372040657, '9502efe2dcf717b82f1eb0ca0d7ffcfe', '2014-06-27 21:10:57'),
(16, 989074599, '217f29d10f631c1bad5f8e26a6f1678f', '2014-06-21 19:40:21'),
(17, 602966187, '0cafae229365a25caabf94cb8979d9c7', '2014-07-13 17:30:58'),
(13, 238256832, 'a38a213df0e217115d69bd8d7f1631eb', '2014-06-22 04:45:09'),
(23, 255364849, '43c50864d128c667f72072ddde9cda18', '2014-07-13 11:55:28'),
(23, 891425761, '7999259da1317723294b085b6a98681d', '2014-06-22 10:17:21'),
(13, 871724774, '5fb76cca131c2bced8845a7ad385d95d', '2014-07-14 21:12:01'),
(1, 878185477, '59231f487fda007027ce535112a35c98', '2014-06-22 15:10:02'),
(1, 789171425, 'd7b552b51065be86852ff5c71d29db65', '2014-06-29 18:54:46'),
(1, 135081775, 'd9d5764dbf45cf007736b616ff22011e', '2014-06-22 16:11:58'),
(1, 624170572, '242d615b00d0d5f3d345e9edf7a8b357', '2014-07-14 15:58:29'),
(10, 420460396, '570f822541ace8f06335d743d89f1ff8', '2014-06-22 21:41:58'),
(10, 631210255, 'a45df3fcf03dfaa89646e00a5db2f421', '2014-07-18 15:23:59'),
(5, 623982973, 'd4b03480151dd96b3f7986ee8d205075', '2014-06-23 18:51:29'),
(5, 661717322, 'f14801347249ba63555459e55c499d36', '2014-07-09 16:15:45'),
(5, 718357177, '19a7b604d7282d52ca12ec81ce2b20a0', '2014-06-23 18:51:42'),
(5, 376325882, '06eb040f3d53672e54d79f0735b4cc83', '2014-06-23 18:51:42'),
(14, 457241166, '9f07cf15dbc8b49aff509fc667552f2a', '2014-06-23 23:31:38'),
(14, 659057866, '977a939dcd1f794497a7e89cf3cd1042', '2014-06-30 22:02:53'),
(14, 210610164, '14e4bcd7f4bc147ee5048f16477b6b9d', '2014-06-23 23:31:46'),
(14, 148231628, '4b43c2dc70c5d3171a47d30d1828b491', '2014-06-23 23:31:46'),
(5, 536612112, '83911674c35ad6830b52c0450b33b2c9', '2014-06-24 11:12:35'),
(5, 698863984, '3056b7d0b3cab2db3e2153bfc8f0a32c', '2014-07-14 20:09:52'),
(16, 286740372, '235f9a0a12455edc83142de63768d325', '2014-06-24 13:05:25'),
(16, 630855076, 'daecd9febad8f3f1e622225b35616528', '2014-06-29 15:41:48'),
(16, 531187702, '5556bdca9c2cfa478a6cae495d164006', '2014-06-24 13:05:42'),
(16, 820384422, 'd939b3dbcd21fbea25762b12c8d70b71', '2014-06-24 13:05:42'),
(27, 711643143, '1c3978a007f6434bca4242bede4def2d', '2014-06-24 15:34:21'),
(27, 224784815, 'c0083c76e48c25c73607955d883d8cb5', '2014-06-24 19:30:04'),
(27, 522366575, '38c28d9f248c84a401b5e7faf3f85755', '2014-06-24 15:34:39'),
(27, 441299644, 'c2ccb3d78f75bf3f94797586bcdda7a9', '2014-06-24 19:30:18'),
(27, 395046610, '6b84401f0c23440b5ec33e0f2d5cf9a8', '2014-06-24 19:30:18'),
(27, 151345077, '6b43fde50ace2cb0a3bdcb1e605450c8', '2014-07-16 16:03:12'),
(13, 876715155, '0112ad68bd90cbb5fcbf12db17b765f4', '2014-06-25 13:30:56'),
(13, 652392653, 'e132e2ab9efd3515d06bef9003ff985c', '2014-07-07 18:21:37'),
(10, 782719376, '205553efb7c4c44af5a125f8c5eba805', '2014-06-25 21:54:29'),
(10, 592759258, 'ff7a882822dbc08fb8f7393d6a77860c', '2014-06-25 21:54:29'),
(10, 898553622, 'a8a313fa2787ecd3d1aebb5e955c95d7', '2014-06-25 21:54:53'),
(10, 194560326, '616d93c5cd6bd6db2ddba1bfc05810b2', '2014-07-14 19:22:49'),
(11, 773759906, 'c743d41502f4904b6e270af0c9766c0e', '2014-06-26 16:36:23'),
(11, 584849055, '264e8f51eb748758900fb1869166df27', '2014-06-26 16:36:23'),
(11, 994569208, '41efcfcd4b702b928e12389855efd6a8', '2014-06-26 16:36:45'),
(11, 265176737, 'fc68d40b7fa02a04126bb597b19c69fb', '2014-06-27 11:01:48'),
(25, 117956856, '5310139687eee2ade83347170ca95adb', '2014-06-26 20:20:58'),
(25, 328443611, '7584a3bffa3a5c34e951eaf684171031', '2014-06-26 20:20:58'),
(25, 351555642, '59de187aa76e294ebc9a3d9faa47b6ba', '2014-06-26 20:21:25'),
(25, 814988586, 'ffb0ae28e6a97e39236890878888d63e', '2014-06-26 20:21:25'),
(27, 517518663, '709e18d73cacdb7dd405c13636926631', '2014-06-27 00:30:29'),
(27, 246332101, '0a3c8e538e4dc0842f88d0984fd8d2b9', '2014-06-27 00:30:29'),
(27, 680562277, 'c1f7d8ee67f76e335a96ad7e510243a0', '2014-06-27 00:31:20'),
(27, 105624054, '0982e344227aeb68c9950584aaa3dfc1', '2014-06-27 00:31:20'),
(25, 704603103, '56069339b713baef50af5dc80915b3f3', '2014-06-27 06:04:02'),
(25, 184263532, 'ba4b31044d1b0dbe9cddd2ff116ba167', '2014-06-27 06:04:02'),
(5, 344931496, '5d661242bd93971494a9fb7149cf468e', '2014-06-27 11:11:31'),
(5, 639184252, 'fcdcc149315feff5edfc3434940a00b8', '2014-06-27 11:11:31'),
(20, 558049643, '831731363480af3a4604934a161e8b1b', '2014-06-28 13:19:37'),
(20, 836755514, 'd4331809f561e8a1fee165f1451ee9fe', '2014-06-28 13:19:37'),
(20, 383366227, 'd13e9831c5be2f8ab0cae4c65095487d', '2014-06-28 13:20:21'),
(20, 651363680, '0d137c3b4edd856a9bc8a668069271f6', '2014-06-29 14:39:02'),
(6, 726175308, 'ff62747a916f14667a922e8013699aaf', '2014-06-28 13:55:26'),
(6, 673974426, 'e4fa90e229dd338151c55a7bee04e21f', '2014-07-02 14:08:56'),
(15, 837560068, '02162364f8fc7fdcda6059a38ebe6fba', '2014-06-28 15:31:40'),
(15, 511491759, '35588b73508a975d97c429ad14f1f59c', '2014-07-08 20:43:16'),
(20, 475806627, 'f544153c81a48c410e415ad26fa4da2f', '2014-06-29 14:39:02'),
(20, 181449252, '3c36753b95c0560bae85b5b52c6a94a5', '2014-06-29 14:39:02'),
(21, 519243947, '1a9f328f83f861f8edeead08a9b7e817', '2014-06-29 16:01:41'),
(21, 686032906, 'e4e645d3fd72eb742ae5ac47dea9713c', '2014-06-29 16:01:41'),
(1, 91639482, '58f34b40ea9f57fb428672eeb927f257', '2014-06-29 18:57:34'),
(1, 908720883, 'c10c2232099dc6e86ab2ea732e7c9d33', '2014-07-04 12:47:50'),
(26, 93676792, '02972831bcbcf78b43356d4fbe581659', '2014-06-30 00:24:20'),
(26, 515423463, '1cdc2cdfd9c7ab7da737803b8acad20c', '2014-07-06 09:41:31'),
(26, 838390723, '4b130e26c5cf1288894805386c2cec60', '2014-06-30 00:24:49'),
(26, 755352613, '2abab5170715ffdeaf0ca1906d73f8f8', '2014-07-05 07:09:59'),
(14, 764834777, 'f6d134e9fd84e61b46b7b5f6a57ddd59', '2014-06-30 15:44:00'),
(14, 381781380, 'ca3b3902f9dcefc59705d9296b4ccff0', '2014-07-13 09:42:09'),
(11, 253897728, 'b502fd62a791bb5e08c8fbe251af6e95', '2014-06-30 16:54:00'),
(11, 81133810, '9af86c0455b6a47bfa1c3c88d79d7828', '2014-06-30 16:54:00'),
(11, 279065193, '24dc61c7ea0b3c0baf0e81bacfac6875', '2014-06-30 16:54:16'),
(11, 128187409, '14c594fb4b6ee64098c103defa00cd5a', '2014-07-16 15:59:57'),
(28, 152995229, '0dd0ae89f8234d4fdf312c937560a80c', '2014-06-30 20:26:15'),
(28, 860566413, '8eeaf99fadf7b47f123193058b099ceb', '2014-07-18 17:57:44'),
(4, 676500969, 'c030a29d722bb8d2c04b0742cdb29214', '2014-07-01 08:57:46'),
(4, 853581333, 'a3689998006a8fb3a94e84f7cf745b63', '2014-07-10 08:41:14'),
(25, 582902805, 'b576f68e07d047d37cfa2737936381c6', '2014-07-02 09:57:59'),
(25, 211124609, '56024c6d7d3516d7904a641a149e0afa', '2014-07-02 09:57:59'),
(25, 682903931, '4577d419eecd14c41362f8669d14852d', '2014-07-02 09:58:23'),
(25, 185989670, '24dc3bc664bffe40606f0a20b1607b21', '2014-07-03 07:52:33'),
(13, 773358769, '724787e8423c4201588ed83663001b92', '2014-07-02 16:39:07'),
(13, 844711658, 'b059b6b82954504992584d767339a1ee', '2014-07-05 10:09:46'),
(5, 510752454, '9a1cd71d806df09f2784df29767a1256', '2014-07-03 10:41:29'),
(5, 629468506, 'b516a7ac79bcbddbf5915d6a6e458f39', '2014-07-03 10:41:29'),
(5, 314196450, '64490740cfc618938faac37a83ae4a2d', '2014-07-03 10:41:39'),
(5, 555745208, '814f031c9a62c53903723a86b164682e', '2014-07-03 10:41:39'),
(28, 49682738, '1e77d09c6df1aab60792d94aba7795a9', '2014-07-05 20:03:46'),
(28, 725187949, '2525f88be4c006fedd4750dc33714778', '2014-07-05 21:05:57'),
(4, 838941905, '78ffda0a8da8dd1c4549c7b3f558af71', '2014-07-07 16:26:04'),
(4, 396417434, 'e7da1b9f34c82019f5581b4ed3431f33', '2014-07-16 16:00:10'),
(4, 332306658, '2500b72ea9674b0b4c7f0b99ebcaf30d', '2014-07-07 21:04:37'),
(4, 23451417, 'bc2ddd00d21445147b8f7e1f40f2f773', '2014-07-07 21:04:37'),
(6, 945938221, 'f4d0e17a747392ff1de33ef678eaa729', '2014-07-08 12:07:26'),
(6, 530312703, 'b090ee5e275182e9e3dbc3ebb40510b4', '2014-07-17 09:39:51'),
(6, 203275717, '7333d6dcd2beb4e850d96f8a58e3922b', '2014-07-08 12:07:42'),
(6, 893324088, 'ea7ec79b54f5e0938f33deb965fe38a6', '2014-07-08 12:07:42'),
(16, 22244466, '0f40e7748ab0db5fb9dab89a8ccad21a', '2014-07-09 09:00:42'),
(16, 630885026, '31fa878d748ba08cfce79f7e717ca605', '2014-07-11 20:46:53'),
(26, 43667885, '812fca9ede7dbf1c724f131a4f727b48', '2014-07-10 16:52:36'),
(26, 87057417, '3f7c99874e471c05940afaced2fe9aed', '2014-07-10 16:52:36'),
(16, 406194456, 'b7e979112e27d56499387b7d70756b01', '2014-07-11 20:41:51'),
(16, 947655946, 'c85427a3a1ad3664a77c52b20eafa491', '2014-07-11 20:41:51'),
(16, 101155352, '8c51a0c2a34862317aa0f17208e12094', '2014-07-11 20:41:51'),
(16, 576399183, 'ba33c00d932cb6459a29f5fc98531590', '2014-07-11 20:41:51'),
(16, 568142018, '5b9550cf79a34b25a2f541d1b06a1557', '2014-07-11 20:41:59'),
(16, 961523683, 'da140cf13876d3c798211ba796688a7c', '2014-07-11 20:41:59'),
(16, 380798313, '335e9592c054929c3b2955b3772dc05a', '2014-07-11 21:11:06'),
(16, 879146936, '6831087b3be2b62ebe3263bf94a6dea8', '2014-07-11 21:11:06'),
(16, 749115261, '7b0379f07d9720534a6b9b99ae8ec260', '2014-07-11 21:11:08'),
(16, 882674514, 'cd976c4e07e322d94aefc3accaf04997', '2014-07-11 21:11:08'),
(16, 142263359, '531c58b0bf339b96c84b217a3a2633b2', '2014-07-11 21:11:10'),
(16, 506673720, '131b86f4a798e3f360e9e21b8ca07940', '2014-07-11 21:11:10'),
(16, 229063564, 'e5ea3264823cac02de932d4f717e007d', '2014-07-11 21:11:13'),
(16, 321962199, 'c00b177faa0000630b583c34adf431bc', '2014-07-11 21:11:13'),
(22, 451998935, '45ef52395c7726841ac41c90256b3052', '2014-07-12 09:37:02'),
(22, 942127408, '08a6fedf699254b3a97805623b168ed4', '2014-07-12 09:37:02'),
(11, 890631528, 'ec8efd68fa868e805bfbf0a4b306ccf0', '2014-07-13 18:07:41'),
(11, 346976069, '82dca1f7aa97f22777e81dc3fbb9eff2', '2014-07-13 18:07:41'),
(6, 111632531, '93820e289f0709349398c3fce0341d3d', '2014-07-13 19:02:46'),
(6, 483069019, 'cbb1edce16daaded9e39402cbbbd4923', '2014-07-13 19:02:46'),
(6, 395821716, 'ee781c09e8e736212ec464618288f9fb', '2014-07-13 19:03:12'),
(6, 673668055, '4b36a07dcc7ec000070b923ed809205e', '2014-07-13 19:03:12'),
(5, 272424706, '8cf43ed3d79b27b70d2ff5dcd4d1615e', '2014-07-17 09:17:54'),
(5, 97882183, 'fd63208401bc0712e020e3f4016012c4', '2014-07-17 09:17:54'),
(5, 72091076, 'c0e284220d1416de32eb360324abf267', '2014-07-17 09:18:04'),
(5, 732960264, '4ac20bb20f4a98a48abaecc365ce0906', '2014-07-17 09:18:04');

-- --------------------------------------------------------

--
-- Table structure for table `Role`
--

CREATE TABLE IF NOT EXISTS `Role` (
  `RoleID` int(11) NOT NULL AUTO_INCREMENT,
  `Role` varchar(50) NOT NULL,
  PRIMARY KEY (`RoleID`)
) ENGINE=InnoDB  DEFAULT CHARSET=latin1 AUTO_INCREMENT=5 ;

--
-- Dumping data for table `Role`
--

INSERT INTO `Role` (`RoleID`, `Role`) VALUES
(1, 'Admin'),
(2, 'Mr Mean'),
(3, 'Mr Median'),
(4, 'Mr Mode');

-- --------------------------------------------------------

--
-- Table structure for table `ScoringSystem`
--

CREATE TABLE IF NOT EXISTS `ScoringSystem` (
  `ScoringSystemID` int(11) NOT NULL,
  `Name` varchar(50) NOT NULL,
  PRIMARY KEY (`ScoringSystemID`)
) ENGINE=InnoDB DEFAULT CHARSET=latin1;

--
-- Dumping data for table `ScoringSystem`
--

INSERT INTO `ScoringSystem` (`ScoringSystemID`, `Name`) VALUES
(1, 'Official'),
(2, 'AutoQuiz');

-- --------------------------------------------------------

--
-- Table structure for table `Stage`
--

CREATE TABLE IF NOT EXISTS `Stage` (
  `StageID` int(11) NOT NULL AUTO_INCREMENT,
  `Name` varchar(50) NOT NULL,
  PRIMARY KEY (`StageID`)
) ENGINE=InnoDB  DEFAULT CHARSET=latin1 AUTO_INCREMENT=6 ;

--
-- Dumping data for table `Stage`
--

INSERT INTO `Stage` (`StageID`, `Name`) VALUES
(1, 'Group Stages'),
(2, 'Last 16'),
(3, 'Quarter Finals'),
(4, 'Semi Finals'),
(5, 'Final');

-- --------------------------------------------------------

--
-- Table structure for table `Team`
--

CREATE TABLE IF NOT EXISTS `Team` (
  `TeamID` int(11) NOT NULL AUTO_INCREMENT,
  `Name` varchar(50) NOT NULL,
  `ShortName` varchar(10) NOT NULL,
  PRIMARY KEY (`TeamID`)
) ENGINE=InnoDB  DEFAULT CHARSET=latin1 AUTO_INCREMENT=33 ;

--
-- Dumping data for table `Team`
--

INSERT INTO `Team` (`TeamID`, `Name`, `ShortName`) VALUES
(1, 'Brazil', 'BRA'),
(2, 'Croatia', 'CRO'),
(3, 'Mexico', 'MEX'),
(4, 'Cameroon', 'CMR'),
(5, 'Spain', 'ESP'),
(6, 'Netherlands', 'NED'),
(7, 'Chile', 'CHI'),
(8, 'Australia', 'AUS'),
(9, 'Colombia', 'COL'),
(10, 'Greece', 'GRE'),
(11, 'Ivory Coast', 'CIV'),
(12, 'Japan', 'JPN'),
(13, 'Uruguay', 'URU'),
(14, 'Costa Rica', 'CRC'),
(15, 'England', 'ENG'),
(16, 'Italy', 'ITA'),
(17, 'Switzerland', 'SUI'),
(18, 'Ecuador', 'ECU'),
(19, 'France', 'FRA'),
(20, 'Honduras', 'HON'),
(21, 'Argentina', 'ARG'),
(22, 'Bosnia and Herzegovina', 'BIH'),
(23, 'Iran', 'IRN'),
(24, 'Nigeria', 'NGA'),
(25, 'Germany', 'GER'),
(26, 'Portugal', 'POR'),
(27, 'Ghana', 'GHA'),
(28, 'USA', 'USA'),
(29, 'Belgium', 'BEL'),
(30, 'Algeria', 'ALG'),
(31, 'Russia', 'RUS'),
(32, 'South Korea', 'KOR');

-- --------------------------------------------------------

--
-- Table structure for table `TournamentRole`
--

CREATE TABLE IF NOT EXISTS `TournamentRole` (
  `TournamentRoleID` int(11) NOT NULL AUTO_INCREMENT,
  `Name` varchar(50) NOT NULL,
  `TeamID` int(11) DEFAULT NULL,
  `FromMatchID` int(11) DEFAULT NULL,
  `FromGroupID` int(11) DEFAULT NULL,
  `StageID` int(11) NOT NULL,
  PRIMARY KEY (`TournamentRoleID`),
  KEY `FK_TournamentRole_Team` (`TeamID`),
  KEY `FK_TournamentRole_Match` (`FromMatchID`),
  KEY `FK_TournamentRole_Group` (`FromGroupID`),
  KEY `FK_TournamentRole_Stage` (`StageID`)
) ENGINE=InnoDB  DEFAULT CHARSET=latin1 AUTO_INCREMENT=65 ;

--
-- Dumping data for table `TournamentRole`
--

INSERT INTO `TournamentRole` (`TournamentRoleID`, `Name`, `TeamID`, `FromMatchID`, `FromGroupID`, `StageID`) VALUES
(1, 'Group A Team 1', 1, NULL, 1, 1),
(2, 'Group A Team 2', 2, NULL, 1, 1),
(3, 'Group A Team 3', 3, NULL, 1, 1),
(4, 'Group A Team 4', 4, NULL, 1, 1),
(5, 'Group B Team 1', 5, NULL, 2, 1),
(6, 'Group B Team 2', 6, NULL, 2, 1),
(7, 'Group B Team 3', 7, NULL, 2, 1),
(8, 'Group B Team 4', 8, NULL, 2, 1),
(9, 'Group C Team 1', 9, NULL, 3, 1),
(10, 'Group C Team 2', 10, NULL, 3, 1),
(11, 'Group C Team 3', 11, NULL, 3, 1),
(12, 'Group C Team 4', 12, NULL, 3, 1),
(13, 'Group D Team 1', 13, NULL, 4, 1),
(14, 'Group D Team 2', 14, NULL, 4, 1),
(15, 'Group D Team 3', 15, NULL, 4, 1),
(16, 'Group D Team 4', 16, NULL, 4, 1),
(17, 'Group E Team 1', 17, NULL, 5, 1),
(18, 'Group E Team 2', 18, NULL, 5, 1),
(19, 'Group E Team 3', 19, NULL, 5, 1),
(20, 'Group E Team 4', 20, NULL, 5, 1),
(21, 'Group F Team 1', 21, NULL, 6, 1),
(22, 'Group F Team 2', 22, NULL, 6, 1),
(23, 'Group F Team 3', 23, NULL, 6, 1),
(24, 'Group F Team 4', 24, NULL, 6, 1),
(25, 'Group G Team 1', 25, NULL, 7, 1),
(26, 'Group G Team 2', 26, NULL, 7, 1),
(27, 'Group G Team 3', 27, NULL, 7, 1),
(28, 'Group G Team 4', 28, NULL, 7, 1),
(29, 'Group H Team 1', 29, NULL, 8, 1),
(30, 'Group H Team 2', 30, NULL, 8, 1),
(31, 'Group H Team 3', 31, NULL, 8, 1),
(32, 'Group H Team 4', 32, NULL, 8, 1),
(33, 'Winner Group A', 1, NULL, 1, 2),
(34, 'Runner Up Group A', 3, NULL, 1, 2),
(35, 'Winner Group B', 6, NULL, 2, 2),
(36, 'Runner Up Group B', 7, NULL, 2, 2),
(37, 'Winner Group C', 9, NULL, 3, 2),
(38, 'Runner Up Group C', 10, NULL, 3, 2),
(39, 'Winner Group D', 14, NULL, 4, 2),
(40, 'Runner Up Group D', 13, NULL, 4, 2),
(41, 'Winner Group E', 19, NULL, 5, 2),
(42, 'Runner Up Group E', 17, NULL, 5, 2),
(43, 'Winner Group F', 21, NULL, 6, 2),
(44, 'Runner Up Group F', 24, NULL, 6, 2),
(45, 'Winner Group G', 25, NULL, 7, 2),
(46, 'Runner Up Group G', 28, NULL, 7, 2),
(47, 'Winner Group H', 29, NULL, 8, 2),
(48, 'Runner Up Group H', 30, NULL, 8, 2),
(49, 'Quarter-Finalist 1', 1, 49, NULL, 3),
(50, 'Quarter-Finalist 2', 9, 50, NULL, 3),
(51, 'Quarter-Finalist 3', 6, 51, NULL, 3),
(52, 'Quarter-Finalist 4', 14, 52, NULL, 3),
(53, 'Quarter-Finalist 5', 19, 53, NULL, 3),
(54, 'Quarter-Finalist 6', 25, 54, NULL, 3),
(55, 'Quarter-Finalist 7', 21, 55, NULL, 3),
(56, 'Quarter-Finalist 8', 29, 56, NULL, 3),
(57, 'Semi-Finalist 1', 25, 57, NULL, 4),
(58, 'Semi-Finalist 2', 1, 58, NULL, 4),
(59, 'Semi-Finalist 3', 21, 59, NULL, 4),
(60, 'Semi-Finalist 4', 6, 60, NULL, 4),
(61, '3rd 4th Place 1', 1, 61, NULL, 5),
(62, '3rd 4th Place 2', 6, 62, NULL, 5),
(63, 'Finalist 1', 25, 61, NULL, 5),
(64, 'Finalist 2', 21, 62, NULL, 5);

-- --------------------------------------------------------

--
-- Table structure for table `User`
--

CREATE TABLE IF NOT EXISTS `User` (
  `UserID` int(11) NOT NULL AUTO_INCREMENT,
  `FirstName` varchar(50) NOT NULL,
  `LastName` varchar(50) NOT NULL,
  `DisplayName` varchar(50) NOT NULL,
  `Email` varchar(50) NOT NULL,
  `Password` varchar(50) NOT NULL,
  PRIMARY KEY (`UserID`)
) ENGINE=InnoDB  DEFAULT CHARSET=latin1 AUTO_INCREMENT=30 ;

--
-- Dumping data for table `User`
--

INSERT INTO `User` (`UserID`, `FirstName`, `LastName`, `DisplayName`, `Email`, `Password`) VALUES
(1, 'James', 'MacAdie', 'Maccas', 'james.macadie@telerealtrillium.com', '7577f77ee928045f0af5c23cefae8bf1'),
(2, 'Mr.', 'Mean', 'Mr. Mean', 'mrmean@julianrimet.com', 'f0c9a442ef67e81b3a1340ae95700eb3'),
(3, 'Mr.', 'Median', 'Mr. Median', 'mrmedian@julianrimet.com', 'f0c9a442ef67e81b3a1340ae95700eb3'),
(4, 'Richard', 'Morrison', 'Binary Boy', 'richard.morrison3@googlemail.com', '4039d3083f93bb8623b58b626b50d7b0'),
(5, 'Dan', 'Smith', 'DTM', 'dan.smith@citi.com', '9cf2146a2ebedb2e23af62c4e0d41f98'),
(6, 'William', 'MacAdie', 'Will Mac', 'will.macadie@gmail.com', '74c46d2453cc27f2911432363c986746'),
(7, 'Richard', 'Kowenicki', 'Kov', 'doctorkov@googlemail.com', '4011bbf0faf06684cc7eba99d2d016dd'),
(8, 'Sarah', 'Kowenicki', 'Sammie', 'sarahkowenicki@hotmail.com', 'eeaae7a93367d447ef056708acbc6116'),
(9, 'Mark', 'Rusling', 'The Councillor', 'markrusling@hotmail.com', '6d73f43911551b5ed98b7d6d712bf591'),
(10, 'Clare', 'MacAdie', 'Clare Mac', 'clare@macadie.co.uk', '37657da08a3ad8fa9745ad0cfd093193'),
(11, 'Tom', 'MacAdie', 'Tom Mac', 'tmacadie@dacbeachcroft.com', '727e03f92f38d09ae2d3aa85b250d395'),
(12, 'Fiona', 'MacAdie', 'Fi Mac', 'fknox1@hotmail.com', '1e1e7cb8fb80cb67eb7d0e5341e1d6b1'),
(13, 'Matt', 'Margrett', 'Matt', 'mattmargrett@gmail.com', '2d0fb7f2e960f8c47ce514ce8a863c69'),
(14, 'Graham', 'Morrison', 'G.Mozz', 'gmorrison@cantab.net', 'baaf4a1cc7c187378e67535a2fb148a6'),
(15, 'James', 'Hall', 'Haller', 'james.russell.hall@gmail.com', '6e20c6b09ad5c38d6da40696f6713c8f'),
(16, 'Martin', 'Ayers', 'Diego', 'martinjohnayers@gmail.com', 'e1108aabb94c6045cadc95e8acf91ef0'),
(17, 'Benjamin ', 'Hart', 'Ben', 'ben@benhart.co.uk', '2566ce3b7e59f9f23baeb77e7d4fe044'),
(18, 'Oliver', 'Peck', 'Ollie', 'oliver.peck@rocketmail.com', 'f8b4ad619a9b4f9f50451943b0b268ba'),
(19, 'Mr.', 'Mode', 'Mr. Mode', 'mrmode@julianrimet.com', 'f0c9a442ef67e81b3a1340ae95700eb3'),
(20, 'David', 'Hart', 'David', 'david@davidhart.co.uk', '52ce8dcc2d13295f76dcba6025b0f8ef'),
(21, 'Paul', 'Coupar', 'Coups', 'pcoupar@hotmail.com', '96ed9a860e90485c20c1030095b3b16c'),
(22, 'Tom', 'Peck', 'Zebedee Peck', 'tompeck1000@gmail.com', '9d37874755d2f8f9cd2779996048f97f'),
(23, 'Genevieve', 'Smith', 'Gen', 'gen.smith@gmail.com', 'c4683de7ded706807b711abf5b37f79b'),
(24, 'Suzie', 'Harrison', 'Suzie', 'suzanna.harrison@gmail.com', '35dbb40b2e863c639bca6303eb0f957b'),
(25, 'Ross', 'Allen', 'Ross', 'rceallen@gmail.com', '410e30c15c7c9f7b5dde86ee9227c458'),
(26, 'Mark', 'Spinks', 'Mark S', 'maspinks@hotmail.com', '00a51fd1eea9f936d90f4809e62bc423'),
(27, 'Des', 'McEwan', 'Mond', 'desmcewan@hotmail.com', '8775f5218989f43311488bb6521520e1'),
(28, 'Charlotte', 'Peck', 'Lottie', 'happylottie@hotmail.com', 'efbed475f64469145e9b8d19f838b588'),
(29, 'Archie', 'Bland', 'Archie', 'a.bland@independent.co.uk', 'f0c9a442ef67e81b3a1340ae95700eb3');

-- --------------------------------------------------------

--
-- Table structure for table `UserRole`
--

CREATE TABLE IF NOT EXISTS `UserRole` (
  `UserRoleID` int(11) NOT NULL AUTO_INCREMENT,
  `UserID` int(11) NOT NULL,
  `RoleID` int(11) NOT NULL,
  PRIMARY KEY (`UserRoleID`),
  KEY `FK_UserRole_User` (`UserID`),
  KEY `FK_UserRole_Role` (`RoleID`)
) ENGINE=InnoDB  DEFAULT CHARSET=latin1 AUTO_INCREMENT=5 ;

--
-- Dumping data for table `UserRole`
--

INSERT INTO `UserRole` (`UserRoleID`, `UserID`, `RoleID`) VALUES
(1, 1, 1),
(2, 2, 2),
(3, 3, 3),
(4, 19, 4);

-- --------------------------------------------------------

--
-- Table structure for table `Venue`
--

CREATE TABLE IF NOT EXISTS `Venue` (
  `VenueID` int(11) NOT NULL AUTO_INCREMENT,
  `Name` varchar(50) NOT NULL,
  `City` varchar(50) NOT NULL,
  `Capacity` int(11) NOT NULL,
  PRIMARY KEY (`VenueID`)
) ENGINE=InnoDB  DEFAULT CHARSET=latin1 AUTO_INCREMENT=13 ;

--
-- Dumping data for table `Venue`
--

INSERT INTO `Venue` (`VenueID`, `Name`, `City`, `Capacity`) VALUES
(1, 'Arena de Sao Paulo', 'Sao Paulo', 65807),
(2, 'Arena das Dunas', 'Natal', 42086),
(3, 'Estadio Castelao', 'Fortaleza', 64846),
(4, 'Arena Amazonia', 'Manaus', 42374),
(5, 'Estadio Nacional', 'Brasilia', 68009),
(6, 'Arena Pernambuco', 'Recife', 44248),
(7, 'Arena Fonte Nova', 'Salvador', 48747),
(8, 'Arena Pantanal', 'Cuiaba', 42968),
(9, 'Estadio do Maracana', 'Rio de Janeiro', 76804),
(10, 'Estadio Beira-Rio', 'Porto Alegre', 48849),
(11, 'Arena da Baixada', 'Curitiba', 41456),
(12, 'Estadio Mineirao', 'Belo Horizonte', 62547);

--
-- Constraints for dumped tables
--

--
-- Constraints for table `Emails`
--
ALTER TABLE `Emails`
  ADD CONSTRAINT `FK_Email_Match` FOREIGN KEY (`MatchID`) REFERENCES `Match` (`MatchID`) ON DELETE CASCADE ON UPDATE CASCADE;

--
-- Constraints for table `Match`
--
ALTER TABLE `Match`
  ADD CONSTRAINT `FK_Match_Away_Team` FOREIGN KEY (`AwayTeamID`) REFERENCES `TournamentRole` (`TournamentRoleID`) ON DELETE CASCADE ON UPDATE CASCADE,
  ADD CONSTRAINT `FK_Match_Broadcaster` FOREIGN KEY (`BroadcasterID`) REFERENCES `Broadcaster` (`BroadcasterID`) ON DELETE CASCADE ON UPDATE CASCADE,
  ADD CONSTRAINT `FK_Match_Home_team` FOREIGN KEY (`HomeTeamID`) REFERENCES `TournamentRole` (`TournamentRoleID`) ON DELETE CASCADE ON UPDATE CASCADE,
  ADD CONSTRAINT `FK_Match_Stage` FOREIGN KEY (`StageID`) REFERENCES `Stage` (`StageID`) ON DELETE CASCADE ON UPDATE CASCADE,
  ADD CONSTRAINT `FK_Match_User` FOREIGN KEY (`ResultPostedBy`) REFERENCES `User` (`UserID`) ON DELETE CASCADE ON UPDATE CASCADE,
  ADD CONSTRAINT `FK_Match_Venue` FOREIGN KEY (`VenueID`) REFERENCES `Venue` (`VenueID`) ON DELETE CASCADE ON UPDATE CASCADE;

--
-- Constraints for table `Points`
--
ALTER TABLE `Points`
  ADD CONSTRAINT `FK_Points_Match` FOREIGN KEY (`MatchID`) REFERENCES `Match` (`MatchID`) ON DELETE CASCADE ON UPDATE CASCADE,
  ADD CONSTRAINT `FK_Points_ScoringSystem` FOREIGN KEY (`ScoringSystemID`) REFERENCES `ScoringSystem` (`ScoringSystemID`) ON DELETE CASCADE ON UPDATE CASCADE,
  ADD CONSTRAINT `FK_Points_User` FOREIGN KEY (`UserID`) REFERENCES `User` (`UserID`) ON DELETE CASCADE ON UPDATE CASCADE;

--
-- Constraints for table `Prediction`
--
ALTER TABLE `Prediction`
  ADD CONSTRAINT `FK_Prediction_Match` FOREIGN KEY (`MatchID`) REFERENCES `Match` (`MatchID`) ON DELETE CASCADE ON UPDATE CASCADE,
  ADD CONSTRAINT `FK_Prediction_User` FOREIGN KEY (`UserID`) REFERENCES `User` (`UserID`) ON DELETE CASCADE ON UPDATE CASCADE;

--
-- Constraints for table `RememberMe`
--
ALTER TABLE `RememberMe`
  ADD CONSTRAINT `FK_RememberMe_User` FOREIGN KEY (`UserID`) REFERENCES `User` (`UserID`) ON DELETE CASCADE ON UPDATE CASCADE;

--
-- Constraints for table `TournamentRole`
--
ALTER TABLE `TournamentRole`
  ADD CONSTRAINT `FK_TournamentRole_Group` FOREIGN KEY (`FromGroupID`) REFERENCES `Group` (`GroupID`) ON DELETE CASCADE ON UPDATE CASCADE,
  ADD CONSTRAINT `FK_TournamentRole_Match` FOREIGN KEY (`FromMatchID`) REFERENCES `Match` (`MatchID`) ON DELETE CASCADE ON UPDATE CASCADE,
  ADD CONSTRAINT `FK_TournamentRole_Stage` FOREIGN KEY (`StageID`) REFERENCES `Stage` (`StageID`) ON DELETE CASCADE ON UPDATE CASCADE,
  ADD CONSTRAINT `FK_TournamentRole_Team` FOREIGN KEY (`TeamID`) REFERENCES `Team` (`TeamID`) ON DELETE CASCADE ON UPDATE CASCADE;

--
-- Constraints for table `UserRole`
--
ALTER TABLE `UserRole`
  ADD CONSTRAINT `FK_UserRole_Role` FOREIGN KEY (`RoleID`) REFERENCES `Role` (`RoleID`) ON DELETE CASCADE ON UPDATE CASCADE,
  ADD CONSTRAINT `FK_UserRole_User` FOREIGN KEY (`UserID`) REFERENCES `User` (`UserID`) ON DELETE CASCADE ON UPDATE CASCADE;

/*!40101 SET CHARACTER_SET_CLIENT=@OLD_CHARACTER_SET_CLIENT */;
/*!40101 SET CHARACTER_SET_RESULTS=@OLD_CHARACTER_SET_RESULTS */;
/*!40101 SET COLLATION_CONNECTION=@OLD_COLLATION_CONNECTION */;
